max_camber,camber_pos,thickness,reynolds,aoa,cl,cd
0.085,0.353,0.139,155574,11.0,1.7399,0.03876
0.007,0.68,0.198,866521,15.0,1.2682,0.03034
0.042,0.602,0.145,237400,11.0,1.2608,0.02851
0.085,0.423,0.075,484782,9.6,1.5662,0.03068
0.032,0.218,0.148,362659,6.3,1.0134,0.01432
0.031,0.152,0.152,921627,8.1,1.1459,0.01311
0.082,0.487,0.139,739663,-4.8,0.4536,0.00942
0.09,0.539,0.183,677982,7.8,1.4977,0.02052
0.041,0.355,0.196,436220,7.3,1.1135,0.01476
0.036,0.132,0.098,338358,7.6,1.118,0.0181
0.014,0.371,0.169,320812,-3.7,-0.2028,0.01086
0.053,0.377,0.124,241018,11.7,1.4625,0.02694
0.049,0.788,0.149,810363,1.1,0.5991,0.01215
0.046,0.345,0.117,836475,-1.2,0.3782,0.00777
0.041,0.239,0.133,906403,11.5,1.4951,0.01531
0.003,0.315,0.105,105359,6.9,0.7688,0.02397
0.066,0.133,0.192,237789,14.0,1.4973,0.05321
0.05,0.263,0.177,959988,13.1,1.5925,0.0222
0.004,0.444,0.118,919381,-4.5,-0.43,0.00809
0.022,0.452,0.126,410388,7.4,1.0042,0.01363
0.014,0.435,0.118,557729,4.2,0.727,0.00872
0.099,0.42,0.122,328330,6.5,1.6401,0.01693
0.041,0.176,0.183,695129,2.1,0.469,0.00903
0.03,0.786,0.193,714574,2.5,0.4894,0.00927
0.054,0.714,0.179,518321,7.5,1.1102,0.01771
0.012,0.787,0.195,611128,9.5,1.0111,0.01546
0.025,0.479,0.193,967781,0.3,0.2717,0.00761
0.056,0.229,0.156,149079,11.0,1.4835,0.03898
0.001,0.756,0.132,425224,2.6,0.2898,0.0081
0.034,0.358,0.122,103870,1.9,0.645,0.01576
0.061,0.581,0.146,136296,4.9,0.9425,0.02791
0.089,0.51,0.083,272624,-2.0,0.7781,0.01642
0.074,0.275,0.085,430326,1.6,0.89,0.01251
0.005,0.28,0.074,799130,9.8,1.0282,0.02371
0.083,0.564,0.153,289364,14.5,1.6234,0.06124
0.008,0.574,0.122,858687,12.8,1.2433,0.02335
0.041,0.458,0.074,636907,4.4,0.9447,0.00805
0.062,0.251,0.176,802018,-1.7,0.3826,0.01034
0.035,0.587,0.086,441407,5.7,0.9847,0.01403
0.037,0.684,0.112,768376,-0.8,0.4633,0.00704
0.039,0.769,0.095,288064,-2.7,-0.0908,0.01639
0.095,0.528,0.103,663612,12.6,1.6898,0.05728
0.076,0.62,0.116,597867,-2.4,0.6749,0.0119
0.061,0.76,0.197,409746,14.1,1.4588,0.04479
0.041,0.607,0.146,795365,1.3,0.6835,0.00658
0.08,0.141,0.144,789679,4.0,0.9835,0.01845
0.006,0.599,0.082,830623,3.6,0.523,0.00809
0.093,0.568,0.126,841885,11.8,1.6795,0.04462
0.059,0.501,0.107,105871,-0.7,0.3078,0.03115
0.025,0.311,0.14,668139,7.2,1.0765,0.01096
0.092,0.366,0.183,860176,14.5,1.8981,0.04084
0.009,0.747,0.086,102360,-4.0,-0.4299,0.01587
0.034,0.525,0.125,188965,-0.3,0.2922,0.01418
0.096,0.3,0.107,434542,5.5,1.4292,0.0162
0.039,0.505,0.17,836412,1.2,0.5442,0.00749
0.02,0.511,0.105,930341,1.1,0.3644,0.00481
0.009,0.167,0.152,912817,5.6,0.6765,0.0093
0.083,0.512,0.095,675485,12.8,1.6452,0.05188
0.03,0.457,0.176,668946,7.1,1.0375,0.01158
0.098,0.255,0.089,959454,7.8,1.6506,0.01579
0.075,0.674,0.162,788043,-1.3,0.6502,0.01386
0.039,0.442,0.107,683499,2.3,0.7432,0.0064
0.073,0.208,0.15,136134,-4.3,0.2884,0.04419
0.012,0.664,0.091,594508,9.5,1.089,0.02103
0.035,0.448,0.129,398779,9.0,1.1837,0.0166
0.08,0.601,0.072,593513,7.2,1.4509,0.02528
0.043,0.158,0.081,581271,8.0,1.2331,0.01485
0.091,0.109,0.135,739294,4.0,1.0341,0.02327
0.008,0.164,0.099,615781,-0.3,0.044,0.0051
0.056,0.105,0.08,942128,12.5,1.6794,0.02304
0.061,0.706,0.116,896469,3.3,1.1409,0.00783
0.082,0.743,0.181,371257,7.4,1.364,0.02624
0.013,0.405,0.198,977311,14.0,1.2768,0.02634
0.009,0.602,0.177,918084,8.2,0.9609,0.01235
0.094,0.73,0.144,774864,8.6,1.612,0.03548
0.097,0.543,0.185,816741,14.3,1.7729,0.05716
0.028,0.483,0.176,278213,2.1,0.5205,0.01054
0.028,0.379,0.114,320344,-4.6,-0.2031,0.01314
0.097,0.482,0.163,571311,8.4,1.642,0.01962
0.042,0.366,0.175,697193,14.5,1.4744,0.03667
0.021,0.276,0.077,645178,9.7,1.16,0.02121
0.084,0.269,0.136,163965,-3.2,0.4949,0.03675
0.056,0.121,0.113,580675,-4.4,0.1457,0.0371
0.069,0.792,0.18,898354,0.2,0.5834,0.01808
0.002,0.757,0.165,617095,5.1,0.511,0.00926
0.071,0.689,0.098,800391,1.4,1.0191,0.0135
0.052,0.646,0.122,552720,9.9,1.3665,0.02394
0.005,0.216,0.189,265677,13.1,1.0983,0.03078
0.003,0.748,0.193,688705,-1.8,-0.1142,0.00812
0.006,0.173,0.195,485605,14.2,1.1858,0.0313
0.065,0.534,0.174,681323,13.1,1.5444,0.03828
0.095,0.551,0.182,685411,-1.1,0.8838,0.01056
0.049,0.396,0.077,384795,7.6,1.2369,0.01817
0.043,0.193,0.152,499259,9.7,1.2937,0.01839
0.079,0.471,0.114,241035,-1.6,0.7046,0.01464
0.091,0.48,0.187,818341,2.9,1.0544,0.01223
0.1,0.179,0.175,487236,14.8,1.755,0.05757
0.018,0.596,0.171,456120,7.9,0.968,0.01401
0.083,0.263,0.132,128388,0.6,0.8284,0.02375
0.034,0.644,0.181,543873,4.6,0.7107,0.01059
0.092,0.283,0.102,865676,-2.7,0.6249,0.01287
0.094,0.493,0.11,907765,13.0,1.6957,0.05514
0.04,0.681,0.103,282477,-0.2,0.3041,0.01726
0.076,0.425,0.095,705322,13.1,1.6003,0.04854
0.028,0.405,0.107,170491,9.2,1.0925,0.02524
0.077,0.13,0.187,633558,-1.5,0.4515,0.02224
0.045,0.315,0.18,306248,10.3,1.3553,0.02059
0.065,0.273,0.144,915369,5.4,1.1471,0.01129
0.025,0.461,0.151,842224,6.4,1.0109,0.01019
0.064,0.755,0.109,312997,8.8,1.4436,0.03169
0.066,0.737,0.081,372852,10.1,1.638,0.04679
0.074,0.272,0.186,442592,3.9,0.9775,0.01543
0.084,0.316,0.189,942009,11.1,1.6522,0.02561
0.007,0.61,0.09,522454,2.2,0.4077,0.00654
0.069,0.252,0.158,335858,1.2,0.6868,0.01456
0.056,0.111,0.128,457431,-2.9,0.2732,0.02598
0.083,0.373,0.132,999696,-0.7,0.7623,0.00902
0.086,0.62,0.165,515999,7.5,1.4198,0.02116
0.065,0.229,0.081,848896,14.5,1.6725,0.04424
0.022,0.549,0.172,510476,9.1,1.0629,0.01572
0.086,0.306,0.175,789229,4.0,1.0022,0.01495
0.082,0.346,0.168,833345,11.2,1.708,0.02255
0.077,0.14,0.112,298498,9.8,1.5825,0.03423
0.086,0.79,0.07,365217,1.5,0.8714,0.05188
0.087,0.628,0.107,503113,9.2,1.5594,0.0349
0.006,0.511,0.113,257606,-1.6,-0.1646,0.00955
0.046,0.306,0.192,333607,-0.4,0.3447,0.01074
0.088,0.496,0.117,742046,-2.9,0.7422,0.00862
0.0,0.787,0.146,426846,4.4,0.4853,0.01025
0.035,0.512,0.11,403774,2.3,0.7295,0.00726
0.092,0.644,0.086,693646,0.4,1.0273,0.02081
0.08,0.31,0.122,278568,1.3,0.8988,0.01468
0.012,0.527,0.128,539113,1.6,0.315,0.00646
0.085,0.525,0.158,185136,-4.7,0.0586,0.03583
0.044,0.237,0.169,894948,-4.7,-0.0114,0.00965
0.094,0.578,0.12,644470,-3.5,0.8002,0.01037
0.087,0.582,0.188,501168,-0.4,0.8415,0.01315
0.076,0.347,0.09,133081,5.4,1.348,0.02081
0.045,0.708,0.121,698955,5.3,1.0341,0.01165
0.018,0.534,0.172,728258,-4.2,-0.1774,0.00836
0.031,0.297,0.097,582857,12.3,1.3328,0.02835
0.048,0.577,0.128,421426,-3.7,0.1748,0.01173
0.029,0.699,0.074,455983,-4.6,-0.2498,0.01465
0.037,0.414,0.083,670688,13.7,1.4044,0.04244
0.015,0.488,0.181,306648,4.4,0.6483,0.01216
0.057,0.347,0.197,580077,5.8,1.0773,0.0136
0.033,0.109,0.143,207446,2.7,0.7361,0.01383
0.038,0.349,0.198,307331,10.5,1.2655,0.02117
0.083,0.508,0.088,645728,-4.1,0.5695,0.01012
0.051,0.355,0.188,344935,-2.0,0.3148,0.0119
0.051,0.676,0.108,556602,3.2,1.0112,0.00816
0.022,0.777,0.077,888636,6.5,1.0186,0.01331
0.034,0.222,0.072,845948,3.1,0.6872,0.00744
0.034,0.646,0.135,135393,-4.3,-0.4752,0.0221
0.001,0.475,0.087,348702,2.9,0.4333,0.00846
0.036,0.47,0.093,804459,-0.9,0.3534,0.0061
0.017,0.795,0.166,312104,2.7,0.4731,0.01027
0.05,0.543,0.096,919312,3.1,0.9763,0.00581
0.057,0.459,0.121,536387,4.6,1.131,0.00909
0.088,0.383,0.128,420734,2.2,1.0836,0.01262
0.041,0.101,0.086,868626,7.6,1.1636,0.01472
0.007,0.337,0.159,276617,-1.1,-0.0381,0.00948
0.091,0.245,0.196,698948,1.8,0.7405,0.01642
0.027,0.468,0.144,439257,2.9,0.7018,0.00867
0.047,0.123,0.174,257522,6.3,0.95,0.02064
0.031,0.181,0.165,253371,12.0,1.3708,0.02718
0.094,0.55,0.099,815549,8.7,1.6245,0.02717
0.002,0.754,0.135,790834,10.1,1.0935,0.01616
0.071,0.706,0.149,657619,1.8,0.869,0.01731
0.007,0.342,0.095,830380,13.8,1.2811,0.02994
0.072,0.316,0.185,957841,10.0,1.5178,0.01963
0.051,0.327,0.123,388130,8.5,1.3478,0.01473
0.062,0.486,0.154,183064,-2.5,0.2968,0.02021
0.08,0.12,0.171,881928,-1.7,0.4687,0.02648
0.052,0.101,0.107,955824,12.1,1.5564,0.02539
0.069,0.155,0.112,325208,6.5,1.2586,0.02125
0.042,0.727,0.07,891194,2.0,0.85,0.00709
0.014,0.539,0.118,817980,3.8,0.6356,0.0076
0.065,0.797,0.142,671647,-3.6,0.0871,0.02558
0.04,0.221,0.126,612640,5.7,1.0146,0.01151
0.025,0.623,0.127,532088,7.3,0.999,0.01335
0.024,0.641,0.198,972900,-0.6,0.1846,0.00727
0.049,0.431,0.197,717819,-4.0,0.1196,0.00951
0.009,0.443,0.193,392584,10.6,1.0611,0.02011
0.058,0.326,0.139,661028,9.7,1.4711,0.0148
0.087,0.387,0.157,383574,6.8,1.4624,0.01704
0.012,0.362,0.147,638554,8.6,1.0713,0.01411
0.091,0.247,0.171,693667,7.1,1.3536,0.02088
0.05,0.486,0.15,777259,4.0,0.9819,0.00799
0.043,0.463,0.089,422294,4.2,0.959,0.00836
0.091,0.431,0.135,513621,6.5,1.5204,0.01423
0.08,0.255,0.161,637711,-3.5,0.4077,0.01242
0.032,0.744,0.136,964203,6.9,1.0302,0.01233
0.035,0.41,0.128,671565,14.5,1.407,0.04045
0.037,0.382,0.176,956559,0.1,0.3655,0.00788
0.033,0.22,0.086,984654,4.9,0.8762,0.0083
0.088,0.783,0.174,547635,-3.9,0.1217,0.03341
0.002,0.327,0.082,172801,1.1,0.1793,0.0098
0.059,0.741,0.071,838930,10.7,1.5916,0.06099
0.003,0.639,0.09,688066,6.4,0.7526,0.01266
0.091,0.469,0.126,768374,-3.8,0.6452,0.00921
0.097,0.36,0.078,392337,-4.2,0.4943,0.04751
0.013,0.423,0.144,950177,-1.1,0.0435,0.0064
0.069,0.253,0.184,858553,13.8,1.6968,0.03159
0.089,0.325,0.144,285609,2.5,1.0464,0.01642
0.054,0.142,0.112,345809,14.6,1.704,0.04171
0.057,0.316,0.169,675275,0.4,0.5389,0.01023
0.056,0.454,0.147,331019,12.8,1.4549,0.03549
0.078,0.559,0.086,170653,10.8,1.4994,0.05125
0.064,0.753,0.124,485665,0.1,0.5599,0.02472
0.054,0.3,0.08,877410,-2.3,0.3325,0.00844
0.038,0.616,0.074,916687,4.8,0.9736,0.01138
0.065,0.185,0.093,222343,-4.1,0.2082,0.04539
0.063,0.232,0.133,818518,12.3,1.6742,0.0205
0.097,0.758,0.186,339086,13.8,1.732,0.06413
0.08,0.713,0.09,358276,12.0,1.7294,0.06054
0.081,0.793,0.122,869059,12.7,1.8748,0.05261
0.021,0.448,0.083,302433,-1.2,0.0898,0.00767
0.032,0.736,0.123,753907,6.8,1.0492,0.01277
0.056,0.323,0.112,844390,11.4,1.5218,0.02145
0.009,0.602,0.188,641934,-0.5,0.0653,0.00801
0.019,0.575,0.149,789517,-1.7,0.0892,0.00676
0.027,0.749,0.178,233430,9.0,1.033,0.01931
0.082,0.309,0.159,144938,-2.4,0.5437,0.02458
0.081,0.264,0.199,817000,14.5,1.7573,0.04026
0.098,0.433,0.198,902021,-2.2,0.6016,0.01103
0.074,0.115,0.107,833857,14.3,1.7726,0.03805
0.095,0.661,0.129,424099,13.4,1.7351,0.06771
0.006,0.737,0.111,760349,-4.3,-0.4077,0.00878
0.029,0.541,0.134,428111,14.3,1.3131,0.04191
0.024,0.354,0.186,662066,-1.4,0.1042,0.00836
0.062,0.207,0.094,535941,-0.7,0.5255,0.01386
0.015,0.257,0.198,954671,10.6,1.2163,0.01541
0.055,0.669,0.191,874441,14.3,1.5526,0.04007
0.08,0.202,0.148,388858,-1.9,0.5448,0.02503
0.015,0.598,0.071,973483,9.4,1.1153,0.02358
0.051,0.706,0.102,265697,11.4,1.5113,0.04277
0.007,0.376,0.079,491811,7.9,0.885,0.01945
0.077,0.226,0.186,872713,10.2,1.474,0.02529
0.076,0.39,0.124,179697,11.1,1.7317,0.02673
0.036,0.351,0.088,938397,-1.8,0.2187,0.0068
0.052,0.629,0.111,659973,-1.2,0.5813,0.00826
0.05,0.795,0.165,423676,3.9,0.9143,0.01297
0.017,0.344,0.072,495845,-4.1,-0.3421,0.01152
0.051,0.592,0.185,323484,9.0,1.2108,0.02035
0.046,0.538,0.112,355654,9.4,1.26,0.02291
0.009,0.674,0.14,312486,3.0,0.4446,0.00936
0.08,0.461,0.094,102803,7.0,1.1834,0.05516
0.038,0.33,0.165,215347,-0.4,0.3322,0.01111
0.075,0.466,0.073,322324,12.4,1.5617,0.0606
0.038,0.2,0.137,776137,3.4,0.8221,0.00981
0.047,0.366,0.07,597624,5.9,1.1156,0.01077
0.087,0.359,0.117,195366,-4.4,0.4035,0.04707
0.072,0.226,0.172,544489,8.8,1.366,0.02156
0.06,0.722,0.122,227660,11.0,1.4565,0.04054
0.055,0.313,0.11,536737,-2.1,0.3709,0.0094
0.018,0.751,0.129,285178,2.2,0.4758,0.0086
0.019,0.775,0.137,836368,1.6,0.4442,0.00657
0.048,0.21,0.134,583606,2.5,0.7984,0.01035
0.079,0.409,0.082,360269,-0.7,0.8088,0.01015
0.033,0.781,0.145,507246,11.6,1.3445,0.02478
0.027,0.639,0.193,451866,6.4,0.8787,0.01294
0.002,0.569,0.113,595496,9.0,0.9734,0.01723
0.063,0.314,0.163,182393,12.2,1.6367,0.0336
0.03,0.706,0.1,970832,10.2,1.3468,0.0191
0.094,0.512,0.166,977253,11.2,1.7496,0.0314
0.069,0.371,0.095,851503,-3.9,0.3499,0.00919
0.1,0.239,0.096,912278,11.3,1.8895,0.02288
0.037,0.51,0.09,150964,3.3,0.7991,0.01362
0.1,0.304,0.173,470599,14.1,1.9472,0.0386
0.086,0.356,0.156,422446,9.5,1.6434,0.02086
0.035,0.225,0.141,958702,1.4,0.4498,0.00714
0.034,0.197,0.17,180700,12.9,1.4219,0.03481
0.064,0.494,0.194,614385,8.7,1.3408,0.0185
0.097,0.25,0.105,805749,-2.3,0.6357,0.03442
0.087,0.323,0.181,370185,-0.0,0.6894,0.01502
0.079,0.16,0.176,186218,-3.9,0.3978,0.03553
0.061,0.487,0.071,874076,-2.7,0.4597,0.00724
0.068,0.797,0.109,875244,-0.3,0.6232,0.02646
0.073,0.58,0.1,339415,6.1,1.4423,0.01232
0.086,0.105,0.072,200592,2.8,1.01,0.02412
0.074,0.466,0.112,213410,11.0,1.5854,0.03
0.071,0.405,0.111,334070,14.4,1.4955,0.06767
0.038,0.209,0.112,202456,11.3,1.4369,0.02445
0.013,0.663,0.083,455282,-4.6,-0.4578,0.01208
0.072,0.399,0.2,259513,8.5,1.4211,0.02243
0.044,0.716,0.12,597096,11.8,1.4618,0.0295
0.011,0.671,0.115,411850,10.1,1.0814,0.02209
0.08,0.242,0.163,891958,-0.2,0.6374,0.01203
0.087,0.214,0.155,635541,13.9,1.8199,0.03646
0.075,0.192,0.115,447300,4.9,1.1275,0.01718
0.094,0.667,0.16,710430,9.2,1.5706,0.03245
0.022,0.419,0.147,217086,-3.4,-0.146,0.01372
0.034,0.207,0.193,566685,0.7,0.2962,0.00883
0.018,0.453,0.135,493933,0.1,0.2187,0.00685
0.006,0.447,0.074,948342,-4.5,-0.4819,0.00931
0.004,0.342,0.138,489191,3.6,0.4384,0.00883
0.07,0.166,0.084,866160,10.0,1.6232,0.01863
0.08,0.35,0.147,564436,14.8,1.8456,0.0381
0.095,0.615,0.155,697931,-1.8,0.8299,0.0133
0.048,0.467,0.174,382541,3.4,0.9421,0.01072
0.079,0.249,0.114,185133,9.3,1.6566,0.03121
0.038,0.586,0.174,471665,9.9,1.1966,0.0197
0.094,0.284,0.17,568599,0.6,0.7715,0.0149
0.087,0.716,0.197,157125,-2.9,-0.0298,0.0477
0.049,0.771,0.145,399604,12.4,1.4809,0.03526
0.062,0.655,0.071,419549,5.1,1.1926,0.01765
0.021,0.472,0.189,950517,-4.8,-0.2057,0.00838
0.073,0.244,0.196,813397,3.7,0.9565,0.01375
0.092,0.557,0.105,826992,-4.0,0.7358,0.00883
0.06,0.295,0.141,430621,-1.2,0.4827,0.01094
0.03,0.618,0.177,726736,14.9,1.4127,0.03648
0.071,0.155,0.151,457424,14.9,1.7212,0.04337
0.019,0.179,0.077,643561,11.9,1.2695,0.02822
0.065,0.146,0.19,601440,10.3,1.29,0.03028
0.041,0.555,0.175,511776,-0.8,0.4182,0.00882
0.071,0.346,0.176,332726,-2.6,0.4392,0.01305
0.014,0.404,0.177,359228,7.0,1.014,0.01454
0.015,0.365,0.173,854457,-1.3,0.0316,0.00734
0.0,0.384,0.168,597522,7.9,0.86,0.01354
0.021,0.573,0.073,838089,-4.7,-0.2629,0.00948
0.024,0.417,0.121,500411,-2.8,-0.0014,0.00825
0.008,0.704,0.094,957216,-0.7,0.0628,0.00466
0.049,0.555,0.129,941143,-2.3,0.4017,0.00681
0.003,0.705,0.175,978782,-2.6,-0.1937,0.0071
0.086,0.614,0.148,368791,-3.8,0.2205,0.02916
0.011,0.547,0.169,260819,14.9,1.1625,0.04428
0.091,0.603,0.152,845574,6.1,1.4727,0.01491
0.086,0.316,0.15,262323,13.8,1.8983,0.03752
0.071,0.285,0.115,350110,3.9,1.0853,0.01343
0.066,0.518,0.155,254227,8.9,1.4344,0.01947
0.083,0.608,0.072,162102,-0.1,0.5222,0.04382
0.004,0.611,0.173,960193,3.2,0.3335,0.00738
0.029,0.523,0.088,579765,-0.3,0.3444,0.00575
0.086,0.556,0.163,677610,12.5,1.6612,0.04103
0.02,0.738,0.153,657384,3.8,0.5952,0.00854
0.068,0.712,0.191,383106,9.9,1.3263,0.02773
0.083,0.258,0.152,415689,8.3,1.4644,0.0213
0.056,0.582,0.133,660555,4.1,1.097,0.00762
0.052,0.39,0.158,906772,-4.7,0.0929,0.00879
0.097,0.384,0.12,240965,-2.4,0.7448,0.02454
0.014,0.718,0.13,156332,-1.0,-0.1261,0.01609
0.088,0.766,0.168,740047,9.1,1.5844,0.03444
0.017,0.279,0.104,903627,3.2,0.5924,0.00701
0.004,0.297,0.145,269437,5.3,0.7645,0.01354
0.089,0.64,0.18,128501,12.5,1.6761,0.04664
0.037,0.466,0.099,419765,-0.6,0.385,0.00722
0.048,0.655,0.145,319011,-1.9,0.1474,0.01931
0.077,0.347,0.133,810608,11.4,1.7416,0.01903
0.094,0.397,0.085,936406,2.4,1.2487,0.00947
0.072,0.322,0.078,287517,11.5,1.5222,0.03945
0.094,0.589,0.136,284664,8.5,1.6391,0.02528
0.041,0.313,0.172,924776,10.5,1.3775,0.01494
0.033,0.743,0.161,880723,-2.9,0.0837,0.00885
0.002,0.547,0.072,680424,-4.4,-0.5076,0.00988
0.096,0.46,0.146,617203,5.2,1.4361,0.01297
0.093,0.248,0.191,508066,-0.5,0.6051,0.01625
0.072,0.746,0.096,508711,5.8,1.3379,0.02277
0.054,0.494,0.071,494979,2.1,0.8969,0.00654
0.068,0.455,0.166,371417,-1.2,0.6233,0.01131
0.002,0.342,0.197,179253,0.5,0.0684,0.01368
0.058,0.571,0.088,227597,4.4,1.1659,0.01218
0.003,0.432,0.1,220744,3.3,0.5165,0.00999
0.057,0.793,0.161,813992,-0.7,0.4617,0.01607
0.082,0.554,0.18,591075,11.2,1.5847,0.03301
0.038,0.312,0.094,754292,5.6,1.0073,0.00885
0.059,0.533,0.094,804110,14.0,1.6114,0.04407
0.021,0.723,0.153,906792,3.7,0.5984,0.00796
0.008,0.658,0.182,455841,5.0,0.5255,0.01022
0.076,0.659,0.164,434596,14.9,1.6212,0.0599
0.035,0.727,0.178,284447,11.4,1.2153,0.02648
0.005,0.688,0.111,342073,1.1,0.2012,0.00706
0.023,0.364,0.116,237637,8.7,1.0676,0.01917
0.0,0.687,0.109,412361,-2.8,-0.3588,0.00839
0.074,0.526,0.122,850723,0.5,0.9706,0.0074
0.017,0.22,0.094,684711,9.3,1.1178,0.0165
0.09,0.151,0.179,644129,7.0,1.0711,0.02738
0.05,0.666,0.123,285873,12.5,1.4254,0.04173
0.011,0.724,0.099,457834,0.3,0.189,0.00641
0.054,0.508,0.136,569239,5.2,1.1329,0.00924
0.045,0.136,0.157,944078,7.7,1.1429,0.01477
0.036,0.774,0.15,412997,-2.0,0.0638,0.0156
0.058,0.506,0.135,102249,-4.0,-0.1544,0.03761
0.009,0.164,0.087,136250,0.1,0.0617,0.01162
0.038,0.617,0.156,602382,0.6,0.5657,0.00746
0.003,0.583,0.105,990392,7.5,0.8901,0.01215
0.067,0.323,0.145,462176,0.7,0.7017,0.01147
0.097,0.664,0.073,944520,-2.8,1.0473,0.00939
0.096,0.757,0.173,691597,8.5,1.5777,0.03577
0.052,0.303,0.127,913140,13.4,1.5749,0.02871
0.051,0.278,0.09,434203,0.6,0.5866,0.00971
0.046,0.521,0.114,141273,-1.1,0.2181,0.0224
0.034,0.61,0.105,573078,13.6,1.4161,0.03813
0.023,0.298,0.131,438872,12.5,1.2545,0.0275
0.064,0.162,0.112,800351,12.7,1.6938,0.02376
0.08,0.793,0.192,809123,4.1,1.0945,0.02074
0.005,0.368,0.113,367069,-3.8,-0.4304,0.0104
0.098,0.53,0.102,697820,-2.5,0.9389,0.00899
0.071,0.735,0.139,894973,10.2,1.5727,0.03043
0.042,0.748,0.176,337469,7.3,1.0137,0.01649
0.043,0.324,0.136,468710,11.1,1.416,0.01848
0.083,0.141,0.105,864798,13.8,1.8278,0.03446
0.057,0.616,0.183,585706,0.7,0.6917,0.00921
0.07,0.171,0.128,809787,1.3,0.762,0.01343
0.067,0.675,0.071,847089,11.5,1.673,0.05213
0.008,0.322,0.114,715097,1.2,0.203,0.00569
0.047,0.754,0.139,978563,6.1,1.1058,0.01329
0.081,0.506,0.081,812631,-1.2,0.8708,0.00723
0.042,0.453,0.108,909052,7.6,1.1917,0.01298
0.002,0.661,0.151,566132,3.4,0.3509,0.00802
0.009,0.192,0.123,563763,9.0,1.0535,0.01536
0.012,0.193,0.169,228730,6.6,0.9805,0.01739
0.064,0.359,0.084,905015,11.6,1.5746,0.02721
0.088,0.281,0.07,318679,9.4,1.7739,0.02135
0.002,0.437,0.179,383932,14.2,1.1257,0.03451
0.014,0.678,0.133,764104,1.6,0.3614,0.00643
0.016,0.195,0.164,799370,-3.8,-0.2002,0.00781
0.008,0.408,0.109,336311,5.9,0.7714,0.01277
0.029,0.665,0.155,676487,-4.7,-0.1149,0.00969
0.021,0.164,0.192,212823,13.0,1.2719,0.03214
0.031,0.714,0.178,251566,-3.9,-0.3107,0.01975
0.029,0.686,0.173,297518,-0.3,0.2086,0.01205
0.087,0.484,0.125,690715,8.1,1.6239,0.01487
0.031,0.218,0.125,915853,1.2,0.4105,0.00666
0.038,0.712,0.157,420765,12.4,1.3419,0.02944
0.039,0.185,0.142,930626,7.6,1.1661,0.01229
0.047,0.323,0.171,274562,10.6,1.4017,0.02147
0.009,0.665,0.158,185017,-2.6,-0.2986,0.01546
0.039,0.454,0.127,280729,5.3,1.0219,0.01146
0.067,0.27,0.192,910854,4.5,1.0135,0.0128
0.076,0.115,0.091,896564,9.9,1.5762,0.02424
0.06,0.771,0.143,220929,9.0,1.3625,0.02661
0.025,0.226,0.15,935611,-2.7,-0.0027,0.00815
0.091,0.537,0.075,893650,8.9,1.6105,0.03058
0.036,0.1,0.19,852733,8.2,1.0628,0.01784
0.039,0.432,0.117,504371,8.5,1.2065,0.01522
0.067,0.246,0.1,213901,-3.6,0.2967,0.03744
0.005,0.369,0.08,396065,4.1,0.5444,0.01007
0.073,0.328,0.177,220243,6.6,1.3556,0.0214
0.06,0.333,0.152,195653,12.4,1.627,0.0293
0.065,0.387,0.091,800454,6.8,1.3934,0.01019
0.006,0.165,0.101,427608,-0.9,-0.0449,0.00607
0.013,0.524,0.098,492937,10.6,1.1447,0.02461
0.028,0.35,0.113,996034,8.7,1.1729,0.01382
0.094,0.328,0.082,673930,11.4,1.7597,0.0321
0.092,0.676,0.096,724801,12.5,1.81,0.059
0.009,0.588,0.17,191938,12.2,1.0726,0.03048
0.087,0.486,0.084,386195,-3.6,0.6292,0.01391
0.037,0.619,0.114,180008,3.8,0.8313,0.01292
0.082,0.56,0.147,692239,2.9,1.2371,0.00932
0.032,0.109,0.18,821815,-2.6,0.0825,0.0102
0.064,0.21,0.114,886513,9.1,1.468,0.01508
0.075,0.324,0.098,833828,0.7,0.8409,0.0096
0.018,0.636,0.072,942080,3.5,0.6199,0.00825
0.012,0.231,0.071,678258,-2.0,-0.0921,0.00723
0.07,0.266,0.155,276703,-5.0,0.2371,0.02681
0.016,0.296,0.121,857968,5.5,0.8677,0.00902
0.094,0.423,0.076,944734,-2.4,0.8012,0.00855
0.026,0.744,0.152,419869,4.5,0.7179,0.01038
0.03,0.469,0.136,225647,-0.3,0.304,0.01034
0.034,0.128,0.125,714465,8.7,1.196,0.01546
0.079,0.584,0.199,468086,8.8,1.3945,0.02513
0.009,0.286,0.102,108792,3.1,0.5468,0.0131
0.018,0.143,0.087,100367,-2.2,-0.2164,0.01948
0.004,0.638,0.14,850418,1.7,0.2172,0.00635
0.045,0.182,0.153,979112,1.9,0.563,0.00897
0.035,0.144,0.073,797928,2.8,0.6501,0.00846
0.076,0.431,0.121,223100,8.7,1.632,0.01938
0.037,0.637,0.137,348286,1.3,0.5948,0.00996
0.032,0.543,0.095,809386,12.4,1.4134,0.02649
0.036,0.311,0.173,572214,7.3,1.1044,0.01278
0.08,0.307,0.168,763594,10.9,1.6495,0.02255
0.019,0.732,0.191,209227,13.3,1.1513,0.03445
0.041,0.112,0.193,979018,7.1,1.0475,0.01609
0.037,0.294,0.128,722220,-2.1,0.1848,0.00828
0.081,0.467,0.195,520511,2.3,0.9188,0.01253
0.094,0.49,0.199,881257,7.5,1.5004,0.02042
0.032,0.694,0.082,128782,-2.8,-0.1517,0.0172
0.055,0.724,0.118,644090,0.2,0.6123,0.01555
0.02,0.411,0.093,201577,-4.3,-0.4192,0.01713
0.035,0.25,0.16,735996,12.8,1.4667,0.02037
0.099,0.499,0.127,864129,12.9,1.7621,0.04917
0.027,0.171,0.114,708010,-0.7,0.2117,0.00823
0.095,0.647,0.159,412120,0.9,0.7745,0.03218
0.04,0.142,0.113,520420,6.5,1.0501,0.01426
0.047,0.189,0.164,214997,2.7,0.8199,0.01546
0.073,0.757,0.109,261302,9.4,1.5179,0.04024
0.096,0.559,0.118,774539,2.6,1.4523,0.00902
0.073,0.362,0.183,352706,4.4,1.1051,0.01488
0.078,0.324,0.188,796460,5.1,1.1441,0.01435
0.037,0.654,0.086,825153,2.0,0.7685,0.0053
0.048,0.204,0.139,991547,13.9,1.6957,0.02083
0.032,0.208,0.198,411113,5.4,0.8609,0.01499
0.059,0.427,0.108,317721,3.4,1.0334,0.01024
0.045,0.348,0.196,438068,13.3,1.4347,0.03053
0.098,0.547,0.169,907329,13.1,1.772,0.04809
0.06,0.574,0.123,604415,12.5,1.5019,0.03674
0.099,0.34,0.143,174959,8.6,1.7266,0.03133
0.07,0.318,0.128,375237,-2.5,0.4728,0.01228
0.083,0.408,0.112,267186,14.9,1.5522,0.08075
0.027,0.465,0.082,658722,11.5,1.3021,0.02895
0.072,0.198,0.17,788664,12.3,1.5983,0.02944
0.06,0.149,0.111,824093,2.5,0.8093,0.01289
0.046,0.143,0.156,926007,-3.1,0.1536,0.01039
0.012,0.794,0.169,607609,-1.3,0.0546,0.00732
0.002,0.672,0.119,351962,7.3,0.8447,0.01581
0.01,0.514,0.102,807245,7.1,0.891,0.01242
0.038,0.499,0.081,923448,12.8,1.4622,0.03216
0.049,0.421,0.084,849835,10.2,1.4184,0.02077
0.015,0.601,0.077,325862,-2.5,-0.1991,0.00985
0.005,0.443,0.082,190677,-3.3,-0.3988,0.011
0.092,0.585,0.147,485801,2.3,1.2675,0.01332
0.015,0.431,0.08,864635,-3.3,-0.1737,0.00759
0.089,0.179,0.132,324261,7.0,1.3625,0.0258
0.076,0.313,0.081,798045,4.0,1.1907,0.00974
0.094,0.546,0.164,601124,2.6,1.2477,0.01148
0.043,0.368,0.108,243951,-2.2,0.2419,0.01184
0.077,0.224,0.162,553889,7.1,1.2718,0.01891
0.019,0.229,0.185,769066,-1.3,0.0457,0.00774
0.043,0.293,0.139,198977,7.4,1.217,0.01899
0.034,0.46,0.117,294530,5.6,0.9928,0.01109
0.023,0.601,0.183,397046,-2.0,0.0859,0.00989
0.084,0.56,0.17,666056,1.4,1.0505,0.00999
0.075,0.492,0.169,148770,9.7,1.4878,0.03093
0.017,0.14,0.119,409081,11.5,1.2513,0.02057
0.031,0.679,0.094,140615,6.3,0.9699,0.02063
0.074,0.273,0.121,943647,13.4,1.862,0.02191
0.012,0.383,0.129,169090,0.0,0.1674,0.01208
0.04,0.727,0.138,707493,13.4,1.4873,0.03179
0.068,0.249,0.096,657749,-2.9,0.3886,0.02532
0.008,0.332,0.192,767607,6.7,0.7136,0.01051
0.052,0.538,0.171,647969,-2.8,0.3436,0.0087
0.021,0.192,0.128,483927,8.3,1.0976,0.01367
0.009,0.13,0.157,833763,-0.7,0.0114,0.00671
0.001,0.636,0.084,322455,6.0,0.6739,0.01555
0.008,0.782,0.15,108036,-1.4,-0.2955,0.01994
0.031,0.756,0.197,147697,7.4,0.9634,0.01986
0.012,0.628,0.13,533609,8.4,1.0009,0.01511
0.092,0.545,0.097,844892,2.7,1.4391,0.00802
0.018,0.694,0.087,611698,3.7,0.6551,0.00851
0.086,0.642,0.149,408668,9.9,1.5781,0.03154
0.058,0.217,0.145,656381,6.1,1.1204,0.01372
0.085,0.775,0.093,510585,12.6,1.834,0.06721
0.014,0.313,0.075,148688,0.2,0.1133,0.01071
0.079,0.11,0.19,204148,3.9,0.7236,0.0285
0.057,0.199,0.183,194579,1.2,0.6603,0.0148
0.072,0.637,0.083,685867,2.1,1.2277,0.00855
0.048,0.206,0.145,428014,-0.7,0.405,0.01119
0.032,0.286,0.121,770645,9.6,1.2728,0.01443
0.007,0.306,0.143,731166,-4.2,-0.3349,0.00812
0.038,0.189,0.173,598119,2.6,0.5991,0.01015
0.036,0.118,0.1,953787,-2.3,0.1283,0.01015
0.027,0.564,0.175,865671,6.0,0.9269,0.01014
0.035,0.765,0.177,115337,11.6,1.2513,0.03373
0.079,0.3,0.113,244513,12.2,1.8494,0.02841
0.018,0.126,0.137,548756,-0.0,0.1572,0.0068
0.015,0.249,0.092,656833,0.1,0.1703,0.00502
0.006,0.332,0.137,926259,3.5,0.4118,0.00688
0.015,0.124,0.168,487613,10.9,1.1422,0.01974
0.032,0.566,0.143,878759,-0.5,0.377,0.0064
0.059,0.453,0.108,430152,3.5,1.0584,0.00893
0.041,0.774,0.185,104762,5.4,0.815,0.02102
0.076,0.335,0.103,717497,14.1,1.6319,0.0522
0.074,0.65,0.134,964872,9.8,1.5114,0.02728
0.015,0.311,0.16,973733,-3.3,-0.1541,0.00758
0.048,0.513,0.152,195429,-0.2,0.4439,0.01608
0.041,0.685,0.171,882357,1.7,0.6067,0.00769
0.002,0.54,0.091,702296,14.1,1.1012,0.05056
0.055,0.743,0.078,829239,8.5,1.5051,0.02367
0.03,0.704,0.168,169222,-0.7,0.0458,0.02042
0.099,0.404,0.102,637370,-2.0,0.8593,0.01033
0.092,0.45,0.097,302525,3.2,1.3614,0.0122
0.007,0.651,0.078,239380,2.5,0.4381,0.00753
0.047,0.758,0.1,514628,10.6,1.4965,0.03148
0.07,0.407,0.187,981105,13.0,1.6699,0.03047
0.008,0.206,0.138,206439,9.8,1.0281,0.02188
0.075,0.411,0.108,174769,-2.1,0.5716,0.01809
0.003,0.792,0.19,258707,12.8,1.0563,0.02989
0.082,0.555,0.169,500482,2.0,1.0756,0.01135
0.006,0.784,0.071,376178,5.8,0.6954,0.01723
0.048,0.615,0.115,914030,11.1,1.44,0.02399
0.006,0.38,0.079,318226,-2.8,-0.3467,0.0093
0.033,0.398,0.076,462574,0.3,0.4486,0.00554
0.091,0.374,0.134,740150,-1.0,0.7896,0.01011
0.009,0.368,0.121,316338,14.3,1.1787,0.04567
0.1,0.117,0.166,172496,11.3,1.4069,0.06668
0.029,0.365,0.119,875811,0.1,0.3215,0.00585
0.085,0.555,0.171,104180,-3.4,-0.1813,0.05995
0.037,0.634,0.136,732585,0.5,0.577,0.00651
0.011,0.661,0.19,784859,14.1,1.2628,0.02704
0.032,0.397,0.145,362752,9.4,1.1909,0.0165
0.095,0.482,0.135,350994,12.1,1.8078,0.03431
0.031,0.124,0.17,316928,6.0,0.9387,0.01695
0.022,0.394,0.084,706583,2.2,0.5421,0.00576
0.006,0.498,0.187,106529,-4.4,-0.661,0.0246
0.074,0.241,0.113,844277,10.6,1.6621,0.01768
0.068,0.281,0.085,443482,8.7,1.5426,0.01601
0.008,0.467,0.186,389421,9.8,1.0412,0.01817
0.003,0.756,0.15,714824,14.8,1.2442,0.03229
0.019,0.283,0.087,959268,13.8,1.3759,0.02998
0.025,0.783,0.116,780231,11.2,1.3526,0.02161
0.058,0.479,0.13,489617,4.2,1.109,0.00919
0.084,0.102,0.152,144267,8.4,0.6551,0.1191
0.002,0.43,0.158,793967,3.5,0.3464,0.00738
0.076,0.127,0.105,910164,7.1,1.3212,0.01901
0.067,0.397,0.182,414223,3.4,0.9948,0.01229
0.064,0.608,0.124,293431,6.8,1.3388,0.01472
0.011,0.239,0.142,898252,3.4,0.4464,0.00726
0.017,0.738,0.167,717725,1.8,0.3679,0.0075
0.039,0.107,0.153,967199,-2.8,0.1211,0.01024
0.039,0.211,0.165,439861,12.1,1.4099,0.02289
0.024,0.369,0.078,474891,-1.2,0.1456,0.00621
0.063,0.232,0.19,267099,7.7,1.2356,0.0226
0.029,0.767,0.177,102536,12.4,1.2582,0.0384
0.017,0.421,0.107,181301,5.6,0.8182,0.01306
0.073,0.187,0.142,850153,9.7,1.4867,0.02037
0.037,0.28,0.184,998998,8.1,1.1792,0.01217
0.049,0.469,0.096,461211,4.2,1.0308,0.00832
0.069,0.3,0.134,994232,10.3,1.6119,0.01549
0.097,0.379,0.142,323392,1.8,1.0885,0.01494
0.071,0.672,0.128,635576,4.4,1.2467,0.01176
0.073,0.665,0.084,808123,6.8,1.4064,0.0225
0.074,0.408,0.183,781254,6.1,1.259,0.01336
0.015,0.291,0.104,910187,1.8,0.3665,0.00583
0.007,0.636,0.19,911821,4.9,0.4564,0.00841
0.012,0.265,0.083,334659,-0.5,0.1082,0.00695
0.091,0.534,0.116,246689,6.6,1.6443,0.01836
0.073,0.705,0.186,911085,-4.5,0.1003,0.01875
0.048,0.787,0.159,511086,12.5,1.4751,0.03184
0.087,0.692,0.146,160381,10.3,1.6375,0.03767
0.077,0.793,0.137,803142,13.9,1.8504,0.0568
0.089,0.393,0.172,235850,11.9,1.7623,0.03372
0.015,0.504,0.173,958883,2.1,0.3578,0.0071
0.001,0.153,0.113,690434,-4.4,-0.501,0.00901
0.094,0.693,0.183,662054,5.4,1.2848,0.02284
0.024,0.119,0.11,997992,9.0,1.1895,0.01265
0.063,0.382,0.126,215853,6.6,1.3553,0.01715
0.055,0.792,0.121,435746,5.1,1.1452,0.01584
0.029,0.417,0.132,541841,4.7,0.8957,0.009
0.088,0.703,0.194,520361,9.4,1.4435,0.03233
0.077,0.469,0.197,709068,15.0,1.6639,0.05359
0.073,0.623,0.155,163717,-4.5,-0.2026,0.04179
0.084,0.783,0.111,927951,8.9,1.692,0.03808
0.017,0.566,0.076,137016,4.0,0.6617,0.01121
0.005,0.394,0.102,661838,5.9,0.7546,0.0114
0.039,0.373,0.169,275807,-1.3,0.2847,0.01104
0.005,0.442,0.145,455903,13.0,1.1466,0.02792
0.007,0.368,0.131,912188,13.2,1.2636,0.02293
0.097,0.214,0.193,416160,13.1,1.7121,0.04493
0.089,0.467,0.091,696622,4.4,1.4535,0.00913
0.04,0.678,0.163,823780,12.6,1.4151,0.02637
0.031,0.351,0.133,143068,-2.9,-0.0637,0.01799
0.002,0.144,0.074,131793,4.5,0.527,0.01573
0.036,0.42,0.135,928462,0.7,0.4716,0.00646
0.076,0.264,0.112,427215,-3.9,0.3805,0.03495
0.074,0.105,0.123,904823,11.4,1.5013,0.02995
0.038,0.263,0.127,447370,12.1,1.429,0.02167
0.055,0.618,0.128,713985,7.9,1.2705,0.01626
0.073,0.495,0.164,453692,9.4,1.4961,0.01982
0.065,0.189,0.13,389529,12.8,1.7116,0.03012
0.048,0.791,0.141,696328,13.6,1.6092,0.03703
0.084,0.652,0.166,738151,6.4,1.3286,0.01921
0.052,0.195,0.194,552558,-4.9,0.068,0.01237
0.052,0.583,0.109,606947,12.6,1.4831,0.03587
0.03,0.796,0.137,910428,0.3,0.3972,0.0069
0.086,0.596,0.138,718710,14.0,1.6895,0.05707
0.058,0.705,0.191,730718,2.3,0.7354,0.01086
0.1,0.377,0.099,981918,3.2,1.3192,0.01091
0.002,0.311,0.136,196719,-0.4,-0.0342,0.01071
0.014,0.324,0.083,426481,5.1,0.715,0.01086
0.042,0.243,0.19,264253,-0.5,0.3011,0.01114
0.038,0.521,0.171,800741,-2.1,0.2497,0.00769
0.033,0.272,0.071,793415,13.2,1.3046,0.04744
0.026,0.484,0.105,989409,0.9,0.41,0.00486
0.091,0.468,0.107,721997,0.7,1.1129,0.00863
0.038,0.57,0.164,963489,8.7,1.1797,0.01441
0.08,0.268,0.109,487067,-1.7,0.6082,0.01632
0.01,0.732,0.118,744890,6.1,0.8214,0.01094
0.083,0.258,0.117,377943,8.2,1.5599,0.02048
0.012,0.229,0.075,750959,10.1,1.1225,0.02182
0.047,0.649,0.163,296464,3.7,0.8302,0.01182
0.04,0.658,0.144,619992,7.0,1.0697,0.01288
0.032,0.32,0.189,976511,-3.5,-0.0098,0.00871
0.07,0.381,0.1,423123,-3.0,0.4584,0.01149
0.08,0.581,0.144,430169,14.3,1.6159,0.05929
0.039,0.519,0.128,575829,7.5,1.1309,0.01289
0.049,0.59,0.138,238154,12.6,1.3495,0.04068
0.036,0.678,0.187,360221,4.7,0.7317,0.01233
0.048,0.451,0.144,418570,9.5,1.322,0.01699
0.048,0.397,0.099,336257,14.4,1.4029,0.0574
0.077,0.466,0.157,462637,-3.6,0.4896,0.01094
0.078,0.267,0.195,802974,-4.5,0.246,0.01119
0.07,0.722,0.124,590773,-0.8,0.5373,0.02444
0.073,0.352,0.172,391071,7.3,1.3576,0.01721
0.007,0.347,0.107,791215,-0.2,0.0546,0.00506
0.014,0.527,0.166,491073,3.9,0.5527,0.00904
0.028,0.708,0.128,302117,0.8,0.3608,0.01181
0.017,0.561,0.173,118106,-4.1,-0.5252,0.02414
0.067,0.648,0.101,808213,10.8,1.579,0.03168
0.054,0.278,0.093,943855,5.0,1.0827,0.00906
0.09,0.595,0.137,858454,3.1,1.4192,0.00897
0.036,0.408,0.106,423514,5.3,0.9754,0.00973
0.073,0.657,0.176,915537,9.2,1.3575,0.02408
0.082,0.213,0.106,520776,9.2,1.6159,0.02122
0.086,0.495,0.172,728197,7.0,1.4564,0.0154
0.045,0.514,0.173,951186,-3.5,0.1827,0.0078
0.092,0.54,0.182,382309,8.4,1.5303,0.02326
0.067,0.259,0.182,832468,12.1,1.5937,0.02525
0.083,0.155,0.199,154872,0.9,0.6652,0.02173
0.013,0.426,0.167,910240,4.4,0.5528,0.00768
0.006,0.717,0.095,399707,10.1,1.0517,0.02808
0.097,0.627,0.103,734921,-2.8,0.9545,0.01084
0.086,0.463,0.164,388616,1.3,0.9976,0.01243
0.093,0.463,0.138,345788,-2.5,0.7671,0.01286
0.088,0.479,0.104,594930,4.5,1.4506,0.00976
0.086,0.663,0.102,379160,11.0,1.6304,0.05083
0.017,0.281,0.102,704620,10.2,1.1785,0.01834
0.096,0.323,0.127,182829,9.9,1.8661,0.03329
0.004,0.164,0.096,116531,8.4,0.8906,0.03328
0.057,0.576,0.104,446412,11.1,1.4285,0.03341
0.015,0.684,0.125,648437,9.9,1.1226,0.01741
0.04,0.654,0.159,305415,2.4,0.6518,0.01101
0.043,0.504,0.089,363716,6.8,1.1206,0.01644
0.062,0.247,0.182,187134,-1.7,0.4292,0.01704
0.09,0.595,0.135,761666,11.4,1.6569,0.04005
0.013,0.522,0.137,128181,14.8,0.8199,0.11348
0.051,0.518,0.119,282151,3.4,0.9944,0.01024
0.096,0.652,0.16,641390,2.2,1.0346,0.02373
0.012,0.583,0.113,601524,6.2,0.8363,0.01166
0.003,0.434,0.144,658028,-0.7,-0.0305,0.00662
0.012,0.791,0.081,532687,11.5,0.9852,0.06147
0.042,0.244,0.125,401579,13.0,1.5127,0.02445
0.072,0.607,0.152,311720,10.6,1.4924,0.02983
0.056,0.724,0.107,264421,6.1,1.2071,0.01662
0.02,0.203,0.114,487126,13.2,1.2867,0.03027
0.057,0.28,0.146,767306,2.2,0.8367,0.00938
0.081,0.681,0.15,423877,7.9,1.4448,0.0244
0.001,0.561,0.16,409025,8.8,1.0316,0.01694
0.099,0.22,0.191,524091,2.1,0.7968,0.02041
0.054,0.734,0.172,125891,10.0,1.3379,0.02907
0.032,0.787,0.145,262410,8.0,1.0779,0.01761
0.066,0.669,0.147,212591,3.5,0.8454,0.02627
0.004,0.633,0.089,536628,-2.5,-0.2708,0.00742
0.077,0.399,0.149,280393,-0.0,0.7975,0.01311
0.047,0.748,0.105,392151,0.2,0.439,0.01903
0.082,0.368,0.071,352798,6.8,1.5454,0.01446
0.034,0.612,0.116,809649,11.0,1.3353,0.02125
0.092,0.375,0.128,489250,-4.7,0.4961,0.03236
0.024,0.287,0.183,400634,3.9,0.6477,0.01191
0.012,0.573,0.071,394324,1.3,0.3617,0.0057
0.015,0.519,0.115,558241,-0.2,0.1738,0.00603
0.006,0.251,0.119,639975,4.9,0.6671,0.00941
0.0,0.126,0.191,920899,0.5,0.0428,0.00751
0.054,0.429,0.109,447961,13.7,1.4287,0.04946
0.075,0.242,0.167,190455,8.8,1.4975,0.03011
0.038,0.796,0.128,313813,-0.7,0.2198,0.01788
0.065,0.138,0.117,639399,9.2,1.4127,0.02068
0.032,0.385,0.108,684909,13.1,1.3619,0.03136
0.064,0.345,0.126,372504,0.3,0.6907,0.01098
0.1,0.134,0.182,417582,-2.6,0.5546,0.03847
0.01,0.101,0.099,709322,10.4,1.1603,0.01752
0.071,0.368,0.088,548373,7.8,1.5112,0.01277
0.037,0.28,0.144,402829,-4.2,-0.0186,0.01125
0.013,0.5,0.177,320380,5.8,0.8326,0.01371
0.006,0.523,0.144,605194,13.4,1.1994,0.02726
0.048,0.452,0.182,277095,12.1,1.3705,0.02922
0.004,0.101,0.2,405541,13.2,1.0995,0.02986
0.095,0.669,0.191,618070,-3.1,0.2983,0.02841
0.003,0.349,0.17,620478,10.5,1.1116,0.01702
0.012,0.512,0.085,517841,12.7,1.0566,0.05436
0.038,0.149,0.112,699352,13.6,1.6074,0.0204
0.013,0.484,0.077,355852,5.5,0.7292,0.01376
0.06,0.564,0.137,114530,7.3,1.2571,0.02484
0.065,0.6,0.191,136589,-4.3,-0.2969,0.04028
0.067,0.675,0.195,448974,11.6,1.4291,0.03349
0.023,0.392,0.138,365999,14.7,1.2481,0.04691
0.002,0.442,0.116,734189,14.9,1.2415,0.03671
0.042,0.743,0.11,157376,5.0,1.006,0.01357
0.033,0.65,0.143,422388,9.4,1.162,0.01875
0.003,0.475,0.184,748040,1.0,0.1181,0.00767
0.076,0.625,0.161,319097,-2.2,0.2718,0.02814
0.052,0.293,0.088,303745,12.5,1.3961,0.04283
0.048,0.601,0.183,553483,-4.4,0.1297,0.01063
0.001,0.553,0.157,266067,9.4,0.9861,0.02012
0.04,0.143,0.17,652397,9.9,1.2185,0.01981
0.007,0.144,0.178,577920,14.4,1.2428,0.02969
0.004,0.547,0.156,135602,8.0,0.9267,0.02184
0.02,0.537,0.108,743266,8.0,1.0406,0.01433
0.034,0.716,0.13,767720,4.0,0.8129,0.0088
0.1,0.353,0.102,350457,9.6,1.8905,0.02179
0.097,0.785,0.145,829769,14.2,1.9383,0.0726
0.077,0.524,0.121,861735,9.2,1.5399,0.02028
0.023,0.414,0.179,819193,3.9,0.5805,0.00792
0.045,0.126,0.169,556760,11.2,1.2986,0.02615
0.063,0.329,0.188,801410,11.8,1.5711,0.02274
0.024,0.296,0.128,996889,10.9,1.2826,0.01667
0.088,0.583,0.151,267272,-3.6,0.2364,0.03247
0.059,0.791,0.172,253145,5.3,1.0925,0.01824
0.027,0.592,0.123,677139,4.6,0.8379,0.0086
0.089,0.798,0.192,405938,6.2,1.3549,0.02797
0.056,0.325,0.13,313280,11.2,1.5427,0.02055
0.071,0.632,0.193,953486,15.0,1.6525,0.05164
0.091,0.252,0.092,251782,8.1,1.6749,0.02517
0.097,0.47,0.162,980027,13.2,1.8495,0.0411
0.0,0.782,0.07,955727,-2.5,-0.3149,0.00654
0.035,0.643,0.156,393008,10.4,1.2085,0.0218
0.018,0.338,0.2,777327,5.5,0.6605,0.00971
0.07,0.108,0.181,999519,-2.1,0.3482,0.02315
0.05,0.43,0.171,891664,2.1,0.6684,0.00813
0.057,0.699,0.149,964599,-1.8,0.5191,0.00924
0.022,0.173,0.191,669638,5.7,0.7408,0.01187
0.039,0.799,0.16,726691,10.2,1.3075,0.02008
0.085,0.299,0.198,456197,3.5,0.8742,0.01748
0.013,0.436,0.076,602575,6.1,0.7917,0.01284
0.015,0.126,0.152,549294,10.7,1.1734,0.01761
0.027,0.253,0.111,895681,7.6,1.1052,0.01054
0.076,0.729,0.146,481406,7.5,1.4035,0.02427
0.087,0.204,0.154,297535,14.9,1.7105,0.05902
0.009,0.428,0.087,611322,-3.7,-0.3404,0.00907
0.077,0.645,0.2,910705,7.0,1.1559,0.02055
0.032,0.182,0.149,223678,-1.5,0.1537,0.01032
0.072,0.109,0.169,872975,-1.6,0.4291,0.02396
0.076,0.525,0.113,689800,14.2,1.6218,0.05786
0.0,0.201,0.109,111634,5.6,0.6606,0.01839
0.021,0.618,0.102,792484,3.4,0.6729,0.00714
0.02,0.226,0.13,530149,7.2,1.0213,0.01189
0.039,0.287,0.076,405182,6.9,1.1192,0.01211
0.04,0.781,0.142,507326,13.6,1.4851,0.03695
0.013,0.443,0.08,800638,10.7,1.1769,0.02433
0.083,0.519,0.168,253757,2.6,1.0412,0.01762
0.092,0.526,0.079,344459,7.3,1.6217,0.01881
0.059,0.478,0.077,405039,-0.5,0.6628,0.00836
0.06,0.531,0.079,290427,9.0,1.3449,0.03038
0.005,0.461,0.088,473542,11.6,1.0584,0.03857
0.07,0.294,0.112,110318,7.3,1.4125,0.03061
0.049,0.48,0.173,640088,10.9,1.3741,0.02182
0.044,0.24,0.122,946337,-0.1,0.4331,0.00881
0.073,0.249,0.191,337714,-3.1,0.3757,0.01498
0.055,0.311,0.198,143847,0.4,0.5979,0.01718
0.028,0.203,0.091,626872,-0.6,0.2359,0.0078
0.039,0.768,0.085,308878,7.0,1.1937,0.02264
0.012,0.687,0.198,820126,6.1,0.5691,0.00981
0.072,0.115,0.173,391399,-1.6,0.4863,0.02307
0.024,0.249,0.08,452508,6.0,0.8936,0.01044
0.011,0.427,0.11,186258,2.5,0.5418,0.0102
0.044,0.496,0.103,948511,8.1,1.2341,0.01498
0.043,0.458,0.153,165466,7.0,1.1849,0.01757
0.071,0.447,0.184,879321,10.3,1.545,0.02098
0.002,0.78,0.122,898284,9.6,1.0581,0.01515
0.079,0.498,0.155,928794,-0.7,0.7934,0.00803
0.088,0.134,0.127,394120,12.1,1.6905,0.0433
0.022,0.363,0.157,841820,9.2,1.1517,0.01342
0.064,0.183,0.11,880626,12.6,1.7169,0.02111
0.036,0.544,0.159,403210,-1.9,0.25,0.00968
0.056,0.31,0.103,602096,12.5,1.5168,0.03086
0.098,0.298,0.188,816323,11.2,1.707,0.03128
0.005,0.632,0.084,768315,2.9,0.4463,0.00708
0.021,0.438,0.094,864823,8.7,1.106,0.01562
0.092,0.643,0.165,555721,-2.8,0.3808,0.02731
0.084,0.304,0.129,902469,14.1,1.9404,0.02793
0.068,0.657,0.119,751042,8.3,1.4064,0.02205
0.098,0.701,0.188,203998,1.9,0.6897,0.04604
0.077,0.238,0.09,663702,4.8,1.225,0.0125
0.084,0.614,0.184,591434,8.7,1.3784,0.02513
0.098,0.599,0.113,498382,3.7,1.4971,0.01559
0.064,0.196,0.081,304103,9.8,1.5901,0.02478
0.039,0.185,0.091,346361,14.4,1.3938,0.05198
0.098,0.141,0.072,807381,11.5,1.89,0.03471
0.051,0.212,0.095,362179,-2.6,0.2621,0.0222
0.051,0.328,0.13,862694,-0.2,0.511,0.00848
0.02,0.454,0.096,861918,-2.7,-0.0303,0.00668
0.029,0.483,0.181,171945,12.0,1.1932,0.03055
0.027,0.649,0.156,211169,12.2,1.1875,0.03231
0.032,0.453,0.158,128324,8.9,1.1691,0.02195
0.076,0.755,0.118,745790,-2.2,0.3934,0.02988
0.05,0.654,0.175,871828,1.7,0.7224,0.00754
0.035,0.794,0.096,716913,-2.9,0.0193,0.01396
0.003,0.334,0.153,411259,6.4,0.8016,0.01316
0.021,0.112,0.081,716468,3.3,0.598,0.00859
0.1,0.713,0.165,297828,1.7,0.8171,0.04262
0.015,0.79,0.15,770214,2.5,0.4472,0.00735
0.054,0.434,0.144,476016,-3.3,0.2784,0.00981
0.082,0.615,0.177,608009,14.2,1.6418,0.05304
0.074,0.316,0.177,721282,9.8,1.52,0.01995
0.045,0.108,0.09,321801,7.1,1.133,0.02064
0.041,0.182,0.164,213721,6.3,1.0427,0.01953
0.077,0.65,0.12,660445,7.5,1.4343,0.02101
0.075,0.488,0.144,395722,10.6,1.5878,0.02377
0.085,0.387,0.162,469190,13.3,1.807,0.03275
0.023,0.171,0.178,180537,4.7,0.908,0.01837
0.009,0.317,0.092,360025,14.0,0.8753,0.10224
0.033,0.4,0.088,936592,-4.8,-0.1221,0.00866
0.066,0.394,0.139,617536,0.8,0.7631,0.00948
0.058,0.33,0.11,384673,-2.7,0.347,0.01121
0.033,0.166,0.195,373546,4.9,0.8076,0.01527
0.087,0.453,0.164,842961,13.0,1.7829,0.03613
0.087,0.617,0.169,379895,10.9,1.5876,0.03484
0.061,0.396,0.084,636365,8.0,1.3682,0.01704
0.048,0.162,0.19,195270,1.2,0.5722,0.01433
0.038,0.26,0.092,139825,13.2,1.3432,0.05268
0.016,0.619,0.104,916963,-0.5,0.1876,0.0051
0.086,0.106,0.141,849624,14.3,1.5694,0.04954
0.024,0.429,0.081,554584,-0.7,0.206,0.00517
0.097,0.758,0.191,994071,8.7,1.5435,0.03575
0.091,0.364,0.097,925480,11.1,1.8016,0.02332
0.062,0.342,0.161,773279,4.0,1.0047,0.01028
0.065,0.473,0.107,507331,5.6,1.3082,0.00996
0.022,0.413,0.199,487842,6.5,0.9187,0.01292
0.039,0.164,0.104,889706,2.1,0.581,0.00882
0.098,0.465,0.112,348452,3.0,1.3936,0.01216
0.048,0.16,0.191,713941,8.8,1.1539,0.01985
0.019,0.226,0.079,789720,2.4,0.5097,0.00637
0.046,0.433,0.084,492339,12.8,1.4143,0.0414
0.055,0.547,0.2,318526,10.9,1.3234,0.02764
0.019,0.693,0.084,567431,-3.6,-0.2036,0.01016
0.039,0.11,0.127,383377,12.4,1.4684,0.0306
0.073,0.378,0.15,456072,-0.0,0.7189,0.01101
0.039,0.159,0.148,129250,10.0,1.3341,0.03672
0.069,0.213,0.142,224057,2.3,0.8108,0.01797
0.01,0.528,0.194,948924,-0.7,0.0474,0.00754
0.04,0.747,0.168,984974,13.0,1.4565,0.02606
0.002,0.359,0.175,685570,9.4,1.0372,0.01513
0.032,0.521,0.181,762235,2.3,0.5331,0.00795
0.068,0.371,0.19,215413,4.1,1.1008,0.0176
0.04,0.445,0.09,760950,-0.5,0.4311,0.00621
0.072,0.453,0.09,604086,9.0,1.4655,0.02305
0.059,0.42,0.158,109922,-3.4,0.0265,0.03182
0.03,0.31,0.152,252226,3.7,0.8498,0.01297
0.02,0.572,0.198,431739,6.0,0.7942,0.01247
0.081,0.678,0.156,698914,4.6,1.2489,0.01511
0.029,0.597,0.121,609279,4.6,0.8535,0.0087
0.041,0.446,0.111,504261,0.0,0.4825,0.00687
0.088,0.348,0.132,999200,10.5,1.7681,0.01808
0.008,0.785,0.15,110384,10.8,1.0693,0.03386
0.03,0.533,0.192,177285,10.1,1.1311,0.0238
0.036,0.651,0.188,339318,-0.2,0.31,0.01138
0.084,0.278,0.154,318792,5.3,1.2325,0.01809
0.089,0.372,0.18,372113,1.9,0.9162,0.01515
0.072,0.51,0.131,724488,-2.5,0.6148,0.00823
0.03,0.158,0.178,271410,-0.5,0.2086,0.0103
0.026,0.525,0.073,715764,2.6,0.6249,0.00564
0.022,0.667,0.187,737862,11.9,1.2274,0.02131
0.098,0.139,0.176,231580,-2.7,0.5931,0.03703
0.012,0.609,0.126,990358,1.0,0.2697,0.00565
0.099,0.564,0.157,274251,-0.8,0.5693,0.03536
0.08,0.233,0.166,306671,3.7,0.9336,0.01905
0.066,0.159,0.146,895949,5.9,1.061,0.0155
0.072,0.266,0.184,386147,4.9,1.0571,0.01681
0.097,0.397,0.092,172670,-4.6,0.3412,0.0612
0.013,0.617,0.164,244846,9.3,0.9884,0.01941
0.014,0.332,0.103,421089,5.0,0.7501,0.00974
0.073,0.224,0.185,115898,1.9,0.7772,0.02218
0.048,0.769,0.08,227503,5.3,1.0986,0.02011
0.058,0.365,0.131,689727,13.5,1.5542,0.0355
0.084,0.178,0.089,972547,3.6,1.1412,0.0145
0.017,0.546,0.111,432576,-3.0,-0.1215,0.00904
0.023,0.715,0.197,920146,1.7,0.3322,0.00812
0.05,0.577,0.099,836187,7.2,1.2221,0.01517
0.079,0.28,0.154,874230,9.7,1.5715,0.01898
0.02,0.127,0.071,972784,11.5,1.3142,0.02317
0.086,0.434,0.138,855956,7.3,1.5293,0.01318
0.097,0.584,0.123,571045,-2.7,0.9034,0.01167
0.071,0.353,0.139,651353,11.1,1.6588,0.01883
0.046,0.535,0.136,792415,13.9,1.4846,0.03617
0.039,0.478,0.173,169685,7.9,1.1634,0.0188
0.059,0.615,0.121,645378,5.2,1.1869,0.0098
0.04,0.193,0.12,441226,9.8,1.3438,0.01769
0.063,0.447,0.07,848806,7.5,1.3808,0.01648
0.038,0.195,0.132,548886,10.2,1.3361,0.01674
0.06,0.406,0.085,244819,6.1,1.2898,0.01333
0.055,0.243,0.186,451231,14.1,1.5943,0.03232
0.046,0.257,0.157,538729,-4.7,0.0202,0.01105
0.093,0.351,0.162,623357,11.5,1.8001,0.02568
0.005,0.746,0.16,730779,-2.0,-0.1084,0.00696
0.032,0.237,0.074,783810,6.8,1.0323,0.0119
0.079,0.727,0.15,237427,6.7,1.3782,0.0239
0.039,0.547,0.2,134888,1.3,0.2538,0.02481
0.078,0.303,0.158,726837,7.7,1.4036,0.01638
0.036,0.109,0.148,911446,3.8,0.7442,0.01073
0.028,0.582,0.2,466645,1.6,0.4081,0.00942
0.031,0.601,0.139,391883,7.0,1.0057,0.01309
0.051,0.461,0.173,345412,10.2,1.3438,0.0207
0.082,0.62,0.151,515560,-2.8,0.4736,0.01857
0.049,0.269,0.181,345400,13.8,1.5413,0.03075
0.09,0.53,0.15,913055,-2.5,0.7843,0.00824
0.075,0.197,0.108,929952,1.4,0.8466,0.01232
0.009,0.344,0.109,506795,9.3,1.0323,0.01842
0.045,0.707,0.169,143612,10.7,1.2755,0.02947
0.063,0.175,0.181,457403,10.8,1.3984,0.02801
0.069,0.489,0.141,402575,9.1,1.4915,0.01755
0.003,0.449,0.161,725833,-2.6,-0.2032,0.00735
0.054,0.615,0.124,401519,9.4,1.3269,0.02321
0.004,0.143,0.101,820775,6.7,0.8222,0.01157
0.092,0.674,0.111,728447,11.8,1.7528,0.05263
0.036,0.108,0.165,994621,-2.5,0.121,0.00997
0.031,0.321,0.139,546562,1.7,0.5331,0.00808
0.098,0.399,0.082,461607,-2.9,0.6987,0.02969
0.037,0.578,0.097,389787,10.1,1.2715,0.02719
0.025,0.697,0.164,947602,4.3,0.6567,0.00861
0.082,0.143,0.194,780126,12.1,1.4481,0.04433
0.018,0.505,0.178,547767,12.6,1.2113,0.02508
0.013,0.543,0.089,526144,11.9,1.1918,0.03321
0.004,0.666,0.183,102481,-4.5,-0.7352,0.02409
0.045,0.736,0.089,114527,8.6,1.3812,0.04609
0.047,0.347,0.199,757738,13.6,1.4962,0.02972
0.081,0.434,0.108,230977,4.3,1.3471,0.01442
0.085,0.377,0.121,362828,2.9,1.1574,0.01215
0.083,0.595,0.161,418401,-1.7,0.5562,0.01944
0.019,0.44,0.156,590588,5.3,0.8549,0.01015
0.011,0.517,0.185,423792,0.8,0.1964,0.00897
0.049,0.55,0.15,836608,-4.5,0.1587,0.00826
0.017,0.547,0.174,786885,6.8,0.9279,0.01122
0.031,0.605,0.144,482833,-3.2,0.0635,0.00965
0.048,0.552,0.187,850069,-3.7,0.2057,0.00827
0.027,0.176,0.081,200688,0.9,0.4318,0.00833
0.069,0.72,0.16,383213,-3.5,0.0439,0.02833
0.089,0.608,0.151,672060,1.1,1.1386,0.01117
0.009,0.475,0.18,122032,0.1,0.0601,0.0176
0.064,0.555,0.109,718049,4.5,1.2459,0.00765
0.032,0.45,0.092,428169,7.6,1.0868,0.0168
0.056,0.39,0.113,444103,13.8,1.4433,0.0499
0.071,0.549,0.18,178950,12.2,1.524,0.03638
0.063,0.124,0.072,800244,4.4,1.0359,0.015
0.054,0.541,0.103,957040,-2.3,0.4598,0.00664
0.059,0.138,0.088,537416,-1.6,0.3851,0.029
0.091,0.685,0.134,270400,2.0,0.8609,0.04117
0.01,0.689,0.142,343636,6.7,0.8713,0.01366
0.016,0.205,0.075,222253,2.6,0.4957,0.00855
0.01,0.692,0.126,931217,1.0,0.2518,0.00578
0.064,0.583,0.095,756778,4.4,1.2487,0.00769
0.092,0.174,0.117,793570,14.4,1.9013,0.03802
0.004,0.152,0.179,371798,0.4,0.0674,0.0091
0.033,0.328,0.17,729859,6.8,1.0862,0.01115
0.051,0.642,0.109,602455,-2.1,0.4255,0.01016
0.05,0.573,0.196,615323,6.4,1.0452,0.01359
0.079,0.791,0.157,582092,12.0,1.7093,0.04548
0.003,0.646,0.193,252515,10.9,1.0181,0.02355
0.096,0.38,0.185,993648,5.2,1.3166,0.0156
0.088,0.575,0.089,467883,8.6,1.5203,0.03346
0.037,0.741,0.099,730265,-0.5,0.4235,0.00991
0.069,0.412,0.194,595225,-4.1,0.2694,0.01056
0.054,0.665,0.121,220561,1.7,0.6068,0.02396
0.042,0.412,0.127,664306,10.2,1.323,0.01827
0.064,0.444,0.178,906749,-2.7,0.3802,0.00847
0.044,0.203,0.094,669100,9.4,1.3893,0.01373
0.076,0.19,0.153,790536,10.4,1.5238,0.02411
0.015,0.393,0.178,761364,12.0,1.2127,0.01991
0.007,0.549,0.194,609211,11.5,1.1173,0.01976
0.049,0.625,0.175,223822,13.9,1.3648,0.0451
0.006,0.537,0.096,225932,4.4,0.6069,0.01133
0.061,0.386,0.091,411944,-0.6,0.6192,0.00899
0.072,0.672,0.152,923739,9.8,1.4653,0.02633
0.091,0.233,0.11,768532,-2.2,0.6065,0.03238
0.02,0.348,0.177,534284,5.8,0.8662,0.01159
0.028,0.388,0.157,238030,-3.7,-0.0778,0.01328
0.021,0.212,0.103,187006,11.6,1.1957,0.03347
0.045,0.763,0.142,855798,9.4,1.3393,0.01942
0.036,0.49,0.181,312227,-3.8,0.0325,0.01233
0.066,0.708,0.114,948508,-1.5,0.5727,0.01507
0.08,0.195,0.159,456658,-1.6,0.5287,0.01211
0.061,0.373,0.092,434227,-3.2,0.3406,0.0113
0.088,0.776,0.103,597021,14.2,1.8926,0.07853
0.061,0.603,0.091,847125,0.7,0.9274,0.00643
0.019,0.567,0.129,589027,7.4,0.982,0.01304
0.053,0.748,0.091,472933,6.2,1.2351,0.01952
0.045,0.687,0.09,477694,-4.1,0.0015,0.01613
0.005,0.591,0.196,780743,10.1,1.0767,0.01578
0.032,0.729,0.125,622837,3.0,0.7352,0.00787
0.069,0.284,0.177,659981,-3.9,0.2786,0.01099
0.039,0.634,0.159,646639,13.4,1.4153,0.03144
0.057,0.45,0.147,705574,-0.8,0.562,0.00821
0.036,0.431,0.089,152558,0.3,0.4457,0.01245
0.059,0.639,0.182,851408,4.9,0.9502,0.01233
0.046,0.351,0.199,981179,10.2,1.3474,0.0164
0.049,0.579,0.177,748960,6.3,1.0664,0.01201
0.076,0.668,0.076,505937,2.7,1.1591,0.01892
0.062,0.375,0.113,292483,11.5,1.5404,0.0263
0.011,0.613,0.091,822777,2.9,0.5256,0.0068
0.004,0.394,0.173,597041,-0.7,-0.0208,0.00774
0.048,0.521,0.114,882373,-3.6,0.2323,0.00744
0.008,0.631,0.09,540036,5.1,0.6752,0.01112
0.006,0.729,0.176,533797,6.7,0.7372,0.01176
0.011,0.608,0.193,634948,5.5,0.5566,0.00975
0.077,0.201,0.139,693682,12.2,1.6957,0.0269
0.0,0.767,0.155,811973,14.9,1.2526,0.02993
0.031,0.776,0.163,415248,-2.2,-0.0117,0.0138
0.027,0.436,0.113,723074,2.9,0.7078,0.0067
0.006,0.176,0.196,757377,11.5,1.183,0.01806
0.007,0.745,0.18,463261,10.6,1.0504,0.01855
0.025,0.745,0.103,649354,6.6,1.0077,0.01366
0.079,0.748,0.198,348413,14.4,1.5779,0.05635
0.072,0.127,0.18,947781,4.7,0.8638,0.01773
0.033,0.201,0.196,780288,-3.9,-0.031,0.00983
0.089,0.609,0.159,508781,0.0,0.7684,0.02027
0.085,0.508,0.128,631959,-0.0,1.0092,0.00891
0.08,0.381,0.088,805053,4.2,1.2829,0.00928
0.082,0.743,0.197,849917,6.7,1.2442,0.02407
0.031,0.708,0.194,894634,1.6,0.408,0.00833
0.062,0.474,0.136,691492,3.5,1.0582,0.00811
0.036,0.23,0.121,624396,-0.6,0.3125,0.00872
0.073,0.28,0.102,331432,0.5,0.7632,0.01347
0.097,0.495,0.123,133489,10.1,1.4611,0.06672
0.055,0.395,0.149,531404,-1.4,0.4533,0.00934
0.057,0.65,0.153,882344,9.3,1.3377,0.01995
0.074,0.743,0.081,343872,10.1,1.6899,0.05211
0.051,0.228,0.127,774710,-3.4,0.1784,0.00996
0.072,0.268,0.071,676083,7.4,1.4685,0.01306
0.047,0.502,0.177,922207,14.7,1.5049,0.04058
0.065,0.646,0.111,760567,2.9,1.1979,0.00752
0.064,0.197,0.144,678663,3.8,0.8947,0.01366
0.029,0.793,0.163,325996,1.1,0.4133,0.00965
0.006,0.711,0.114,511468,2.5,0.36,0.007
0.013,0.534,0.118,932726,-1.9,-0.0169,0.00593
0.074,0.4,0.136,617679,6.4,1.3572,0.0122
0.054,0.342,0.078,679252,3.5,0.9489,0.00802
0.093,0.423,0.087,645982,0.6,1.0907,0.00906
0.056,0.415,0.082,433744,10.9,1.4024,0.03265
0.022,0.661,0.175,230236,5.4,0.8363,0.01399
0.011,0.277,0.158,160573,-0.4,0.0644,0.01292
0.034,0.301,0.165,597211,-3.2,0.0503,0.00941
0.035,0.117,0.08,793107,9.6,1.3158,0.01543
0.073,0.262,0.076,230716,12.5,1.5844,0.04408
0.046,0.325,0.098,986055,10.8,1.4355,0.01933
0.056,0.702,0.084,302838,13.3,1.0305,0.14943
0.064,0.786,0.12,366488,-0.7,0.4263,0.02962
0.024,0.591,0.096,568491,10.2,1.2188,0.02287
0.042,0.515,0.116,170892,11.2,1.2563,0.03611
0.004,0.182,0.115,163208,9.8,1.0031,0.03091
0.078,0.426,0.082,266353,13.9,1.5269,0.07488
0.005,0.537,0.149,984392,7.2,0.8531,0.01104
0.052,0.274,0.191,225008,1.4,0.6688,0.01463
0.037,0.165,0.084,309491,14.1,1.3672,0.05207
0.082,0.369,0.082,322372,9.0,1.6835,0.01767
0.027,0.756,0.124,543243,3.2,0.6974,0.00829
0.02,0.365,0.179,604897,7.5,1.0825,0.01273
0.019,0.107,0.16,423441,12.4,1.232,0.02574
0.011,0.257,0.153,489070,2.5,0.3504,0.00837
0.082,0.199,0.115,333189,9.5,1.6367,0.02693
0.095,0.59,0.188,516897,6.0,1.3187,0.01983
0.068,0.223,0.174,637626,-1.5,0.4454,0.01167
0.083,0.281,0.108,829446,0.9,0.8961,0.01121
0.032,0.543,0.172,382625,1.3,0.5046,0.0093
0.034,0.396,0.183,507112,12.8,1.3294,0.02781
0.011,0.731,0.149,365789,1.2,0.2767,0.00821
0.014,0.296,0.116,953158,-4.9,-0.3512,0.00857
0.023,0.451,0.08,742780,1.4,0.4796,0.00488
0.001,0.692,0.186,836721,1.0,0.0977,0.00754
0.094,0.239,0.09,205828,3.1,1.1811,0.02249
0.035,0.367,0.103,778954,8.4,1.1954,0.01474
0.037,0.166,0.129,305330,7.5,1.1195,0.01807
0.017,0.264,0.193,375701,4.4,0.5843,0.01233
0.08,0.635,0.121,692959,14.0,1.7108,0.05722
0.02,0.517,0.085,361754,3.5,0.6531,0.00782
0.072,0.119,0.088,553462,11.9,1.7189,0.03492
0.027,0.685,0.161,905551,6.3,0.8351,0.01022
0.027,0.182,0.195,751536,-2.4,0.0135,0.00822
0.009,0.437,0.16,687055,5.6,0.7022,0.00988
0.026,0.479,0.136,330639,6.0,0.9529,0.01162
0.03,0.3,0.09,226003,12.6,1.2664,0.04769
0.086,0.422,0.089,345536,12.5,1.5691,0.05866
0.008,0.743,0.106,583811,3.7,0.5529,0.00826
0.004,0.384,0.097,714752,-1.3,-0.0869,0.00525
0.008,0.707,0.13,589880,4.9,0.6653,0.00964
0.074,0.453,0.132,764612,7.9,1.4904,0.01285
0.058,0.583,0.102,664673,9.5,1.4051,0.02347
0.077,0.78,0.111,854839,6.6,1.4661,0.02724
0.036,0.529,0.171,395398,12.6,1.2935,0.03088
0.085,0.25,0.116,234429,13.3,1.9097,0.04129
0.036,0.356,0.148,187041,0.2,0.4772,0.01191
0.051,0.606,0.123,126992,-0.9,0.1451,0.02991
0.077,0.178,0.128,779890,9.6,1.5144,0.02101
0.0,0.182,0.14,356319,11.9,1.0624,0.02612
0.063,0.535,0.127,280909,14.6,1.4601,0.06431
0.076,0.725,0.174,974977,9.9,1.4862,0.02872
0.067,0.56,0.078,269131,4.3,1.2789,0.01117
0.021,0.311,0.159,246688,-4.4,-0.2397,0.01381
0.017,0.452,0.131,513309,7.0,0.9584,0.01247
0.037,0.236,0.126,748583,6.7,1.0967,0.01101
0.024,0.261,0.12,301099,13.3,1.2375,0.03808
0.005,0.793,0.185,283731,12.9,1.0756,0.02956
0.009,0.1,0.095,721382,-4.1,-0.3826,0.01006
0.069,0.182,0.089,265430,3.1,0.9459,0.01856
0.058,0.662,0.107,678131,13.1,1.6022,0.04147
0.077,0.231,0.109,463248,3.8,1.0808,0.01518
0.005,0.698,0.17,245203,3.6,0.434,0.01211
0.055,0.688,0.083,409882,-5.0,-0.053,0.02234
0.073,0.58,0.075,329414,-0.1,0.8105,0.01655
0.065,0.561,0.122,494881,14.4,1.5428,0.05645
0.073,0.55,0.152,928234,14.8,1.6445,0.0525
0.008,0.16,0.152,907610,1.0,0.1621,0.00652
0.096,0.392,0.134,977126,10.1,1.7966,0.01898
0.078,0.365,0.094,631522,8.8,1.633,0.014
0.011,0.105,0.11,641950,14.1,1.2989,0.0313
0.05,0.292,0.097,612719,-2.0,0.3257,0.00899
0.014,0.315,0.138,461859,-2.0,-0.0495,0.00747
0.069,0.27,0.173,770539,8.9,1.3987,0.01825
0.024,0.511,0.176,950498,-1.0,0.1858,0.00719
0.057,0.495,0.15,101525,-3.9,-0.1784,0.03774
0.082,0.422,0.104,395857,4.7,1.3711,0.01186
0.076,0.608,0.086,210399,-3.3,0.1822,0.03551
0.069,0.719,0.181,696798,4.2,1.006,0.01503
0.029,0.235,0.19,327897,-1.2,0.1378,0.01007
0.042,0.109,0.151,856472,-3.0,0.1357,0.0114
0.035,0.716,0.071,179558,6.6,1.1173,0.0312
0.098,0.454,0.149,476055,3.1,1.2608,0.01312
0.075,0.64,0.12,414780,6.8,1.4193,0.01677
0.055,0.269,0.196,308403,-0.6,0.4051,0.01284
0.092,0.739,0.117,474171,5.4,1.3628,0.03438
0.098,0.539,0.195,907405,11.5,1.7128,0.03934
0.089,0.71,0.1,671968,1.4,0.9757,0.03303
0.049,0.395,0.09,326200,14.6,1.404,0.06517
0.085,0.595,0.136,118811,3.5,0.7552,0.05603
0.099,0.697,0.145,452906,14.1,1.7958,0.07343
0.073,0.782,0.145,529689,0.6,0.69,0.02663
0.031,0.649,0.184,232563,11.8,1.1836,0.02881
0.088,0.4,0.141,291010,8.4,1.6784,0.02001
0.023,0.776,0.088,605920,-1.3,0.1089,0.00946
0.03,0.354,0.101,944878,7.6,1.0992,0.01269
0.06,0.767,0.178,593846,6.0,1.1001,0.017
0.078,0.396,0.087,626457,0.9,0.9487,0.00882
0.084,0.288,0.141,649410,14.5,1.9041,0.03291
0.082,0.485,0.188,665992,-2.1,0.5989,0.00993
0.067,0.445,0.171,752916,13.1,1.6159,0.0338
0.024,0.687,0.148,497046,-0.2,0.3011,0.00773
0.058,0.197,0.197,603482,8.7,1.1989,0.02153
0.025,0.184,0.177,277020,12.2,1.2835,0.02623
0.013,0.5,0.181,362777,4.8,0.6503,0.01168
0.034,0.649,0.095,547391,0.7,0.5614,0.0072
0.046,0.57,0.151,270129,-2.5,0.1435,0.01634
0.0,0.545,0.078,626045,7.9,0.838,0.01697
0.044,0.434,0.157,491900,1.8,0.7101,0.00845
0.057,0.746,0.125,903164,-2.9,0.2682,0.01679
0.016,0.505,0.182,781137,-3.9,-0.1692,0.00826
0.094,0.791,0.151,883629,6.7,1.5346,0.03333
0.078,0.23,0.188,294648,11.0,1.5535,0.03248
0.082,0.671,0.1,400289,10.8,1.6115,0.04783
0.015,0.75,0.165,991196,1.6,0.3323,0.00692
0.07,0.279,0.192,254673,13.0,1.6818,0.03575
0.082,0.18,0.156,919767,-2.4,0.4901,0.01927
0.045,0.344,0.126,392787,4.4,0.9626,0.01084
0.006,0.54,0.162,540245,9.5,1.0549,0.01607
0.034,0.51,0.112,881260,-2.9,0.1323,0.00693
0.047,0.776,0.1,869830,-0.8,0.4372,0.01458
0.018,0.755,0.161,785821,14.8,1.374,0.03153
0.032,0.124,0.163,802729,-0.7,0.244,0.0091
0.072,0.109,0.158,970516,-0.5,0.547,0.02146
0.028,0.686,0.132,867318,13.7,1.4272,0.02823
0.084,0.659,0.081,631644,9.4,1.6188,0.03841
0.064,0.517,0.176,729149,0.2,0.7052,0.00854
0.061,0.418,0.098,886844,2.1,0.9177,0.00656
0.035,0.785,0.115,616069,2.6,0.7755,0.00775
0.03,0.445,0.089,289368,12.3,1.2472,0.05036
0.04,0.389,0.09,299704,11.4,1.3049,0.03512
0.012,0.241,0.185,228387,6.4,0.9449,0.01791
0.031,0.665,0.146,159064,7.0,1.0108,0.01694
0.03,0.306,0.122,825523,4.4,0.867,0.00829
0.045,0.259,0.184,936040,-3.6,0.0926,0.00941
0.039,0.6,0.169,895257,-2.5,0.2657,0.00728
0.019,0.6,0.146,544836,3.7,0.6376,0.00827
0.01,0.555,0.074,620405,4.2,0.5898,0.00991
0.069,0.655,0.195,246712,8.9,1.3058,0.02464
0.035,0.371,0.081,715498,0.9,0.5241,0.00527
0.098,0.166,0.095,411435,14.2,1.9054,0.05618
0.008,0.54,0.167,965647,-1.7,-0.0581,0.00686
0.009,0.316,0.198,889775,7.1,0.7462,0.01045
0.042,0.126,0.093,934433,11.9,1.5597,0.01759
0.099,0.318,0.11,827815,2.0,1.1272,0.01212
0.049,0.765,0.116,386610,13.0,1.5679,0.04513
0.025,0.609,0.097,687570,2.4,0.6385,0.00555
0.005,0.647,0.114,775169,0.4,0.1171,0.00532
0.028,0.138,0.175,466223,6.8,0.9992,0.01575
0.044,0.308,0.093,157644,14.0,1.3824,0.0609
0.097,0.237,0.158,958440,8.3,1.5177,0.02227
0.009,0.735,0.113,542512,1.9,0.3333,0.00637
0.072,0.338,0.161,968602,4.3,1.098,0.01068
0.069,0.426,0.189,201758,9.8,1.4971,0.02563
0.054,0.797,0.072,215008,0.3,0.4366,0.02545
0.057,0.793,0.175,376071,-2.5,0.0983,0.02276
0.046,0.322,0.106,805919,12.5,1.4746,0.02686
0.056,0.531,0.179,336668,7.4,1.2057,0.01572
0.062,0.154,0.15,949555,14.1,1.6686,0.03203
0.05,0.624,0.164,124233,0.5,0.2225,0.03308
0.062,0.41,0.167,895481,13.0,1.6126,0.02943
0.035,0.208,0.086,924279,4.6,0.8592,0.00849
0.049,0.198,0.123,185350,-4.8,-0.0123,0.04
0.067,0.274,0.106,907594,-4.2,0.255,0.01028
0.068,0.7,0.111,193728,2.0,0.6931,0.03528
0.08,0.552,0.095,321931,14.1,1.6202,0.07192
0.066,0.706,0.072,118519,-1.3,0.2507,0.03091
0.075,0.344,0.098,480575,14.4,1.5665,0.06519
0.006,0.421,0.12,398084,-2.5,-0.2095,0.00827
0.041,0.265,0.19,307338,-0.6,0.2848,0.01056
0.093,0.451,0.154,429560,3.9,1.2995,0.01294
0.058,0.268,0.102,686088,13.7,1.5831,0.03657
0.074,0.567,0.107,634490,0.2,0.9886,0.00822
0.081,0.136,0.072,382538,11.3,1.7701,0.04161
0.045,0.414,0.152,345862,7.7,1.2128,0.01397
0.019,0.367,0.122,129994,12.9,1.2242,0.04909
0.071,0.7,0.085,587266,7.0,1.4125,0.02514
0.019,0.147,0.093,398402,8.4,1.0693,0.01424
0.081,0.314,0.134,256182,13.9,1.8646,0.03458
0.003,0.71,0.166,139106,12.1,1.0815,0.03396
0.013,0.244,0.139,223022,-4.1,-0.3828,0.01421
0.089,0.739,0.115,848609,13.4,1.8842,0.06165
0.004,0.758,0.193,864481,-4.7,-0.3409,0.00824
0.072,0.544,0.116,527392,9.5,1.482,0.02434
0.024,0.377,0.163,851626,5.9,0.9512,0.00977
0.077,0.212,0.117,930371,3.9,1.0846,0.01283
0.029,0.198,0.194,247161,-2.6,0.0153,0.0116
0.033,0.404,0.101,806896,13.7,1.4189,0.03313
0.067,0.516,0.135,198367,4.8,1.2275,0.0162
0.054,0.304,0.135,355246,-4.4,0.128,0.0135
0.083,0.508,0.15,656301,10.6,1.6394,0.02544
0.094,0.434,0.099,676124,-4.5,0.5828,0.01169
0.014,0.589,0.123,947655,7.7,0.9911,0.01237
0.068,0.628,0.177,108783,8.6,1.3587,0.02974
0.018,0.765,0.199,504193,14.6,1.2585,0.03524
0.058,0.606,0.095,711786,9.2,1.4096,0.02342
0.016,0.693,0.108,473521,12.3,1.2499,0.0307
0.006,0.566,0.195,531578,4.1,0.3718,0.00927
0.003,0.379,0.185,528684,1.0,0.112,0.00839
0.095,0.32,0.156,647827,-4.5,0.4631,0.01254
0.078,0.414,0.083,450784,9.5,1.5208,0.02715
0.096,0.575,0.108,979030,6.6,1.6364,0.01465
0.021,0.754,0.178,491688,-2.5,-0.0729,0.00987
0.073,0.762,0.088,735034,11.5,1.791,0.04525
0.007,0.18,0.096,951542,4.7,0.658,0.00828
0.043,0.781,0.105,212363,0.6,0.3588,0.02274
0.005,0.527,0.177,806401,9.0,1.01,0.01387
0.077,0.336,0.108,829654,2.3,1.0138,0.01018
0.033,0.226,0.077,739406,1.7,0.545,0.00675
0.012,0.122,0.103,500604,2.5,0.467,0.00807
0.094,0.394,0.075,555849,9.9,1.6502,0.03203
0.059,0.336,0.159,631220,4.0,0.9844,0.01074
0.055,0.488,0.076,912093,5.7,1.1806,0.01295
0.038,0.345,0.16,932117,10.0,1.3274,0.01402
0.081,0.297,0.1,553708,7.9,1.5549,0.01565
0.069,0.584,0.134,839200,11.0,1.5089,0.02942
0.092,0.745,0.156,303139,4.3,1.13,0.03537
0.075,0.471,0.199,931902,2.6,0.8514,0.01094
0.08,0.683,0.153,930620,13.6,1.7051,0.04753
0.041,0.233,0.18,965818,13.7,1.5535,0.02313
0.023,0.164,0.1,656459,6.5,0.9466,0.01079
0.082,0.442,0.125,519282,8.1,1.595,0.01461
0.056,0.42,0.119,602447,-1.9,0.4452,0.00833
0.013,0.474,0.106,607786,11.7,1.1919,0.02505
0.023,0.405,0.077,282088,6.3,0.885,0.01635
0.074,0.256,0.112,269140,0.6,0.7573,0.01586
0.03,0.28,0.149,438066,6.0,1.0047,0.01234
0.047,0.225,0.101,396963,13.8,1.4807,0.03976
0.07,0.354,0.16,146266,-0.9,0.6073,0.0184
0.066,0.613,0.182,616966,-3.1,0.4009,0.01085
0.077,0.481,0.163,622434,1.3,0.9205,0.00984
0.075,0.376,0.177,303996,-1.2,0.5995,0.01345
0.097,0.385,0.09,102907,-4.0,0.1455,0.07945
0.065,0.309,0.108,968649,3.5,1.0342,0.00874
0.022,0.471,0.098,364918,-1.2,0.1329,0.00738
0.092,0.254,0.189,644113,12.0,1.6794,0.03438
0.02,0.344,0.158,555623,-4.8,-0.2421,0.00971
0.007,0.278,0.117,867995,11.8,1.207,0.01999
0.011,0.742,0.112,206373,9.9,1.0786,0.03131
0.057,0.751,0.102,824218,-3.7,0.1282,0.02003
0.058,0.772,0.199,105121,7.7,1.1088,0.02679
0.002,0.46,0.188,174269,-4.5,-0.5554,0.01778
0.006,0.465,0.153,647143,14.7,1.2406,0.03344
0.063,0.413,0.097,890959,2.4,0.964,0.00685
0.041,0.673,0.166,411364,14.6,1.4019,0.04328
0.03,0.479,0.09,969997,-4.5,-0.1008,0.00815
0.053,0.198,0.117,342916,-0.9,0.4408,0.01314
0.015,0.265,0.157,933147,11.2,1.2313,0.01619
0.01,0.506,0.09,836053,11.5,1.2219,0.02286
0.047,0.35,0.189,914426,-0.5,0.3531,0.009
0.032,0.285,0.077,642214,8.4,1.1693,0.01626
0.071,0.165,0.101,877926,3.5,1.0118,0.01342
0.091,0.611,0.141,603914,5.7,1.5182,0.01409
0.039,0.546,0.095,917951,-4.8,0.0019,0.00836
0.036,0.211,0.139,825647,1.9,0.5505,0.00803
0.076,0.273,0.159,155110,0.2,0.7133,0.01959
0.062,0.419,0.157,983014,7.6,1.3516,0.01158
0.022,0.606,0.097,539882,4.3,0.7494,0.00895
0.062,0.725,0.194,649937,5.2,0.9659,0.01576
0.069,0.534,0.16,627569,13.1,1.5625,0.04009
0.017,0.502,0.111,472010,12.5,1.2281,0.03021
0.015,0.626,0.179,242989,-1.7,-0.034,0.01256
0.058,0.783,0.121,802025,-5.0,-0.094,0.02331
0.042,0.614,0.149,879691,-2.1,0.3636,0.007
0.044,0.491,0.162,653818,10.5,1.3209,0.01993
0.05,0.549,0.115,605739,6.6,1.1864,0.01169
0.06,0.667,0.194,556560,-2.0,0.292,0.01465
0.086,0.758,0.142,878096,4.6,1.3352,0.02123
0.094,0.18,0.122,407292,11.9,1.7874,0.03617
0.089,0.734,0.105,574480,-3.0,0.326,0.03931
0.095,0.545,0.075,417163,6.4,1.643,0.01516
0.068,0.193,0.125,370777,8.0,1.3744,0.02054
0.087,0.48,0.104,801384,10.0,1.6313,0.02722
0.075,0.119,0.197,671407,12.8,1.3965,0.04904
0.098,0.372,0.095,636310,5.0,1.4686,0.01241
0.003,0.438,0.122,772639,4.7,0.573,0.00884
0.044,0.489,0.091,574742,0.4,0.6088,0.00561
0.051,0.243,0.102,141873,-1.1,0.4008,0.01779
0.055,0.237,0.102,754164,-0.9,0.4577,0.0098
0.006,0.115,0.136,259068,3.3,0.5175,0.0118
0.007,0.117,0.153,287706,-2.1,-0.1539,0.00956
0.055,0.637,0.176,953350,8.7,1.2737,0.01823
0.016,0.599,0.176,490867,3.0,0.4388,0.00875
0.044,0.391,0.174,714154,-1.4,0.3137,0.0088
0.016,0.666,0.148,847909,12.6,1.2854,0.02168
0.014,0.308,0.077,810714,-1.2,0.0344,0.00511
0.043,0.501,0.178,108014,12.5,1.3411,0.03705
0.057,0.21,0.174,857219,5.8,1.0651,0.01334
0.022,0.577,0.071,781065,5.8,0.8774,0.01202
0.078,0.182,0.089,761547,9.2,1.5986,0.01854
0.076,0.729,0.13,120741,2.6,0.6822,0.04941
0.083,0.728,0.132,746560,1.3,0.8908,0.02667
0.091,0.388,0.112,163481,13.8,1.8355,0.04629
0.069,0.41,0.077,902880,13.3,1.6013,0.0469
0.071,0.206,0.106,147559,9.3,1.5494,0.03729
0.075,0.169,0.17,210241,4.5,0.9138,0.02337
0.072,0.297,0.123,905029,6.0,1.2828,0.01146
0.089,0.494,0.155,668304,7.8,1.5652,0.01612
0.034,0.197,0.154,180111,-4.0,-0.0853,0.01902
0.045,0.258,0.114,974340,5.3,1.0383,0.00925
0.015,0.128,0.174,465633,7.1,0.9499,0.0152
0.036,0.387,0.174,412577,-3.0,0.1048,0.01033
0.087,0.343,0.123,561239,6.5,1.4509,0.01459
0.051,0.286,0.174,705894,3.6,0.9235,0.01086
0.038,0.133,0.115,534597,4.3,0.8481,0.01186
0.006,0.604,0.179,552766,13.8,1.1898,0.02824
0.002,0.121,0.137,376450,-2.0,-0.1903,0.0081
0.067,0.493,0.186,949257,7.9,1.3532,0.01535
0.095,0.519,0.189,690678,5.3,1.2811,0.01562
0.094,0.528,0.144,393598,4.0,1.4014,0.01376
0.013,0.756,0.138,569491,11.0,1.1541,0.01969
0.007,0.366,0.189,451321,-3.5,-0.2244,0.00957
0.02,0.533,0.123,797460,11.5,1.2514,0.02037
0.087,0.668,0.131,871522,8.9,1.5642,0.03027
0.089,0.325,0.09,920337,12.8,1.7337,0.04141
0.059,0.662,0.146,474515,-4.0,0.0455,0.01968
0.067,0.535,0.153,495604,7.7,1.3621,0.01495
0.096,0.318,0.153,327195,-0.5,0.7786,0.01586
0.023,0.349,0.135,391756,-2.6,-0.0028,0.00899
0.091,0.645,0.145,644466,3.5,1.2877,0.01643
0.039,0.512,0.168,529406,7.6,1.1044,0.01317
0.07,0.347,0.1,369036,-2.5,0.4929,0.01247
0.052,0.72,0.176,961195,4.1,0.8564,0.01142
0.081,0.576,0.084,932142,6.7,1.4281,0.02004
0.034,0.144,0.117,594745,3.2,0.7438,0.01028
0.021,0.245,0.197,756603,10.2,1.199,0.01568
0.053,0.504,0.105,818937,3.6,1.0349,0.00663
0.003,0.277,0.11,392429,-2.3,-0.2512,0.00789
0.068,0.538,0.08,362721,-0.1,0.8305,0.0105
0.003,0.303,0.082,877460,-2.4,-0.2388,0.00631
0.049,0.766,0.185,649017,-2.4,0.1151,0.01503
0.024,0.106,0.151,389505,-0.8,0.1404,0.00813
0.031,0.121,0.168,386592,0.6,0.3129,0.009
0.091,0.781,0.118,866965,11.0,1.8358,0.05077
0.025,0.119,0.165,865347,11.9,1.2891,0.02012
0.079,0.532,0.089,282251,15.0,1.6258,0.08581
0.011,0.169,0.08,550685,10.7,1.1357,0.02612
0.022,0.36,0.178,282305,-4.7,-0.2199,0.01305
0.064,0.415,0.126,503414,-1.9,0.5227,0.00927
0.01,0.332,0.149,317343,-2.3,-0.1301,0.00915
0.03,0.511,0.084,166017,6.0,0.9238,0.01789
0.022,0.596,0.154,377196,7.8,0.9812,0.01441
0.016,0.554,0.193,825679,8.1,1.0048,0.01293
0.079,0.265,0.161,104626,-0.5,0.6678,0.02549
0.04,0.391,0.088,659211,7.5,1.1686,0.01469
0.057,0.268,0.186,732507,9.0,1.308,0.01753
0.064,0.243,0.147,432778,8.1,1.3409,0.01819
0.072,0.209,0.194,456710,-0.7,0.4918,0.01392
0.025,0.649,0.139,305517,4.2,0.7917,0.01015
0.081,0.599,0.199,377807,-0.1,0.5211,0.02191
0.088,0.298,0.137,739086,13.8,1.916,0.02964
0.044,0.475,0.107,827471,3.4,0.9052,0.00655
0.051,0.424,0.076,837800,12.0,1.4836,0.03169
0.063,0.536,0.103,678737,-4.5,0.3188,0.00929
0.082,0.192,0.088,963295,4.2,1.1952,0.01344
0.098,0.451,0.193,565107,10.8,1.7214,0.0303
0.035,0.433,0.164,289888,2.6,0.7612,0.01123
0.022,0.151,0.186,153629,2.0,0.5018,0.01677
0.002,0.799,0.099,358933,11.5,1.0451,0.03846
0.026,0.618,0.116,537863,9.4,1.157,0.01857
0.008,0.474,0.094,515665,-2.9,-0.2501,0.00813
0.093,0.304,0.118,452639,6.3,1.4614,0.0168
0.035,0.533,0.074,950987,-3.9,0.0421,0.00769
0.073,0.665,0.121,893197,5.7,1.3163,0.01477
0.016,0.377,0.197,779887,11.6,1.1937,0.01917
0.07,0.78,0.174,127149,5.6,1.0637,0.02864
0.076,0.688,0.087,782788,10.5,1.683,0.03679
0.011,0.63,0.112,527945,-1.6,-0.0165,0.00693
0.087,0.275,0.098,608290,7.1,1.5111,0.01548
0.096,0.44,0.117,600836,14.0,1.7226,0.06161
0.005,0.466,0.092,973783,-3.3,-0.2959,0.00702
0.092,0.136,0.14,966536,8.7,1.3668,0.02646
0.003,0.602,0.169,626905,-1.0,-0.049,0.0075
0.003,0.144,0.174,918830,3.0,0.2914,0.00739
0.094,0.389,0.076,230661,1.7,1.1774,0.01365
0.038,0.166,0.074,559662,9.2,1.3185,0.01402
0.078,0.229,0.151,812420,12.4,1.7184,0.02662
0.084,0.702,0.086,409098,9.8,1.6296,0.0464
0.05,0.524,0.189,354550,8.6,1.2053,0.0182
0.079,0.114,0.141,698219,6.0,1.0954,0.02185
0.025,0.256,0.123,107777,-2.5,-0.1645,0.02025
0.013,0.125,0.09,743376,11.0,1.2185,0.02008
0.092,0.116,0.085,103064,6.0,1.2637,0.05848
0.005,0.704,0.114,103317,10.8,0.9499,0.05821
0.087,0.539,0.132,101663,11.2,1.6304,0.04667
0.055,0.574,0.076,249020,-4.5,0.0236,0.02383
0.005,0.518,0.103,202379,8.7,0.9305,0.0274
0.008,0.521,0.153,163001,-0.1,0.0539,0.01298
0.076,0.561,0.124,771497,-4.4,0.5008,0.00886
0.065,0.295,0.084,693469,-2.9,0.3781,0.01103
0.033,0.377,0.095,906663,4.9,0.9089,0.00769
0.038,0.102,0.17,919003,-1.7,0.2122,0.01043
0.084,0.713,0.148,573405,10.4,1.6054,0.03743
0.084,0.142,0.169,396040,13.4,1.6054,0.04802
0.024,0.383,0.073,705774,11.1,1.2114,0.03673
0.066,0.532,0.167,212639,14.8,1.4984,0.05651
0.079,0.475,0.072,872210,9.2,1.5679,0.02471
0.059,0.423,0.121,582516,8.5,1.4142,0.01323
0.096,0.767,0.108,838045,12.8,1.9289,0.06604
0.079,0.624,0.085,388097,9.1,1.508,0.03615
0.02,0.567,0.121,260598,14.1,1.2653,0.04849
0.0,0.524,0.119,703230,8.2,0.942,0.01419
0.041,0.32,0.187,923195,7.3,1.135,0.01184
0.029,0.129,0.073,767424,13.1,1.4136,0.03146
0.011,0.191,0.154,116653,1.5,0.4503,0.0175
0.088,0.515,0.15,368454,9.5,1.652,0.02225
0.018,0.748,0.131,373695,2.6,0.5225,0.00834
0.039,0.795,0.077,108567,-2.3,0.0215,0.01888
0.006,0.462,0.115,240088,-1.0,-0.0788,0.00932
0.032,0.635,0.101,710560,14.9,1.4737,0.04352
0.063,0.73,0.176,833632,4.4,0.9834,0.01408
0.092,0.553,0.111,167655,7.4,1.4374,0.03973
0.021,0.576,0.103,852655,11.6,1.2949,0.022
0.023,0.507,0.192,206594,9.8,1.072,0.02182
0.092,0.725,0.092,251346,11.5,1.7773,0.06724
0.016,0.52,0.121,502753,-2.8,-0.087,0.00801
0.015,0.242,0.114,971172,-3.1,-0.1451,0.0073
0.012,0.757,0.15,542998,0.9,0.2672,0.00722
0.087,0.415,0.072,595017,11.1,1.6114,0.04209
0.022,0.184,0.081,490781,13.2,1.2492,0.04167
0.048,0.118,0.121,465871,12.1,1.5261,0.02852
0.017,0.454,0.153,253452,2.9,0.5975,0.01141
0.067,0.446,0.163,835155,2.6,0.8952,0.00927
0.067,0.236,0.089,172481,9.9,1.628,0.03091
0.073,0.681,0.124,294574,13.7,1.607,0.06273
0.035,0.324,0.174,759228,4.6,0.8872,0.01009
0.067,0.505,0.072,580933,11.7,1.5414,0.04398
0.096,0.27,0.082,834023,2.9,1.2219,0.01256
0.072,0.754,0.093,523140,4.9,1.2955,0.0196
0.012,0.65,0.091,674113,-3.5,-0.2403,0.00837
0.003,0.662,0.148,784580,14.4,1.2562,0.02825
0.059,0.793,0.09,292366,0.1,0.4459,0.0293
0.017,0.49,0.133,720784,11.8,1.2337,0.02094
0.048,0.226,0.168,496666,14.9,1.6096,0.03285
0.03,0.64,0.175,469924,6.7,0.9305,0.01272
0.012,0.196,0.13,349904,5.8,0.8491,0.01249
0.07,0.625,0.155,211554,9.1,1.4383,0.02427
0.003,0.775,0.133,386562,-2.6,-0.2662,0.00897
0.056,0.785,0.173,156736,6.3,1.1137,0.02121
0.035,0.125,0.196,371410,1.7,0.39,0.01035
0.075,0.659,0.192,206379,10.3,1.4404,0.03088
0.02,0.237,0.102,971647,1.5,0.3793,0.00585
0.006,0.586,0.112,598732,-3.1,-0.2573,0.00764
0.006,0.198,0.11,974968,7.5,0.9262,0.01192
0.075,0.262,0.163,953106,-3.6,0.3504,0.01032
0.048,0.107,0.087,459327,-2.3,0.2361,0.02741
0.018,0.103,0.178,819195,11.3,1.1832,0.01961
0.056,0.627,0.119,455713,11.7,1.4486,0.03498
0.042,0.591,0.095,833660,10.7,1.407,0.02284
0.097,0.472,0.087,829203,9.4,1.6429,0.03151
0.014,0.135,0.115,597453,-1.3,0.0055,0.00612
0.072,0.151,0.079,958204,5.0,1.1565,0.00434
0.018,0.253,0.116,889703,-4.7,-0.2846,0.00872
0.049,0.554,0.124,819527,9.5,1.3214,0.01882
0.034,0.225,0.13,273036,5.6,0.9581,0.0145
0.015,0.124,0.13,957525,3.4,0.502,0.00778
0.099,0.529,0.158,376058,-0.9,0.9819,0.01408
0.025,0.262,0.16,724651,-3.1,-0.0343,0.0086
0.064,0.363,0.132,898050,4.2,1.0815,0.00912
0.024,0.255,0.173,989166,8.3,1.1824,0.01177
0.046,0.45,0.094,373475,-4.8,0.0165,0.01375
0.018,0.421,0.174,548719,-4.2,-0.1874,0.00931
0.002,0.515,0.168,571286,4.0,0.3898,0.00862
0.042,0.703,0.154,199514,1.4,0.4248,0.01978
0.025,0.765,0.078,755716,-3.8,-0.1671,0.01128
0.063,0.648,0.159,820656,14.7,1.6093,0.04562
0.057,0.474,0.191,177494,5.1,1.1113,0.01843
0.023,0.617,0.135,201571,6.3,0.9143,0.01429
0.006,0.506,0.148,357421,13.9,1.1485,0.03551
0.08,0.459,0.112,737970,-4.5,0.455,0.00951
0.067,0.494,0.193,236772,-2.1,0.4058,0.01677
0.044,0.241,0.149,324498,14.4,1.5584,0.03144
0.014,0.735,0.082,587025,12.8,0.7196,0.13023
0.056,0.525,0.19,987105,13.6,1.5198,0.03673
0.064,0.739,0.084,456061,7.6,1.4283,0.02825
0.013,0.354,0.173,321863,-4.1,-0.2526,0.01126
0.057,0.52,0.171,870757,-1.4,0.5156,0.00774
0.084,0.661,0.12,782595,5.5,1.445,0.01472
0.034,0.114,0.162,537554,8.6,1.0906,0.01821
0.041,0.413,0.152,471664,12.8,1.3806,0.03038
0.019,0.48,0.152,160267,5.3,0.8874,0.01494
0.078,0.797,0.167,527064,7.2,1.4108,0.02659
0.038,0.266,0.107,444080,8.8,1.2782,0.01379
0.021,0.615,0.139,398427,4.1,0.775,0.00955
0.001,0.592,0.155,351674,7.1,0.8879,0.01514
0.085,0.304,0.145,747300,-1.5,0.631,0.01114
0.077,0.753,0.118,518948,9.7,1.6047,0.03764
0.032,0.439,0.198,841357,-0.9,0.2201,0.00835
0.093,0.292,0.119,885166,8.4,1.617,0.0167
0.087,0.732,0.155,216085,-1.9,0.2658,0.04434
0.098,0.359,0.106,134107,-2.2,0.6691,0.03802
0.05,0.445,0.085,843308,12.7,1.5233,0.03164
0.076,0.621,0.169,523507,5.6,1.2234,0.01499
0.053,0.35,0.141,748500,12.3,1.5502,0.02279
0.0,0.671,0.106,902544,13.2,1.24,0.0242
0.044,0.273,0.08,881620,14.3,1.472,0.0463
0.031,0.448,0.167,520793,-2.2,0.1426,0.00883
0.096,0.427,0.151,248837,6.4,1.5608,0.01981
0.052,0.219,0.134,923941,1.3,0.6266,0.01035
0.02,0.322,0.131,720795,2.2,0.4525,0.00704
0.072,0.104,0.128,680049,-4.0,0.2979,0.02499
0.016,0.165,0.129,426745,8.6,1.0773,0.01476
0.079,0.317,0.175,416891,8.7,1.4791,0.02076
0.082,0.473,0.105,672001,13.4,1.6297,0.05433
0.087,0.495,0.197,707309,5.2,1.1667,0.01481
0.026,0.591,0.188,702070,-2.9,0.0544,0.00821
0.009,0.633,0.182,284001,3.0,0.3705,0.01082
0.085,0.578,0.092,163258,1.7,0.7905,0.04159
0.073,0.274,0.128,385741,11.4,1.7475,0.0236
0.046,0.509,0.164,373566,13.0,1.3723,0.03551
0.05,0.734,0.138,144326,6.4,1.1572,0.01775
0.098,0.668,0.124,588589,7.9,1.6226,0.03019
0.07,0.713,0.146,287399,-3.4,0.0284,0.03242
0.093,0.218,0.098,928800,4.8,1.3125,0.01475
0.082,0.376,0.168,268133,7.2,1.4629,0.02006
0.075,0.417,0.108,667634,14.4,1.5923,0.05989
0.062,0.461,0.152,397513,4.9,1.159,0.01141
0.019,0.796,0.122,794186,-1.9,0.0298,0.00789
0.062,0.774,0.186,448075,-2.9,0.0753,0.02265
0.045,0.668,0.19,181640,0.9,0.3238,0.02141
0.083,0.161,0.199,346457,-1.6,0.5023,0.02334
0.084,0.348,0.141,353178,6.5,1.4323,0.01691
0.005,0.589,0.133,506917,3.7,0.4817,0.00864
0.052,0.629,0.192,357320,2.1,0.6725,0.01188
0.038,0.546,0.129,752364,5.3,0.9851,0.00886
0.039,0.264,0.137,182419,-3.2,0.0681,0.01634
0.027,0.191,0.104,841307,8.7,1.1934,0.01181
0.099,0.633,0.12,868398,7.7,1.6315,0.02622
0.065,0.117,0.103,191466,4.8,1.0437,0.02471
0.058,0.272,0.168,123493,-1.2,0.4458,0.01906
0.089,0.758,0.13,402162,7.4,1.5383,0.03197
0.051,0.174,0.152,706109,3.6,0.9183,0.0118
0.095,0.505,0.177,182158,7.7,1.4142,0.03362
0.009,0.395,0.101,449494,-4.7,-0.4911,0.01143
0.038,0.503,0.118,671180,-0.5,0.4294,0.00674
0.049,0.108,0.146,713528,1.1,0.5455,0.01393
0.052,0.302,0.173,568319,13.1,1.5669,0.02536
0.079,0.124,0.186,878865,11.2,1.1947,0.03836
0.064,0.441,0.141,494508,14.2,1.5363,0.04829
0.018,0.341,0.114,226979,11.4,1.1546,0.03172
0.077,0.327,0.163,220796,12.5,1.7488,0.03432
0.059,0.352,0.111,170679,5.5,1.2064,0.01723
0.036,0.216,0.125,859911,-2.6,0.1112,0.00854
0.027,0.36,0.197,459437,0.8,0.2875,0.0094
0.001,0.364,0.17,849137,9.8,1.0678,0.01484
0.059,0.361,0.09,954055,-3.4,0.2941,0.00828
0.099,0.322,0.119,183115,0.9,1.0381,0.02023
0.098,0.356,0.172,542043,-4.1,0.4964,0.01255
0.084,0.343,0.102,177038,-4.3,0.3582,0.04967
0.063,0.454,0.177,440434,-4.9,0.1989,0.01163
0.052,0.368,0.175,492355,11.2,1.4487,0.02076
0.011,0.687,0.078,330851,8.6,0.9608,0.03588
0.074,0.271,0.072,945172,3.4,1.096,0.01058
0.011,0.303,0.193,342993,-3.1,-0.1654,0.01035
0.027,0.561,0.197,393932,-3.7,-0.0457,0.0112
0.064,0.155,0.161,249953,11.2,1.5136,0.03499
0.074,0.624,0.171,430136,5.9,1.2152,0.01599
0.021,0.15,0.18,777462,-3.2,-0.103,0.00783
0.046,0.592,0.174,158941,12.1,1.3089,0.0341
0.099,0.757,0.148,571558,-1.1,0.6013,0.04064
0.095,0.418,0.156,859086,1.8,1.0354,0.01137
0.045,0.367,0.096,215063,11.1,1.2901,0.03474
0.063,0.336,0.134,808553,-2.2,0.4323,0.00887
0.057,0.542,0.091,925614,3.5,1.093,0.00626
0.07,0.413,0.073,515739,-1.0,0.6904,0.00847
0.052,0.281,0.162,960481,13.8,1.6635,0.02417
0.052,0.122,0.119,133994,2.0,0.6468,0.01961
0.036,0.241,0.181,799362,6.5,1.0701,0.01229
0.055,0.283,0.109,525902,3.6,0.9376,0.01019
0.041,0.645,0.1,572275,4.6,0.9798,0.00946
0.015,0.796,0.146,770484,9.0,1.056,0.01412
0.01,0.595,0.188,634694,12.1,1.1529,0.02124
0.016,0.462,0.091,842501,11.7,1.2756,0.02276
0.011,0.59,0.109,313601,5.3,0.7383,0.01186
0.011,0.607,0.093,361841,10.7,1.1136,0.03399
0.018,0.694,0.093,316396,0.9,0.3125,0.00871
0.027,0.269,0.114,507686,6.6,1.0052,0.011
0.095,0.263,0.147,574578,6.9,1.4156,0.01957
0.085,0.468,0.124,665882,-0.3,0.9354,0.0088
0.096,0.778,0.143,960624,7.6,1.6175,0.03659
0.084,0.433,0.169,613692,3.5,1.0826,0.01236
0.001,0.207,0.097,234975,7.3,0.7893,0.02132
0.065,0.681,0.076,508008,-4.0,0.2511,0.02003
0.051,0.471,0.112,828232,-4.0,0.1966,0.00802
0.003,0.268,0.121,810543,1.9,0.2153,0.00595
0.016,0.479,0.194,200869,7.0,1.0271,0.01822
0.044,0.422,0.157,399852,3.9,0.9497,0.01053
0.031,0.152,0.183,911666,-3.9,-0.0476,0.00962
0.095,0.222,0.108,716964,8.5,1.6089,0.01982
0.073,0.163,0.184,448976,14.5,1.6145,0.04637
0.036,0.269,0.124,366298,14.3,1.3539,0.04535
0.089,0.199,0.147,898737,8.9,1.5048,0.02257
0.074,0.506,0.196,878443,7.9,1.3786,0.01779
0.037,0.149,0.186,388054,10.5,1.2012,0.02443
0.05,0.423,0.173,865193,9.1,1.3301,0.0143
0.062,0.545,0.09,135322,1.3,0.6076,0.0284
0.031,0.423,0.173,716117,-0.7,0.2645,0.00808
0.026,0.406,0.161,537847,13.9,1.3183,0.03333
0.022,0.663,0.092,792169,-4.0,-0.133,0.00872
0.022,0.589,0.086,800967,1.1,0.4506,0.00437
0.081,0.746,0.117,870914,8.0,1.5479,0.03082
0.002,0.493,0.196,640344,-2.3,-0.1643,0.00846
0.044,0.598,0.077,686941,9.0,1.3405,0.02209
0.056,0.314,0.193,208476,8.3,1.3329,0.02338
0.028,0.571,0.131,553432,12.9,1.3051,0.03029
0.088,0.526,0.194,496910,14.8,1.693,0.05849
0.068,0.216,0.156,979557,14.1,1.7632,0.02911
0.07,0.631,0.085,762497,7.3,1.4011,0.02152
0.075,0.278,0.168,428817,13.3,1.7535,0.03061
0.072,0.499,0.11,280577,3.4,1.2099,0.01178
0.062,0.303,0.169,435843,6.5,1.1882,0.01535
0.034,0.239,0.158,407154,0.3,0.3294,0.00853
0.023,0.566,0.089,983379,-2.6,0.0441,0.00622
0.003,0.518,0.116,100230,11.6,0.8257,0.07288
0.017,0.635,0.139,347545,13.4,1.2116,0.03465
0.048,0.525,0.117,640707,-2.8,0.317,0.00795
0.051,0.152,0.163,506333,-4.0,0.1332,0.01445
0.068,0.76,0.172,279100,5.9,1.1942,0.02011
0.024,0.107,0.189,946081,-2.6,-0.0265,0.00778
0.008,0.63,0.175,892786,-1.1,0.0033,0.00702
0.064,0.689,0.164,505543,-2.5,0.2117,0.0211
0.05,0.132,0.093,635219,9.7,1.4248,0.01935
0.097,0.68,0.081,310837,-4.3,-0.2792,0.10929
0.058,0.545,0.082,132369,-2.6,0.1068,0.02886
0.057,0.105,0.176,162599,13.1,1.3344,0.05781
0.083,0.214,0.152,537562,-2.3,0.5241,0.0184
0.004,0.11,0.165,442758,12.6,1.1453,0.02394
0.078,0.307,0.184,863703,2.8,0.8289,0.01314
0.062,0.58,0.086,645941,1.0,0.9435,0.00723
0.0,0.614,0.081,412543,-3.1,-0.4261,0.00847
0.059,0.53,0.097,208416,-2.9,0.2227,0.02079
0.051,0.759,0.125,224072,3.7,0.8125,0.02014
0.095,0.308,0.092,326626,14.5,1.8099,0.0577
0.069,0.699,0.113,878424,13.5,1.7423,0.04618
0.072,0.405,0.114,440416,-0.4,0.7527,0.00976
0.095,0.649,0.121,411859,10.8,1.6674,0.04758
0.09,0.791,0.17,424485,12.4,1.7272,0.05409
0.039,0.46,0.11,822969,8.4,1.2077,0.01488
0.069,0.195,0.127,691315,-0.1,0.6261,0.01327
0.042,0.72,0.123,138758,4.6,0.839,0.01766
0.027,0.471,0.158,647135,0.8,0.3865,0.00737
0.039,0.763,0.173,258242,10.2,1.2029,0.02354
0.011,0.147,0.188,291997,4.7,0.5995,0.01387
0.067,0.436,0.125,282704,10.7,1.5686,0.02251
0.074,0.621,0.174,333549,-0.5,0.4346,0.02506
0.016,0.522,0.183,158153,12.7,1.13,0.03388
0.038,0.121,0.128,772473,1.4,0.498,0.01134
0.076,0.129,0.16,371127,1.8,0.6999,0.02238
0.08,0.622,0.104,794431,-3.5,0.6919,0.00918
0.05,0.526,0.079,409888,13.3,1.3431,0.07473
0.04,0.429,0.198,935088,3.0,0.5738,0.00851
0.004,0.202,0.079,760697,11.2,1.0858,0.03161
0.045,0.588,0.16,990639,4.2,0.8592,0.0086
0.053,0.248,0.078,107283,5.5,1.1034,0.0216
0.004,0.217,0.118,789884,-4.3,-0.4206,0.00849
0.053,0.165,0.155,701371,9.4,1.3046,0.01888
0.027,0.765,0.09,586906,13.1,1.3981,0.04468
0.032,0.132,0.109,214260,-2.0,0.1262,0.01631
0.095,0.151,0.156,652777,9.7,1.3718,0.0325
0.067,0.291,0.168,477786,0.4,0.601,0.01231
0.08,0.133,0.071,399019,3.5,1.0508,0.01173
0.024,0.557,0.143,188697,2.6,0.6965,0.01163
0.085,0.57,0.181,137233,-3.1,-0.0161,0.04907
0.041,0.622,0.118,725696,5.7,1.0321,0.01046
0.07,0.26,0.172,243668,5.4,1.1482,0.01935
0.046,0.259,0.157,267723,9.8,1.3865,0.02154
0.008,0.208,0.146,257564,9.2,1.031,0.01867
0.096,0.338,0.09,174064,5.1,1.4911,0.02042
0.073,0.749,0.139,790323,10.0,1.5832,0.03184
0.039,0.346,0.143,759502,-3.7,0.0555,0.00861
0.048,0.379,0.091,703430,3.9,0.9501,0.00775
0.091,0.207,0.157,757822,1.4,0.8283,0.01553
0.038,0.273,0.193,230866,10.5,1.316,0.02428
0.092,0.124,0.143,650863,-1.6,0.6062,0.0333
0.091,0.359,0.137,900269,8.8,1.6465,0.01667
0.056,0.199,0.161,997412,4.1,0.9803,0.01109
0.045,0.293,0.131,416564,4.7,0.973,0.01159
0.035,0.114,0.169,447296,-0.5,0.3032,0.01118
0.051,0.212,0.086,573100,8.4,1.3535,0.01454
0.07,0.649,0.195,366111,-5.0,-0.1677,0.02704
0.023,0.234,0.1,765289,4.5,0.7767,0.00829
0.099,0.287,0.145,581981,-3.2,0.5893,0.01821
0.037,0.615,0.082,362220,10.0,1.3309,0.03533
0.016,0.408,0.122,569251,7.3,0.968,0.01286
0.054,0.487,0.139,557845,14.9,1.4838,0.05199
0.003,0.534,0.101,933716,-0.6,-0.0172,0.00481
0.042,0.322,0.177,492603,0.3,0.3852,0.00904
0.09,0.413,0.199,700736,8.5,1.523,0.02137
0.055,0.365,0.124,631085,8.7,1.3997,0.01275
0.035,0.351,0.129,716344,7.5,1.16,0.01084
0.093,0.633,0.138,307151,10.2,1.6673,0.03561
0.038,0.658,0.188,697452,9.6,1.184,0.01829
0.014,0.499,0.118,142937,-1.2,-0.1106,0.01451
0.05,0.75,0.153,876143,13.2,1.564,0.03126
0.022,0.245,0.19,119122,-4.3,-0.3899,0.02218
0.024,0.481,0.15,650055,-0.8,0.2135,0.00728
0.004,0.329,0.184,272808,7.8,0.9812,0.01784
0.093,0.301,0.146,960636,13.8,1.9549,0.03074
0.08,0.44,0.122,950011,10.1,1.6681,0.01836
0.067,0.209,0.186,289553,5.8,1.0618,0.02017
0.035,0.493,0.1,877146,9.4,1.2604,0.01713
0.024,0.313,0.186,897344,0.6,0.2518,0.00767
0.06,0.394,0.139,346613,13.0,1.5479,0.03289
0.057,0.237,0.186,314760,-0.4,0.4548,0.01323
0.047,0.528,0.114,706164,-3.3,0.252,0.00787
0.006,0.205,0.164,119722,2.1,0.4509,0.01841
0.04,0.776,0.078,465320,-3.5,-0.1234,0.01572
0.001,0.729,0.15,500859,-0.3,-0.012,0.00724
0.069,0.188,0.139,774460,-2.6,0.3974,0.01254
0.039,0.352,0.099,572931,14.2,1.3845,0.04675
0.023,0.643,0.119,416019,1.2,0.446,0.00724
0.068,0.473,0.145,821206,4.1,1.134,0.0086
0.001,0.738,0.088,444420,-4.4,-0.5462,0.01077
0.084,0.329,0.19,772841,-0.7,0.5765,0.012
0.026,0.703,0.118,862658,10.8,1.2966,0.01957
0.079,0.23,0.161,979986,-4.0,0.3431,0.01122
0.092,0.344,0.144,443725,9.3,1.6832,0.02082
0.059,0.641,0.109,706621,10.9,1.5058,0.02898
0.078,0.708,0.122,638634,8.4,1.4994,0.0288
0.097,0.302,0.081,578709,7.0,1.6228,0.01574
0.098,0.395,0.161,900150,9.4,1.7151,0.02089
0.032,0.396,0.163,927686,8.0,1.1457,0.01127
0.076,0.309,0.134,487447,-3.1,0.46,0.01207
0.045,0.75,0.073,755463,0.7,0.7139,0.01008
0.023,0.126,0.178,627446,0.8,0.2502,0.00799
0.043,0.777,0.145,228898,0.9,0.4125,0.01962
0.063,0.445,0.187,668474,5.4,1.1253,0.01176
0.009,0.75,0.099,492996,1.5,0.3059,0.00569
0.094,0.394,0.149,713043,7.5,1.553,0.01632
0.005,0.709,0.125,748748,13.8,1.2503,0.02782
0.055,0.516,0.111,162154,-4.2,-0.0293,0.02648
0.001,0.576,0.126,897960,1.2,0.1278,0.00572
0.01,0.792,0.141,164631,3.2,0.5485,0.01322
0.091,0.308,0.084,906131,10.4,1.8528,0.01627
0.022,0.36,0.091,184752,-4.8,-0.4422,0.02056
0.015,0.319,0.134,345591,1.2,0.3055,0.00845
0.001,0.308,0.086,353928,-4.1,-0.5097,0.01095
0.089,0.237,0.122,482420,-3.0,0.502,0.02068
0.037,0.43,0.177,815693,4.5,0.9014,0.00904
0.065,0.754,0.194,237086,-3.9,-0.1607,0.03118
0.017,0.79,0.166,185746,2.8,0.4849,0.013
0.088,0.575,0.094,202817,11.5,1.5487,0.06085
0.046,0.412,0.112,816108,-2.5,0.2734,0.00749
0.055,0.769,0.159,347382,9.3,1.3237,0.02424
0.078,0.756,0.118,138003,6.9,1.3474,0.0306
0.065,0.67,0.131,421109,6.7,1.2894,0.01636
0.077,0.374,0.12,225642,-2.5,0.5569,0.0158
0.097,0.407,0.187,100239,9.7,0.6714,0.14285
0.089,0.637,0.075,260033,9.4,1.594,0.05111
0.091,0.107,0.107,151497,-1.6,0.559,0.03206
0.025,0.778,0.145,450642,10.7,1.215,0.02112
0.061,0.668,0.184,104652,11.1,1.4276,0.03542
0.052,0.327,0.136,748992,11.9,1.5487,0.01979
0.083,0.423,0.157,504731,14.9,1.7595,0.04959
0.034,0.255,0.133,372169,3.4,0.7921,0.01093
0.077,0.544,0.17,841081,13.9,1.6491,0.0473
0.028,0.182,0.194,218888,11.6,1.275,0.02868
0.06,0.727,0.17,178232,2.1,0.5687,0.02764
0.042,0.457,0.16,609132,6.6,1.0961,0.01088
0.008,0.227,0.143,231721,13.3,1.1257,0.036
0.033,0.472,0.096,893642,13.0,1.4445,0.02716
0.093,0.176,0.19,798964,6.9,1.0712,0.02595
0.014,0.134,0.078,137588,9.6,1.0547,0.03578
0.08,0.215,0.113,756404,3.0,1.0277,0.01343
0.03,0.103,0.108,436269,-3.5,-0.0367,0.00657
0.099,0.791,0.139,762033,14.1,1.9442,0.07563
0.04,0.674,0.082,193104,-1.1,0.0954,0.01779
0.039,0.154,0.094,170580,13.3,1.5354,0.03357
0.003,0.606,0.185,161007,-4.4,-0.5632,0.01877
0.069,0.683,0.11,224287,6.0,1.2223,0.02296
0.04,0.373,0.175,521726,-1.4,0.2769,0.00948
0.018,0.652,0.087,483906,-3.8,-0.2536,0.01072
0.037,0.592,0.175,565456,12.5,1.3311,0.02826
0.071,0.723,0.176,352703,0.8,0.5664,0.02432
0.021,0.594,0.092,693428,2.0,0.5549,0.00521
0.019,0.736,0.103,589623,1.9,0.5076,0.00599
0.084,0.737,0.079,291884,11.2,1.6935,0.09332
0.035,0.374,0.133,402301,11.6,1.3011,0.02462
0.052,0.436,0.135,767361,11.0,1.4327,0.02153
0.06,0.711,0.188,140120,-3.5,-0.2328,0.03746
0.011,0.158,0.114,260587,13.2,1.1871,0.0383
0.064,0.365,0.168,328088,9.0,1.4496,0.01887
0.039,0.401,0.121,747190,11.7,1.3712,0.02334
0.057,0.75,0.16,365868,7.6,1.2246,0.01993
0.004,0.129,0.139,236472,0.0,0.0408,0.00943
0.074,0.623,0.177,141978,0.6,0.3328,0.04318
0.05,0.436,0.108,428086,12.0,1.3841,0.03436
0.03,0.189,0.092,399501,2.1,0.5713,0.00869
0.002,0.468,0.09,168679,8.9,0.8786,0.04103
0.002,0.17,0.158,853904,1.6,0.1644,0.00678
0.074,0.405,0.143,188756,6.1,1.4012,0.01942
0.081,0.301,0.131,465831,14.5,1.8798,0.03313
0.009,0.53,0.148,987105,12.2,1.2328,0.01881
0.03,0.2,0.081,118987,0.7,0.4192,0.01141
0.097,0.352,0.16,599665,11.3,1.8086,0.02619
0.01,0.147,0.125,603822,-3.1,-0.2116,0.00741
0.029,0.417,0.132,535264,-3.3,0.0047,0.00864
0.019,0.483,0.082,212365,6.2,0.8348,0.01808
0.029,0.14,0.077,714784,11.5,1.4025,0.0213
0.068,0.358,0.192,738065,0.8,0.6027,0.0112
0.09,0.703,0.182,258807,12.6,1.6442,0.04883
0.073,0.784,0.193,688878,7.9,1.3258,0.02455
0.05,0.557,0.18,612176,14.1,1.4634,0.04075
0.063,0.231,0.185,419903,13.2,1.6133,0.03145
0.025,0.444,0.134,288428,6.8,0.9978,0.01309
0.05,0.688,0.141,489827,8.5,1.2503,0.01875
0.078,0.631,0.156,637405,12.8,1.6063,0.04299
0.048,0.193,0.096,326255,4.5,0.9297,0.01364
0.024,0.722,0.093,307939,0.8,0.306,0.01139
0.03,0.348,0.142,569170,-3.2,0.0168,0.00879
0.081,0.522,0.16,447700,2.9,1.156,0.01154
0.023,0.339,0.136,823496,8.8,1.1498,0.01328
0.029,0.621,0.101,399329,7.1,1.0309,0.0163
0.07,0.148,0.088,261146,0.5,0.6687,0.02496
0.037,0.636,0.09,959591,13.3,1.5493,0.03092
0.01,0.625,0.158,495417,7.2,0.9602,0.01341
0.074,0.551,0.155,613055,4.8,1.2377,0.01054
0.067,0.631,0.092,429441,0.7,0.8348,0.01612
0.022,0.619,0.121,477551,14.1,1.3141,0.03811
0.073,0.239,0.179,452507,1.6,0.6752,0.01497
0.017,0.716,0.154,351346,-4.2,-0.3612,0.01366
0.074,0.11,0.141,874671,-2.8,0.4028,0.03219
0.016,0.341,0.165,169137,1.1,0.3237,0.01371
0.085,0.262,0.166,468354,-1.0,0.5998,0.01429
0.019,0.187,0.188,805264,11.0,1.2264,0.01669
0.093,0.27,0.148,538321,13.0,1.8819,0.03097
0.081,0.284,0.104,872619,-1.1,0.6871,0.01092
0.07,0.608,0.182,546227,1.3,0.8479,0.011
0.037,0.714,0.073,219100,-4.5,-0.2814,0.02166
0.095,0.461,0.124,299077,1.9,1.2401,0.01354
0.043,0.523,0.076,888133,12.3,1.4539,0.03684
0.062,0.285,0.172,730776,3.2,0.9087,0.01104
0.053,0.243,0.084,240247,14.7,1.3629,0.07725
0.04,0.548,0.083,777770,6.8,1.1384,0.01437
0.074,0.226,0.083,482182,7.4,1.4511,0.01677
0.1,0.617,0.193,621233,0.6,0.9171,0.01783
0.087,0.686,0.153,429250,13.4,1.6924,0.05647
0.001,0.654,0.11,326986,-4.9,-0.6441,0.01204
0.057,0.134,0.087,939805,3.0,0.8471,0.01244
0.085,0.599,0.081,727614,10.6,1.6556,0.04083
0.017,0.314,0.165,462053,9.7,1.1207,0.01601
0.047,0.272,0.099,680734,-1.1,0.3783,0.00849
0.016,0.16,0.176,934625,-0.0,0.1322,0.00714
0.018,0.303,0.128,309580,-3.2,-0.1479,0.01051
0.002,0.583,0.07,235532,-4.0,-0.4496,0.01277
0.054,0.293,0.1,530759,3.0,0.874,0.0094
0.043,0.777,0.162,748754,4.8,0.9048,0.01161
0.084,0.146,0.094,707895,8.9,1.5599,0.023
0.023,0.366,0.156,611588,1.3,0.3464,0.00731
0.012,0.703,0.122,364050,6.5,0.8441,0.0134
0.097,0.606,0.13,371538,11.7,1.7104,0.04811
0.088,0.414,0.159,630190,1.5,0.9524,0.01157
0.058,0.512,0.087,121446,11.3,1.5078,0.05984
0.004,0.193,0.114,952847,-3.7,-0.3371,0.00729
0.003,0.676,0.192,499914,-0.3,0.0109,0.00873
0.061,0.731,0.136,888974,2.0,0.9457,0.01024
0.052,0.683,0.197,511685,1.2,0.5423,0.01112
0.059,0.204,0.138,434344,9.4,1.4063,0.02019
0.0,0.711,0.135,421248,-2.4,-0.2521,0.00808
0.068,0.413,0.13,694365,12.3,1.5993,0.02955
0.0,0.666,0.075,102138,4.7,0.5254,0.0194
0.031,0.649,0.118,918650,-2.0,0.2484,0.0063
0.033,0.194,0.177,157031,2.7,0.7726,0.01763
0.025,0.475,0.104,645896,-2.3,0.075,0.00703
0.057,0.537,0.19,263176,5.1,1.0551,0.01431
0.084,0.519,0.117,789548,-2.1,0.8069,0.00804
0.028,0.17,0.077,939946,-3.5,-0.0712,0.00951
0.042,0.508,0.107,504909,0.7,0.5955,0.00641
0.028,0.316,0.164,707982,12.5,1.3475,0.02189
0.005,0.661,0.135,895056,10.6,1.1345,0.01652
0.005,0.134,0.108,162352,9.7,1.0029,0.03072
0.031,0.703,0.108,607679,0.1,0.4474,0.00768
0.057,0.148,0.111,426679,1.1,0.6343,0.01656
0.066,0.524,0.072,709734,12.6,1.5685,0.05377
0.054,0.14,0.132,800514,1.5,0.6413,0.01266
0.099,0.779,0.138,217446,10.8,1.6997,0.05382
0.014,0.112,0.178,938858,7.8,0.9303,0.01284
0.068,0.266,0.153,724352,8.9,1.4277,0.01688
0.098,0.323,0.171,530309,14.9,1.9587,0.04178
0.04,0.678,0.177,606167,2.1,0.6143,0.00866
0.064,0.431,0.072,174247,5.3,1.2774,0.01439
0.047,0.24,0.084,461287,13.3,1.4473,0.04119
0.011,0.511,0.115,634567,5.9,0.8185,0.01099
0.007,0.333,0.147,448093,5.4,0.7313,0.01128
0.034,0.667,0.133,809433,10.6,1.2987,0.01962
0.005,0.386,0.185,634569,-0.3,0.022,0.00799
0.032,0.36,0.164,192082,-1.9,0.1337,0.01257
0.045,0.217,0.107,207747,3.3,0.8001,0.01369
0.061,0.515,0.157,524853,9.6,1.4036,0.01932
0.028,0.288,0.171,869681,0.4,0.2831,0.00743
0.079,0.342,0.142,634779,10.0,1.6405,0.01822
0.049,0.486,0.195,793554,3.3,0.7155,0.00939
0.088,0.198,0.088,351867,5.3,1.3302,0.02086
0.049,0.733,0.127,160983,10.8,1.3615,0.0375
0.04,0.455,0.192,253976,11.9,1.2825,0.02852
0.071,0.224,0.191,634435,-0.3,0.5029,0.01269
0.003,0.198,0.118,239125,-1.7,-0.2188,0.00978
0.058,0.101,0.157,730527,6.8,0.9723,0.01928
0.025,0.432,0.096,473349,7.8,1.0403,0.01661
0.051,0.358,0.138,669287,5.8,1.1247,0.01033
0.003,0.202,0.112,941758,4.6,0.5558,0.00823
0.09,0.222,0.109,929703,4.5,1.2416,0.01425
0.077,0.405,0.153,212221,11.7,1.7151,0.02868
0.05,0.718,0.179,632314,10.0,1.2427,0.0214
0.038,0.165,0.135,328453,10.1,1.3354,0.02203
0.084,0.64,0.143,232260,0.9,0.6373,0.03769
0.012,0.676,0.146,676322,8.2,0.996,0.01345
0.079,0.291,0.102,378957,4.0,1.1729,0.01351
0.062,0.744,0.103,848732,1.3,0.843,0.01658
0.09,0.753,0.165,573057,10.8,1.6709,0.0424
0.002,0.127,0.115,734732,8.5,0.9706,0.01433
0.039,0.201,0.197,858593,11.4,1.3144,0.02129
0.019,0.418,0.17,642486,3.0,0.4672,0.00783
0.089,0.242,0.071,214096,-3.8,0.4081,0.05195
0.015,0.693,0.187,703942,-0.7,0.1179,0.00765
0.032,0.198,0.108,542540,-2.5,0.0874,0.00953
0.037,0.613,0.196,861312,14.6,1.435,0.03633
0.026,0.371,0.186,520945,9.7,1.1556,0.01614
0.029,0.778,0.143,708895,3.5,0.7028,0.00871
0.047,0.409,0.099,918582,5.0,1.0617,0.00785
0.08,0.701,0.147,478484,7.7,1.4351,0.02459
0.007,0.672,0.08,820427,10.6,1.1181,0.0265
0.04,0.638,0.098,104782,-3.9,-0.2839,0.02526
0.066,0.649,0.18,895759,3.9,0.9631,0.01169
0.074,0.723,0.141,513895,7.7,1.4053,0.02408
0.067,0.671,0.077,902017,14.0,1.695,0.06901
0.068,0.506,0.111,270565,-3.3,0.3937,0.01551
0.089,0.538,0.084,384420,7.0,1.6105,0.01604
0.042,0.621,0.088,105111,9.7,1.3333,0.05573
0.029,0.294,0.155,366449,-3.3,-0.0059,0.01055
0.015,0.531,0.13,884107,11.9,1.2525,0.01985
0.053,0.775,0.115,296416,-1.5,0.1792,0.02507
0.055,0.463,0.094,177708,10.7,1.3317,0.03848
0.028,0.244,0.109,627611,-3.0,-0.002,0.00863
0.026,0.267,0.164,778808,5.0,0.8205,0.01004
0.009,0.61,0.141,794011,10.8,1.1468,0.01705
0.043,0.12,0.098,250537,4.5,0.8637,0.01638
0.026,0.1,0.13,826568,7.2,1.0414,0.01317
0.079,0.764,0.193,725667,8.0,1.355,0.02645
0.082,0.504,0.135,365958,1.9,1.1495,0.01164
0.025,0.337,0.151,987135,-1.6,0.1096,0.00725
0.066,0.753,0.072,169005,3.5,0.8553,0.03929
0.029,0.337,0.152,550819,11.7,1.302,0.0209
0.068,0.142,0.115,506984,13.0,1.7139,0.03273
0.017,0.116,0.141,641446,8.7,1.0973,0.01485
0.05,0.127,0.197,539091,-0.9,0.3631,0.01269
0.044,0.151,0.191,384405,0.7,0.3828,0.01014
0.06,0.697,0.076,835427,13.1,1.6115,0.06694
0.014,0.36,0.161,869446,11.2,1.2001,0.01692
0.049,0.324,0.136,138722,2.4,0.8195,0.01529
0.02,0.443,0.096,875599,9.9,1.1938,0.0175
0.073,0.324,0.17,616992,2.8,0.8485,0.01256
0.082,0.222,0.112,777981,1.3,0.8921,0.01312
0.083,0.527,0.118,737073,12.2,1.6157,0.04375
0.074,0.635,0.143,802977,8.1,1.3966,0.02035
0.022,0.302,0.11,916608,13.5,1.3723,0.02681
0.095,0.512,0.072,583480,-3.5,0.7694,0.01073
0.044,0.191,0.14,665206,5.7,1.0305,0.01241
0.064,0.17,0.142,338981,-0.1,0.5657,0.01818
0.027,0.579,0.154,391360,3.7,0.7636,0.00934
0.005,0.786,0.172,794838,-2.1,-0.116,0.00721
0.071,0.555,0.188,127780,9.0,1.3287,0.03255
0.012,0.696,0.16,634851,-2.9,-0.1145,0.00781
0.087,0.617,0.17,298144,11.6,1.6127,0.03861
0.068,0.314,0.089,161653,2.7,0.9804,0.01437
0.05,0.708,0.185,917114,-5.0,-0.0801,0.01292
0.097,0.473,0.2,631069,8.4,1.5654,0.02353
0.063,0.745,0.157,151518,-3.7,-0.2251,0.03496
0.087,0.101,0.096,680875,14.5,1.5141,0.0826
0.059,0.574,0.122,578650,5.5,1.2172,0.00975
0.055,0.23,0.2,902789,2.4,0.5327,0.01034
0.069,0.21,0.184,985420,12.7,1.5945,0.03008
0.037,0.449,0.173,875721,-2.1,0.2045,0.00788
0.043,0.796,0.197,986706,8.8,1.1303,0.01657
0.056,0.332,0.121,443979,0.1,0.5956,0.00987
0.003,0.302,0.189,642552,4.2,0.3643,0.00873
0.002,0.38,0.114,369540,9.3,0.9699,0.02077
0.082,0.393,0.18,338107,4.7,1.2256,0.01563
0.014,0.29,0.121,587469,1.7,0.3356,0.00691
0.017,0.258,0.109,459120,13.1,1.2357,0.03276
0.061,0.605,0.148,702426,1.6,0.9506,0.00777
0.008,0.573,0.177,969133,3.9,0.4225,0.0076
0.079,0.247,0.187,829560,-1.2,0.4945,0.01195
0.097,0.494,0.198,747964,5.1,1.2268,0.01616
0.024,0.66,0.181,241559,-2.2,-0.0887,0.01551
0.081,0.173,0.16,336400,13.1,1.6906,0.04097
0.03,0.452,0.199,648254,6.8,1.0212,0.01227
0.066,0.319,0.126,664084,3.4,1.008,0.01005
0.068,0.176,0.149,759767,13.8,1.7048,0.03161
0.057,0.137,0.083,207648,6.9,1.2248,0.02499
0.059,0.586,0.157,329986,12.6,1.436,0.03779
0.06,0.536,0.074,459581,-1.7,0.5755,0.00898
0.094,0.72,0.177,122297,9.3,1.5224,0.04104
0.086,0.752,0.09,996640,6.0,1.4839,0.03048
0.043,0.481,0.15,753196,8.4,1.2229,0.01332
0.024,0.288,0.182,532007,-1.9,0.0496,0.00854
0.085,0.229,0.109,679751,7.2,1.4494,0.01655
0.087,0.252,0.19,421412,5.6,1.163,0.02064
0.049,0.568,0.161,939359,5.3,1.0287,0.00943
0.035,0.403,0.19,368049,5.5,1.0262,0.01328
0.003,0.684,0.159,445686,8.8,1.0257,0.0163
0.039,0.709,0.112,146789,-0.6,0.0772,0.02267
0.062,0.46,0.181,432437,0.9,0.7089,0.01077
0.005,0.481,0.116,665983,7.2,0.8854,0.01291
0.053,0.528,0.193,293170,14.2,1.4124,0.04585
0.026,0.457,0.195,642623,10.7,1.1758,0.01894
0.099,0.507,0.182,307127,11.8,1.7363,0.03742
0.084,0.646,0.08,708669,3.1,1.4503,0.00877
0.035,0.27,0.113,978816,9.6,1.3098,0.01422
0.063,0.583,0.096,933092,0.7,0.9359,0.00619
0.084,0.491,0.152,406814,4.7,1.3467,0.0125
0.005,0.762,0.1,459220,11.3,1.1222,0.02901
0.086,0.637,0.111,654401,8.4,1.5412,0.02824
0.082,0.241,0.111,892603,12.0,1.8092,0.02132
0.037,0.515,0.082,474406,9.1,1.2366,0.02331
0.089,0.55,0.164,215146,7.5,1.4839,0.02434
0.036,0.434,0.09,589789,2.1,0.6775,0.00613
0.037,0.584,0.127,712339,7.8,1.1282,0.01387
0.045,0.275,0.149,145921,9.7,1.4002,0.02854
0.045,0.334,0.142,314950,14.6,1.4215,0.04678
0.095,0.304,0.091,840869,11.2,1.9062,0.01935
0.006,0.215,0.174,474546,9.8,1.0971,0.01679
0.051,0.558,0.084,550053,-2.9,0.3525,0.00881
0.035,0.396,0.161,239223,4.4,0.9533,0.01336
0.068,0.383,0.156,559898,6.9,1.3133,0.01347
0.077,0.319,0.11,404041,-2.8,0.5144,0.01416
0.067,0.35,0.138,285831,4.8,1.1791,0.01453
0.095,0.147,0.129,705760,12.7,1.7419,0.03867
0.067,0.793,0.189,653118,5.9,1.1456,0.01925
0.02,0.587,0.13,481964,0.4,0.3146,0.00696
0.076,0.43,0.172,131768,11.6,1.3311,0.05989
0.027,0.514,0.152,396663,12.4,1.2422,0.02855
0.031,0.541,0.072,822355,-1.9,0.213,0.00615
0.044,0.272,0.192,448989,-1.4,0.2648,0.01042
0.048,0.168,0.123,615673,4.8,0.9697,0.01219
0.078,0.601,0.083,559226,-0.1,1.0009,0.01064
0.097,0.223,0.155,109461,5.1,1.2953,0.03484
0.06,0.643,0.101,742092,12.3,1.5926,0.03685
0.008,0.585,0.176,534592,12.7,1.1633,0.02394
0.096,0.26,0.146,627834,0.5,0.8373,0.01479
0.066,0.694,0.093,879296,7.7,1.4355,0.02264
0.062,0.522,0.148,469315,3.9,1.1047,0.00939
0.018,0.121,0.073,663920,9.7,1.1663,0.01741
0.093,0.737,0.127,704437,-1.8,0.5288,0.0374
0.044,0.16,0.089,999736,-1.9,0.2384,0.00975
0.028,0.301,0.072,501044,8.1,1.0919,0.01815
0.039,0.282,0.124,505570,-2.8,0.1368,0.00944
0.024,0.421,0.156,887854,13.3,1.3513,0.02515
0.052,0.4,0.09,543617,7.5,1.2818,0.01433
0.088,0.563,0.182,348671,14.4,1.6654,0.05605
0.003,0.27,0.133,928607,3.2,0.3445,0.00667
0.09,0.765,0.166,821405,10.1,1.6661,0.03899
0.046,0.41,0.071,720578,2.7,0.8191,0.00623
0.022,0.241,0.154,134792,11.5,1.2399,0.02863
0.015,0.43,0.134,352012,-3.1,-0.1492,0.00969
0.027,0.601,0.108,612141,14.1,1.377,0.03845
0.081,0.39,0.138,142413,6.5,1.4545,0.0256
0.099,0.42,0.09,185065,1.0,1.1672,0.0163
0.07,0.703,0.08,969420,8.6,1.5757,0.02658
0.087,0.133,0.148,586853,14.4,1.6985,0.05073
0.088,0.483,0.161,484490,14.0,1.7344,0.04807
0.0,0.183,0.163,943502,6.3,0.624,0.00937
0.036,0.661,0.07,197963,2.5,0.6108,0.01644
0.054,0.651,0.171,244657,7.6,1.1821,0.0182
0.024,0.477,0.197,502174,12.1,1.1961,0.0251
0.07,0.534,0.199,307646,10.5,1.4323,0.02801
0.067,0.588,0.077,137610,-3.5,-0.316,0.07476
0.013,0.599,0.119,941273,9.0,1.079,0.01449
0.054,0.142,0.19,266296,5.1,0.8906,0.01966
0.019,0.248,0.154,921022,-1.5,0.038,0.00677
0.05,0.366,0.142,318177,8.2,1.3155,0.01554
0.048,0.594,0.104,100801,-0.8,0.0784,0.02802
0.088,0.21,0.141,303948,-0.8,0.6447,0.02729
0.022,0.352,0.183,422506,6.3,0.9824,0.01332
0.014,0.697,0.162,195169,9.9,1.0089,0.02242
0.096,0.583,0.099,982866,0.1,1.2749,0.00769
0.048,0.691,0.124,620496,11.7,1.4634,0.02918
0.045,0.7,0.132,348531,4.8,0.9917,0.01134
0.004,0.287,0.173,245216,3.7,0.4636,0.01318
0.036,0.735,0.121,802199,5.1,0.946,0.01071
0.014,0.416,0.101,364556,14.4,1.1318,0.06085
0.054,0.333,0.188,736377,5.2,1.0271,0.01179
0.054,0.487,0.186,516317,0.4,0.5926,0.00963
0.1,0.519,0.126,395352,3.9,1.5041,0.01336
0.013,0.695,0.157,841183,12.4,1.2528,0.02028
0.083,0.715,0.088,518281,10.7,1.7099,0.04898
0.021,0.303,0.136,821370,0.4,0.2433,0.00624
0.071,0.451,0.125,258931,13.5,1.5255,0.0518
0.041,0.716,0.144,788449,4.6,0.8934,0.01015
0.093,0.646,0.082,555239,15.0,1.8049,0.0944
0.025,0.167,0.142,634982,-0.4,0.189,0.00698
0.072,0.471,0.148,789533,-3.0,0.5137,0.00848
0.066,0.133,0.197,891846,-3.6,0.2512,0.01443
0.078,0.293,0.131,658725,10.9,1.6957,0.01977
0.083,0.524,0.071,756255,-4.9,0.4938,0.01088
0.03,0.549,0.193,729177,11.9,1.259,0.02331
0.099,0.349,0.081,729097,-4.1,0.516,0.04417
0.006,0.283,0.175,201591,14.5,1.1223,0.04181
0.085,0.441,0.088,349272,5.9,1.5431,0.01299
0.005,0.732,0.083,170726,3.1,0.4766,0.0096
0.091,0.196,0.186,575297,0.2,0.6418,0.01885
0.1,0.26,0.118,941405,10.7,1.8052,0.02274
0.001,0.53,0.166,766015,6.6,0.691,0.01049
0.076,0.643,0.17,926522,8.9,1.3791,0.0236
0.008,0.664,0.167,949600,5.2,0.558,0.00819
0.096,0.217,0.165,377722,10.4,1.6219,0.03254
0.059,0.44,0.092,638256,-3.3,0.3442,0.00894
0.067,0.182,0.113,471708,8.8,1.4572,0.02051
0.025,0.262,0.163,729417,10.9,1.2785,0.01582
0.046,0.57,0.125,971549,14.1,1.5259,0.03562
0.01,0.602,0.098,964550,8.1,0.9765,0.01371
0.022,0.384,0.096,914575,6.3,0.9158,0.01103
0.041,0.25,0.136,732819,-2.7,0.1558,0.00896
0.052,0.189,0.072,748326,0.4,0.5447,0.01128
0.035,0.708,0.09,240087,11.1,1.2925,0.05901
0.003,0.613,0.119,287901,4.7,0.6744,0.01178
0.018,0.637,0.16,319013,10.0,1.0624,0.01981
0.084,0.571,0.15,510238,-4.6,0.4963,0.01246
0.031,0.302,0.182,173440,0.7,0.3938,0.01415
0.036,0.197,0.159,323727,-2.1,0.1736,0.01144
0.016,0.211,0.155,804233,-3.3,-0.1561,0.0075
0.046,0.651,0.149,179760,6.6,1.1231,0.01614
0.096,0.345,0.187,151093,12.8,0.84,0.15987
0.072,0.192,0.171,762436,8.4,1.3141,0.02083
0.016,0.404,0.199,170385,0.1,0.1628,0.01426
0.032,0.253,0.105,594733,12.1,1.363,0.02448
0.03,0.493,0.129,252896,0.5,0.4401,0.00933
0.033,0.796,0.116,503309,0.5,0.4129,0.01181
0.039,0.461,0.19,327499,5.0,0.9895,0.01289
0.035,0.471,0.094,908898,11.6,1.3908,0.02296
0.07,0.65,0.112,194576,12.6,1.5598,0.05602
0.035,0.745,0.193,686782,4.8,0.7062,0.01122
0.069,0.249,0.11,614473,5.5,1.2111,0.01287
0.045,0.745,0.141,371060,13.4,1.4568,0.04098
0.021,0.784,0.169,670093,2.6,0.4755,0.00824
0.019,0.568,0.142,277499,-3.7,-0.245,0.01329
0.043,0.663,0.097,468114,-2.7,0.1683,0.0136
0.047,0.312,0.167,655231,2.4,0.7373,0.00954
0.078,0.329,0.081,985257,-3.7,0.4348,0.01039
0.078,0.602,0.148,209325,10.3,1.5617,0.02987
0.083,0.648,0.161,473555,-3.3,0.2371,0.02724
0.032,0.579,0.08,250542,-2.5,0.001,0.0137
0.004,0.654,0.188,723601,9.7,1.05,0.01529
0.018,0.527,0.152,717092,6.9,0.9805,0.0116
0.062,0.621,0.16,535896,7.3,1.2401,0.01596
0.025,0.79,0.189,234497,11.9,1.1404,0.02769
0.026,0.38,0.189,184261,-2.9,-0.0231,0.01472
0.091,0.38,0.076,807534,4.9,1.4552,0.01032
0.022,0.274,0.071,263193,8.4,1.0357,0.02663
0.084,0.247,0.112,183886,-4.0,0.3996,0.04642
0.037,0.283,0.094,744114,13.1,1.4372,0.02996
0.074,0.354,0.142,330585,8.2,1.5145,0.01809
0.004,0.253,0.132,273025,4.3,0.6502,0.01212
0.017,0.267,0.127,341584,9.9,1.1194,0.01902
0.02,0.119,0.152,643595,4.6,0.7023,0.01098
0.01,0.455,0.154,386426,10.7,1.0795,0.02022
0.008,0.434,0.083,623823,0.8,0.2176,0.00497
0.004,0.736,0.079,193971,4.6,0.5624,0.01448
0.031,0.617,0.197,631711,10.0,1.1422,0.01879
0.007,0.582,0.114,239541,-2.9,-0.3532,0.01163
0.021,0.418,0.172,322744,1.4,0.352,0.0096
0.017,0.461,0.089,488150,9.0,1.0682,0.02045
0.087,0.452,0.153,877434,11.3,1.7566,0.02515
0.048,0.398,0.107,152119,8.3,1.3302,0.01867
0.05,0.317,0.095,968632,9.1,1.3779,0.01571
0.009,0.106,0.167,537374,-4.9,-0.3828,0.00923
0.074,0.385,0.144,647602,0.4,0.7685,0.00989
0.028,0.568,0.16,604491,11.5,1.2513,0.02192
0.056,0.413,0.101,900548,4.2,1.0748,0.00757
0.011,0.549,0.092,890512,6.0,0.7939,0.01094
0.024,0.595,0.169,260755,3.2,0.5858,0.01057
0.077,0.135,0.145,109705,1.6,0.7378,0.02601
0.015,0.511,0.199,937063,1.8,0.282,0.00777
0.062,0.356,0.162,849782,3.9,1.0036,0.00978
0.006,0.319,0.119,608542,-4.3,-0.4101,0.00919
0.022,0.341,0.116,929816,14.1,1.3838,0.03023
0.091,0.285,0.111,680027,-4.4,0.4438,0.04321
0.054,0.434,0.074,125429,0.2,0.5607,0.01679
0.063,0.705,0.108,811323,7.2,1.3472,0.02018
0.026,0.212,0.159,895868,8.3,1.169,0.01215
0.015,0.767,0.153,885786,5.5,0.6972,0.0091
0.02,0.201,0.134,591836,0.1,0.1914,0.0066
0.046,0.492,0.139,888387,-1.5,0.4066,0.00707
0.019,0.108,0.163,452130,4.0,0.6155,0.01111
0.018,0.116,0.113,620870,-4.3,-0.2553,0.01127
0.075,0.441,0.162,771960,1.5,0.8686,0.0097
0.091,0.695,0.163,314314,9.0,1.5563,0.03223
0.006,0.675,0.165,701465,6.8,0.7927,0.01126
0.064,0.179,0.192,604105,8.8,1.2257,0.0236
0.029,0.584,0.18,925152,-3.8,-0.0016,0.0077
0.083,0.684,0.105,187160,9.0,1.5082,0.04015
0.048,0.183,0.155,145470,7.3,1.1961,0.02611
0.053,0.182,0.132,172451,13.6,1.5954,0.05165
0.007,0.425,0.173,217594,3.9,0.5632,0.01422
0.039,0.625,0.092,321944,11.4,1.3858,0.04155
0.054,0.424,0.112,103553,11.8,1.3244,0.04503
0.016,0.569,0.166,647190,1.9,0.3682,0.00758
0.012,0.672,0.101,570101,12.7,1.2439,0.03082
0.016,0.708,0.137,741554,-0.8,0.1694,0.00612
0.089,0.52,0.177,627753,5.2,1.287,0.0139
0.005,0.724,0.089,171499,1.9,0.3543,0.00971
0.018,0.613,0.103,308551,-5.0,-0.4631,0.01462
0.08,0.663,0.103,410822,12.0,1.6409,0.0535
0.084,0.789,0.165,404792,5.0,1.2989,0.02389
0.017,0.633,0.122,201481,2.3,0.5708,0.01009
0.005,0.36,0.1,649605,-4.2,-0.442,0.00923
0.07,0.185,0.123,871596,5.6,1.1496,0.01438
0.051,0.559,0.159,681247,8.9,1.2751,0.01685
0.067,0.686,0.144,631282,9.0,1.3995,0.02386
0.047,0.466,0.079,879239,3.6,0.9445,0.00655
0.067,0.188,0.147,334087,9.2,1.4199,0.02437
0.044,0.738,0.149,858831,3.6,0.8376,0.00947
0.03,0.793,0.148,446715,0.6,0.3342,0.00996
0.079,0.253,0.122,491433,14.9,1.9006,0.0334
0.068,0.787,0.147,158891,-0.9,0.2633,0.03919
0.077,0.34,0.139,762112,-4.6,0.333,0.01041
0.008,0.288,0.139,931168,5.7,0.7231,0.00913
0.074,0.366,0.094,738179,8.0,1.5472,0.01222
0.051,0.343,0.123,207510,1.2,0.7169,0.0111
0.04,0.684,0.166,293970,5.1,0.8702,0.01271
0.025,0.365,0.193,954950,8.6,1.1484,0.01269
0.098,0.673,0.191,828318,-2.2,0.4518,0.02606
0.048,0.186,0.07,187859,3.2,0.7909,0.01407
0.013,0.708,0.133,662573,10.1,1.1168,0.01715
0.097,0.181,0.158,794577,-2.1,0.5819,0.03252
0.041,0.257,0.168,409545,6.5,1.0636,0.01455
0.025,0.133,0.155,954390,-1.6,0.0809,0.00739
0.066,0.514,0.172,994909,-3.6,0.3885,0.00796
0.045,0.609,0.103,282863,9.9,1.2901,0.02917
0.092,0.132,0.101,408069,12.8,1.7047,0.05402
0.062,0.686,0.137,202157,14.5,1.5319,0.06331
0.019,0.395,0.152,397025,10.4,1.1332,0.01907
0.025,0.398,0.187,490055,2.0,0.3963,0.00887
0.051,0.392,0.182,284058,11.8,1.4308,0.02575
0.039,0.206,0.174,664576,-3.3,0.0784,0.01008
0.029,0.179,0.131,958232,14.4,1.5108,0.02622
0.069,0.467,0.096,166819,3.6,1.1538,0.01595
0.085,0.544,0.134,857369,-1.6,0.8794,0.00798
0.015,0.417,0.082,528746,1.0,0.3779,0.00538
0.082,0.754,0.148,873250,-2.3,0.4059,0.02842
0.083,0.35,0.154,363894,-3.3,0.5069,0.01333
0.002,0.284,0.122,461773,-0.1,0.0099,0.00638
0.037,0.257,0.189,714425,7.3,1.0947,0.01342
0.025,0.183,0.127,855553,2.3,0.5003,0.00764
0.033,0.246,0.145,395444,-0.5,0.2609,0.00804
0.078,0.222,0.182,268667,9.0,1.4459,0.028
0.069,0.451,0.149,540252,2.4,0.9883,0.00907
0.02,0.636,0.165,192080,2.0,0.4173,0.01188
0.07,0.163,0.119,822564,3.9,1.0081,0.01398
0.011,0.585,0.141,523639,6.8,0.9165,0.01253
0.086,0.342,0.106,352321,13.9,1.7886,0.04339
0.048,0.224,0.179,380696,6.2,1.0318,0.01629
0.041,0.135,0.182,833589,6.2,1.03,0.01416
0.067,0.46,0.172,556377,7.1,1.3095,0.01379
0.009,0.287,0.106,954993,1.1,0.199,0.00509
0.008,0.189,0.173,550451,5.0,0.5676,0.01034
0.043,0.523,0.082,826999,-3.9,0.1372,0.00813
0.055,0.598,0.145,487585,-5.0,0.1135,0.01267
0.071,0.219,0.074,466316,2.9,0.9742,0.01382
0.073,0.437,0.131,231875,-2.9,0.4878,0.01516
0.091,0.713,0.16,586153,-4.3,0.1345,0.03389
0.031,0.422,0.15,483229,11.5,1.2703,0.02267
0.052,0.319,0.184,500563,1.7,0.6259,0.01021
0.055,0.38,0.125,225475,8.3,1.4079,0.0176
0.055,0.438,0.116,410291,-0.4,0.5988,0.00893
0.002,0.663,0.074,752841,8.3,0.8819,0.02004
0.02,0.341,0.112,201494,-1.6,-0.0015,0.01032
0.098,0.568,0.136,286566,9.5,1.7327,0.0278
0.071,0.757,0.108,965331,12.1,1.7948,0.04089
0.044,0.704,0.155,372428,13.9,1.4165,0.04116
0.085,0.44,0.185,857093,14.9,1.7803,0.05013
0.044,0.619,0.109,420068,0.2,0.5808,0.01001
0.094,0.269,0.151,826339,5.4,1.2235,0.0168
0.04,0.613,0.098,932183,6.5,1.1084,0.01309
0.06,0.272,0.132,160895,6.0,1.2239,0.02123
0.079,0.36,0.169,238716,5.6,1.3056,0.01879
0.075,0.456,0.073,966689,-2.3,0.6394,0.00738
0.065,0.366,0.117,779430,4.8,1.1681,0.00953
0.077,0.158,0.167,745816,1.0,0.6762,0.01629
0.052,0.234,0.176,880649,-0.3,0.422,0.01005
0.037,0.663,0.179,934987,6.2,0.8608,0.01141
0.005,0.313,0.084,953765,-3.8,-0.3859,0.00824
0.09,0.514,0.077,884039,12.6,1.7174,0.05436
0.006,0.671,0.113,278598,0.1,0.074,0.00827
0.029,0.269,0.123,359763,2.4,0.6683,0.00962
0.084,0.331,0.161,666424,-3.7,0.441,0.01099
0.007,0.218,0.112,408328,10.1,1.0609,0.02136
0.048,0.629,0.094,409562,-1.9,0.3313,0.0134
0.071,0.111,0.121,326497,10.1,1.5023,0.03424
0.004,0.279,0.123,687407,4.6,0.5808,0.00889
0.075,0.686,0.07,473597,9.6,1.6701,0.05546
0.037,0.415,0.087,699686,-3.8,0.0359,0.00857
0.07,0.228,0.14,837688,-0.8,0.5675,0.01139
0.036,0.769,0.108,321969,-4.6,-0.3592,0.01694
0.1,0.326,0.096,835532,-2.9,0.7109,0.01252
0.056,0.306,0.14,209801,-0.1,0.5598,0.01326
0.076,0.509,0.15,703736,0.1,0.8777,0.00853
0.084,0.309,0.088,135857,13.7,1.7132,0.05289
0.045,0.696,0.199,239279,11.1,1.2319,0.02777
0.097,0.374,0.171,334075,12.7,1.9021,0.03257
0.085,0.65,0.168,130295,-4.9,-0.2941,0.05095
0.026,0.482,0.176,867396,-1.3,0.1729,0.00751
0.007,0.758,0.195,122230,-3.1,-0.4756,0.02266
0.043,0.11,0.141,481080,-4.3,0.0305,0.02318
0.089,0.212,0.093,583083,13.8,1.9698,0.03028
0.097,0.69,0.134,191667,-1.4,0.3543,0.05372
0.001,0.473,0.08,954997,1.9,0.2307,0.00538
0.009,0.606,0.116,963033,-1.9,-0.0596,0.0057
0.009,0.575,0.163,467853,-0.5,0.0727,0.00792
0.023,0.191,0.149,245821,4.8,0.8598,0.0147
0.097,0.703,0.172,433070,-0.0,0.6378,0.03561
0.043,0.614,0.122,740742,9.2,1.2705,0.01821
0.083,0.592,0.143,558237,4.4,1.3658,0.01149
0.019,0.189,0.147,680281,10.0,1.2126,0.0143
0.043,0.102,0.185,388526,0.7,0.4524,0.01313
0.083,0.115,0.1,202500,3.7,1.0799,0.02989
0.094,0.602,0.16,787786,12.1,1.689,0.04306
0.036,0.525,0.189,111974,-1.4,-0.1257,0.03108
0.073,0.374,0.086,349310,-5.0,0.2374,0.04655
0.05,0.318,0.197,973766,11.3,1.4472,0.01916
0.033,0.365,0.105,837338,7.6,1.1271,0.01258
0.039,0.363,0.16,980487,13.2,1.4616,0.02586
0.041,0.129,0.102,761962,8.4,1.2394,0.01497
0.097,0.547,0.087,866027,5.4,1.6679,0.00953
0.042,0.699,0.119,209347,11.0,1.3391,0.0352
0.037,0.623,0.099,914701,12.5,1.4888,0.02651
0.014,0.709,0.181,328828,10.2,1.0319,0.0198
0.092,0.589,0.078,277551,2.4,1.0692,0.03336
0.062,0.227,0.191,316851,7.7,1.2054,0.02162
0.055,0.751,0.132,738459,13.1,1.6343,0.03665
0.021,0.599,0.176,811984,3.1,0.4907,0.00796
0.003,0.587,0.097,352662,3.6,0.5314,0.00937
0.02,0.549,0.118,897040,10.9,1.2339,0.01851
0.043,0.266,0.094,567407,14.9,1.424,0.05608
0.028,0.703,0.091,145922,5.6,0.8992,0.01806
0.0,0.113,0.107,469509,13.4,1.1061,0.0393
0.015,0.124,0.149,379449,9.0,1.0705,0.01762
0.068,0.12,0.132,721894,-4.2,0.2701,0.03669
0.071,0.162,0.186,742958,8.3,1.2331,0.02355
0.019,0.18,0.102,725830,7.8,1.0397,0.01155
0.041,0.376,0.176,842679,0.1,0.3964,0.0083
0.058,0.693,0.168,873819,11.1,1.4049,0.02546
0.04,0.133,0.098,390860,-0.9,0.3134,0.01552
0.089,0.61,0.074,659230,3.0,1.502,0.00907
0.067,0.299,0.164,206430,0.4,0.6648,0.01564
0.084,0.446,0.076,330521,0.3,0.9947,0.0104
0.026,0.348,0.165,970050,11.0,1.276,0.01636
0.082,0.662,0.164,131342,-3.8,-0.1637,0.04893
0.012,0.575,0.155,147537,7.6,0.9319,0.01927
0.081,0.424,0.082,185161,-0.6,0.8174,0.01528
0.059,0.297,0.13,908713,-3.1,0.2943,0.00892
0.075,0.232,0.102,457846,6.1,1.3135,0.01596
0.076,0.394,0.173,690348,7.7,1.4132,0.01551
0.012,0.8,0.16,513322,9.1,1.0065,0.01523
0.096,0.482,0.182,278237,-1.3,0.7663,0.01679
0.041,0.312,0.195,412847,0.5,0.3468,0.00994
0.012,0.645,0.095,967109,6.9,0.8887,0.01217
0.022,0.241,0.126,475614,1.7,0.4475,0.00824
0.022,0.457,0.089,393728,14.1,1.0789,0.07982
0.057,0.206,0.169,516566,-0.2,0.4839,0.01186
0.034,0.32,0.198,442301,3.7,0.6851,0.01179
0.072,0.591,0.108,438914,11.8,1.5414,0.04321
0.046,0.595,0.153,859584,13.9,1.5024,0.03455
0.043,0.295,0.143,842173,8.5,1.2809,0.01178
0.09,0.389,0.092,182470,-3.4,0.5022,0.04176
0.039,0.591,0.091,334583,4.5,0.9674,0.00949
0.063,0.378,0.193,194828,6.6,1.283,0.02124
0.077,0.361,0.184,614010,9.2,1.4988,0.01961
0.038,0.186,0.186,712375,12.8,1.3969,0.02507
0.075,0.652,0.08,186757,6.7,1.3381,0.02884
0.036,0.137,0.17,588422,9.7,1.1746,0.01963
0.081,0.651,0.153,901907,-2.4,0.7145,0.01034
0.025,0.213,0.144,770533,9.7,1.2424,0.0133
0.026,0.692,0.176,872919,0.7,0.3539,0.00713
0.043,0.343,0.112,790121,2.6,0.7819,0.00734
0.094,0.783,0.171,816259,10.8,1.7427,0.0448
0.04,0.369,0.142,662884,1.0,0.505,0.00708
0.046,0.313,0.199,828660,-4.4,0.032,0.00979
0.045,0.644,0.084,451668,-4.8,-0.0325,0.01533
0.046,0.242,0.108,921270,9.5,1.4265,0.01224
0.072,0.463,0.071,439849,7.3,1.3883,0.02018
0.012,0.162,0.143,752874,14.8,1.3477,0.03034
0.004,0.697,0.084,209768,6.8,0.7611,0.02239
0.003,0.132,0.16,478826,3.8,0.4,0.00919
0.047,0.186,0.142,623143,10.3,1.3801,0.01838
0.011,0.246,0.196,370538,1.9,0.2367,0.01003
0.037,0.171,0.121,307792,9.1,1.2749,0.02069
0.036,0.588,0.107,725085,5.9,1.0161,0.01116
0.067,0.101,0.184,105680,9.3,0.5647,0.12896
0.09,0.538,0.189,930087,6.8,1.3164,0.01784
0.071,0.112,0.071,474784,12.0,1.6697,0.04772
0.076,0.733,0.103,490658,-0.3,0.6041,0.03251
0.085,0.62,0.124,961608,11.2,1.6402,0.03884
0.028,0.279,0.184,582411,13.6,1.3665,0.02711
0.056,0.597,0.152,997312,10.8,1.4257,0.02366
0.087,0.15,0.198,352301,2.2,0.6697,0.02571
0.055,0.277,0.136,413448,8.0,1.3224,0.01602
0.094,0.66,0.071,586971,11.5,1.7876,0.07298
0.075,0.357,0.153,706373,4.9,1.1762,0.01181
0.029,0.598,0.138,660843,11.8,1.2979,0.02306
0.017,0.764,0.087,179694,2.2,0.401,0.01189
0.036,0.22,0.164,817361,4.6,0.8824,0.0107
0.049,0.408,0.146,775840,1.8,0.7581,0.00742
0.053,0.544,0.152,891710,1.6,0.7939,0.00708
0.013,0.695,0.142,418121,3.8,0.5549,0.00894
0.087,0.314,0.138,870324,7.0,1.4424,0.0147
0.047,0.706,0.071,431489,3.0,0.9913,0.0081
0.082,0.569,0.115,764235,2.8,1.3388,0.00819
0.005,0.322,0.146,647991,13.5,1.2133,0.02621
0.012,0.314,0.176,269341,13.0,1.1371,0.03107
0.048,0.374,0.146,685624,2.0,0.7824,0.0082
0.003,0.461,0.097,134358,0.8,0.1668,0.01261
0.004,0.137,0.107,836651,11.0,1.1532,0.0188
0.008,0.182,0.157,508254,11.2,1.1499,0.01861
0.079,0.703,0.182,146861,14.0,1.6037,0.05617
0.028,0.722,0.131,793914,6.9,1.0062,0.01207
0.08,0.294,0.121,136047,-4.0,0.3469,0.04751
0.09,0.114,0.169,761678,4.8,0.9369,0.02567
0.05,0.353,0.172,148854,12.5,1.4837,0.03303
0.055,0.796,0.151,909023,-3.0,0.1613,0.0184
0.015,0.561,0.151,207122,4.2,0.7957,0.01289
0.001,0.771,0.124,326667,0.2,0.036,0.00747
0.042,0.229,0.195,435614,7.5,1.0808,0.01716
0.044,0.295,0.168,170465,8.8,1.3261,0.0244
0.05,0.544,0.081,363697,5.7,1.1272,0.01403
0.065,0.512,0.187,948664,9.0,1.3941,0.01852
0.075,0.656,0.1,792549,1.3,1.1424,0.00972
0.089,0.45,0.187,620961,4.4,1.1394,0.0142
0.043,0.567,0.174,518089,7.0,1.0655,0.01323
0.08,0.714,0.167,857372,-4.2,0.1457,0.02437
0.018,0.37,0.099,693653,7.2,0.9548,0.01299
0.008,0.466,0.166,733658,13.7,1.2425,0.02563
0.081,0.747,0.116,433767,8.1,1.5191,0.03319
0.062,0.768,0.106,319291,14.3,1.6897,0.07338
0.088,0.327,0.186,280538,7.2,1.4232,0.02262
0.037,0.153,0.093,533813,7.2,1.1014,0.01407
0.032,0.34,0.108,421613,4.7,0.8769,0.00966
0.075,0.531,0.098,445272,14.2,1.5927,0.06606
0.035,0.377,0.124,901909,15.0,1.4579,0.04111
0.005,0.427,0.086,498838,2.5,0.4323,0.00711
0.013,0.782,0.077,609030,8.9,1.0821,0.02349
0.047,0.611,0.102,266377,13.3,1.471,0.05428
0.054,0.646,0.148,940877,15.0,1.5986,0.04259
0.018,0.605,0.18,471779,6.3,0.8757,0.01229
0.038,0.171,0.084,290913,14.1,1.3547,0.05479
0.089,0.249,0.197,392175,8.4,1.3958,0.02689
0.098,0.294,0.146,880175,-1.7,0.6931,0.0121
0.049,0.533,0.112,718325,7.3,1.2134,0.01342
0.049,0.234,0.126,723362,9.2,1.3679,0.01417
0.057,0.234,0.092,175315,4.3,1.0042,0.01661
0.016,0.708,0.161,944081,13.9,1.356,0.02485
0.079,0.518,0.173,361029,5.1,1.2828,0.01378
0.037,0.47,0.154,289973,12.9,1.291,0.03522
0.001,0.584,0.136,373148,4.3,0.5388,0.01075
0.067,0.451,0.123,246197,2.0,0.9801,0.01152
0.059,0.796,0.131,639155,6.5,1.2881,0.01924
0.031,0.456,0.157,785123,11.7,1.3094,0.02118
0.008,0.247,0.093,273630,0.1,0.1704,0.00822
0.062,0.706,0.095,927370,13.2,1.7698,0.03933
0.008,0.65,0.139,567798,8.7,1.0116,0.01502
0.062,0.796,0.158,397312,-2.7,0.1221,0.02591
0.032,0.766,0.166,104198,9.8,1.1675,0.02818
0.094,0.422,0.164,320099,-2.6,0.6961,0.01391
0.059,0.768,0.176,963599,13.0,1.5688,0.03336
0.041,0.203,0.098,913261,8.8,1.3215,0.01183
0.066,0.541,0.1,827750,12.0,1.5724,0.03448
0.033,0.548,0.076,448717,4.9,0.8914,0.01243
0.079,0.686,0.09,172076,8.2,1.4373,0.03945
0.037,0.333,0.157,335996,1.0,0.5034,0.00976
0.048,0.596,0.108,249879,-0.3,0.3994,0.01774
0.006,0.464,0.167,980246,9.2,1.0705,0.01364
0.018,0.155,0.156,879174,0.3,0.1832,0.00675
0.045,0.428,0.174,272488,0.5,0.5218,0.01119
0.004,0.485,0.168,277963,-3.1,-0.2735,0.01126
0.006,0.759,0.135,363312,1.2,0.2126,0.0077
0.055,0.718,0.081,677162,-3.1,0.2757,0.0166
0.032,0.198,0.195,281436,-0.6,0.2051,0.01087
0.073,0.723,0.196,363350,-4.7,-0.1387,0.02966
0.027,0.341,0.115,355376,-3.4,-0.0559,0.01053
0.057,0.184,0.083,892262,9.1,1.4713,0.01412
0.063,0.545,0.111,982863,3.6,1.1692,0.00634
0.019,0.426,0.185,660625,2.7,0.3994,0.00801
0.053,0.143,0.167,766142,11.0,1.3658,0.02426
0.048,0.452,0.082,377864,-2.0,0.3572,0.00923
0.035,0.418,0.194,877580,2.3,0.4846,0.00819
0.056,0.25,0.192,401727,-3.7,0.202,0.01279
0.003,0.75,0.152,373035,10.1,1.0206,0.01909
0.013,0.655,0.104,143669,14.6,0.5933,0.15888
0.049,0.769,0.074,580024,8.7,1.4948,0.03123
0.011,0.246,0.162,407293,-3.8,-0.2574,0.00935
0.034,0.499,0.075,485336,5.0,0.9034,0.01211
0.013,0.692,0.104,451084,10.4,1.142,0.02497
0.057,0.217,0.117,554592,14.3,1.7501,0.02579
0.015,0.622,0.156,184722,9.2,0.9879,0.02104
0.094,0.224,0.187,832180,-4.3,0.3703,0.01301
0.063,0.726,0.15,426948,-4.2,-0.0474,0.02605
0.035,0.8,0.19,767599,2.4,0.5446,0.00947
0.01,0.79,0.089,102361,-2.9,-0.3406,0.0132
0.051,0.243,0.177,809272,6.8,1.1171,0.01349
0.082,0.744,0.123,442548,3.2,1.0642,0.03129
0.036,0.342,0.087,586272,10.6,1.3131,0.02291
0.014,0.757,0.155,291116,12.0,1.1211,0.02725
0.044,0.346,0.173,298720,6.2,1.1173,0.01513
0.059,0.637,0.145,417041,-4.3,0.0205,0.01967
0.045,0.594,0.11,972493,3.7,0.9561,0.0069
0.064,0.121,0.143,916979,1.5,0.7048,0.01528
0.076,0.636,0.125,856180,14.9,1.7383,0.05746
0.031,0.451,0.093,477341,4.0,0.8112,0.00783
0.048,0.349,0.108,935307,13.2,1.5108,0.03051
0.072,0.418,0.118,942681,3.6,1.1388,0.00814
0.068,0.628,0.128,773475,4.6,1.2669,0.00899
0.07,0.737,0.198,659335,2.5,0.828,0.01429
0.03,0.379,0.177,737749,11.9,1.3092,0.02092
0.061,0.745,0.092,793455,3.8,1.1388,0.01252
0.071,0.551,0.169,949498,12.4,1.5853,0.03516
0.017,0.627,0.194,545288,7.0,0.871,0.01276
0.093,0.573,0.095,180784,-1.4,0.5215,0.04233
0.084,0.494,0.197,718195,-0.5,0.7263,0.01035
0.057,0.632,0.149,613025,12.6,1.4836,0.03394
0.037,0.371,0.09,155362,9.5,1.1928,0.03032
0.034,0.225,0.104,115135,-2.9,-0.1213,0.02686
0.096,0.445,0.074,210566,8.0,1.7563,0.01953
0.05,0.673,0.133,781756,4.5,1.0047,0.00986
0.046,0.462,0.106,729631,-2.8,0.2633,0.00758
0.095,0.192,0.083,440712,7.6,1.6066,0.02407
0.049,0.507,0.182,801420,2.4,0.7014,0.00853
0.017,0.153,0.086,611858,7.1,0.9395,0.01126
0.047,0.364,0.155,526200,11.4,1.4418,0.02004
0.071,0.626,0.115,777764,0.6,1.0427,0.00809
0.035,0.47,0.086,554564,8.6,1.1892,0.0194
0.062,0.383,0.18,407047,7.0,1.2549,0.01529
0.098,0.598,0.109,730219,0.2,1.2961,0.00986
0.006,0.657,0.178,428247,-1.0,-0.009,0.00864
0.016,0.598,0.086,967935,7.9,1.0172,0.01378
0.069,0.273,0.186,695447,14.0,1.7042,0.03256
0.039,0.322,0.131,287920,-4.7,-0.0726,0.01423
0.084,0.173,0.091,597889,9.0,1.6285,0.02257
0.091,0.158,0.093,646201,2.7,1.0739,0.02125
0.097,0.358,0.182,748509,7.7,1.5108,0.02046
0.048,0.389,0.131,830863,7.0,1.2175,0.00998
0.032,0.15,0.143,407333,-1.5,0.1906,0.01063
0.07,0.451,0.117,854132,7.7,1.4676,0.0117
0.001,0.781,0.107,848122,-0.1,0.0094,0.00496
0.098,0.333,0.199,508783,-1.1,0.6056,0.01492
0.093,0.146,0.181,506016,-2.3,0.5271,0.03092
0.044,0.705,0.133,299474,13.7,1.4303,0.04575
0.073,0.376,0.179,439809,-1.7,0.5105,0.01158
0.076,0.41,0.192,623988,12.5,1.6567,0.03122
0.091,0.348,0.133,156384,10.7,1.7258,0.04105
0.034,0.671,0.17,501992,14.6,1.3891,0.03897
0.025,0.732,0.126,906291,1.8,0.5543,0.00632
0.021,0.161,0.15,818182,3.3,0.5276,0.0084
0.006,0.476,0.094,676926,1.7,0.2801,0.00563
0.05,0.113,0.126,317283,-0.8,0.4102,0.01856
0.003,0.286,0.095,314549,9.1,0.9446,0.0258
0.065,0.717,0.152,131354,9.9,1.4425,0.03127
0.062,0.128,0.105,115779,9.8,1.059,0.08308
0.003,0.689,0.155,237915,12.7,1.0742,0.03177
0.093,0.726,0.125,372066,-2.6,0.3065,0.04433
0.03,0.444,0.126,993484,11.4,1.3251,0.01946
0.037,0.337,0.136,203760,0.3,0.5366,0.01097
0.035,0.445,0.087,197031,7.3,1.0597,0.02038
0.071,0.188,0.14,483859,14.5,1.8085,0.03554
0.031,0.655,0.074,198228,7.2,1.0903,0.03101
0.07,0.235,0.181,280288,-1.3,0.4971,0.01548
0.09,0.682,0.09,991826,11.1,1.7949,0.04578
0.087,0.749,0.131,522312,-2.4,0.3689,0.03778
0.047,0.711,0.102,142346,6.3,1.1461,0.0182
0.057,0.226,0.191,669603,-3.3,0.218,0.01097
0.053,0.179,0.127,227942,8.6,1.3484,0.02465
0.095,0.42,0.185,890321,14.7,1.878,0.04793
0.092,0.124,0.169,988172,-4.1,0.4385,0.04168
0.097,0.656,0.076,500373,12.3,1.8022,0.07253
0.051,0.692,0.105,911879,1.0,0.874,0.00664
0.012,0.411,0.175,371550,8.0,1.03,0.0154
0.067,0.237,0.194,694109,8.5,1.2781,0.02062
0.001,0.522,0.158,765105,-0.7,-0.0516,0.00684
0.038,0.153,0.111,614314,0.4,0.4156,0.01013
0.04,0.31,0.073,368592,10.7,1.2947,0.03418
0.059,0.352,0.104,726399,7.8,1.3972,0.0113
0.077,0.602,0.123,173018,11.2,1.5292,0.04236
0.05,0.653,0.106,627120,-2.0,0.4149,0.01033
0.049,0.144,0.071,680193,11.5,1.5711,0.02139
0.021,0.644,0.108,434304,14.0,1.3006,0.04384
0.075,0.371,0.145,951908,3.3,1.0573,0.0094
0.053,0.623,0.133,838811,-4.8,0.2041,0.00886
0.01,0.442,0.156,723945,4.5,0.5753,0.0084
0.051,0.562,0.087,959248,-0.2,0.6682,0.00567
0.08,0.214,0.152,797134,7.8,1.3746,0.01848
0.0,0.635,0.144,548280,14.7,1.1745,0.03621
0.038,0.649,0.118,885852,13.1,1.4807,0.0289
0.046,0.458,0.088,845970,-2.6,0.2831,0.00704
0.022,0.117,0.176,407373,11.5,1.1721,0.02473
0.072,0.416,0.123,421757,2.1,1.0043,0.00954
0.08,0.346,0.122,390384,11.8,1.775,0.02345
0.003,0.308,0.093,797787,-4.6,-0.5236,0.00956
0.059,0.143,0.11,439616,6.0,1.1301,0.01703
0.054,0.344,0.14,350928,-0.9,0.4794,0.01074
0.046,0.61,0.188,443093,5.3,0.8556,0.01247
0.04,0.238,0.118,664435,10.5,1.4202,0.01458
0.065,0.121,0.163,243128,4.5,0.8144,0.02216
0.051,0.783,0.155,154127,3.7,0.7715,0.02114
0.09,0.244,0.163,967285,7.4,1.4131,0.01886
0.072,0.629,0.181,781789,2.3,0.9729,0.00968
0.079,0.322,0.139,206639,0.0,0.7716,0.01604
0.055,0.499,0.083,492241,13.7,1.4906,0.05549
0.059,0.682,0.143,731351,2.5,0.9697,0.00868
0.026,0.467,0.156,361029,-0.2,0.2828,0.00881
0.069,0.332,0.137,342744,5.9,1.2708,0.01501
0.025,0.286,0.14,929471,7.5,1.1158,0.01053
0.09,0.41,0.172,823518,-4.3,0.4429,0.00986
0.012,0.4,0.167,473714,8.8,1.0518,0.01521
0.05,0.531,0.144,474291,10.9,1.3554,0.02466
0.001,0.515,0.111,733554,2.5,0.2763,0.00637
0.09,0.333,0.087,933868,3.2,1.2408,0.01076
0.026,0.587,0.121,283102,9.1,1.0857,0.02105
0.042,0.436,0.145,802595,-1.8,0.3013,0.00765
0.037,0.145,0.113,372395,11.0,1.4176,0.02325
0.005,0.452,0.183,206110,0.2,0.0709,0.01194
0.005,0.562,0.173,971525,-0.9,-0.0206,0.00695
0.036,0.461,0.115,128395,11.7,1.2808,0.04063
0.071,0.722,0.132,147466,10.3,1.4897,0.0391
0.022,0.583,0.104,816162,0.1,0.3226,0.00532
0.08,0.479,0.14,604738,7.0,1.4776,0.01289
0.073,0.446,0.172,978086,-1.9,0.5347,0.00846
0.015,0.547,0.142,160963,-4.8,-0.5537,0.01848
0.058,0.709,0.09,624473,15.0,1.6677,0.0697
0.002,0.591,0.112,931515,-4.0,-0.4014,0.0076
0.033,0.737,0.173,545773,0.4,0.3727,0.00833
0.097,0.554,0.095,350518,7.6,1.7283,0.01829
0.001,0.585,0.1,252543,4.6,0.5958,0.01203
0.052,0.582,0.146,655903,8.5,1.2622,0.01637
0.019,0.544,0.179,424976,12.1,1.1695,0.02508
0.043,0.3,0.188,668817,-0.6,0.3054,0.00914
0.034,0.749,0.199,132942,1.8,0.342,0.02033
0.014,0.302,0.122,294244,-4.8,-0.4472,0.01384
0.003,0.526,0.117,655946,11.3,1.1294,0.02109
0.048,0.34,0.195,357143,6.7,1.1272,0.01579
0.043,0.695,0.193,898576,3.3,0.6466,0.01009
0.028,0.2,0.119,804159,5.6,0.9375,0.00986
0.023,0.481,0.181,464906,6.8,0.9827,0.01274
0.044,0.529,0.175,656938,1.1,0.5959,0.00811
0.094,0.587,0.146,632287,1.7,1.2751,0.01103
0.018,0.413,0.191,941125,6.3,0.8002,0.00979
0.007,0.3,0.168,645620,6.3,0.7424,0.01082
0.034,0.496,0.164,594848,10.2,1.2245,0.01832
0.029,0.337,0.193,396676,14.3,1.3109,0.03706
0.099,0.61,0.157,154560,4.0,0.8743,0.05798
0.076,0.53,0.165,134586,9.0,1.4279,0.03198
0.074,0.171,0.141,637303,5.3,1.0625,0.01713
0.054,0.246,0.192,918645,-2.7,0.2236,0.00984
0.023,0.633,0.183,175536,-0.5,0.052,0.01691
0.007,0.639,0.111,349587,-4.9,-0.5788,0.01246
0.028,0.311,0.185,922984,1.6,0.3561,0.00769
0.098,0.761,0.118,329427,2.8,1.0668,0.04923
0.072,0.778,0.113,485278,6.3,1.373,0.02439
0.025,0.174,0.092,893285,6.7,0.9852,0.00976
0.018,0.416,0.136,534766,0.2,0.2176,0.0067
0.002,0.159,0.116,663802,4.3,0.5262,0.00885
0.094,0.303,0.141,543592,-0.5,0.7755,0.01341
0.007,0.419,0.197,728365,5.2,0.4724,0.00902
0.059,0.774,0.093,262357,11.7,1.6136,0.0649
0.039,0.307,0.136,574743,1.6,0.6182,0.00831
0.059,0.424,0.09,512519,10.8,1.4426,0.0289
0.083,0.596,0.127,777484,-1.5,0.9296,0.00862
0.058,0.452,0.196,597492,11.1,1.4261,0.02456
0.084,0.512,0.13,362154,14.2,1.6094,0.06396
0.056,0.626,0.149,939494,1.4,0.8817,0.00662
0.049,0.557,0.188,940750,1.4,0.624,0.00786
0.082,0.528,0.095,581537,15.0,1.6728,0.0751
0.033,0.556,0.134,748471,3.5,0.8254,0.0072
0.055,0.778,0.177,665593,11.9,1.4618,0.02966
0.093,0.396,0.188,759934,-2.6,0.5428,0.01103
0.072,0.332,0.134,171421,5.2,1.2689,0.01953
0.072,0.123,0.076,174488,7.8,1.3963,0.03928
0.027,0.443,0.124,199899,-0.1,0.3503,0.01053
0.099,0.172,0.196,777187,9.4,1.2041,0.03667
0.098,0.786,0.089,801751,4.3,1.486,0.03302
0.025,0.55,0.079,573174,7.3,1.021,0.01713
0.002,0.453,0.106,388254,6.9,0.7954,0.01536
0.067,0.292,0.157,125079,9.8,1.4978,0.03946
0.079,0.49,0.131,558393,-1.0,0.8227,0.00917
0.061,0.382,0.184,456051,14.0,1.5908,0.03656
0.002,0.636,0.106,186650,1.3,0.3046,0.01054
0.008,0.384,0.125,159395,-2.0,-0.2598,0.01325
0.033,0.123,0.096,403015,-4.2,-0.0986,0.03228
0.083,0.489,0.166,477155,8.5,1.5358,0.01836
0.06,0.193,0.163,196134,13.5,1.5376,0.04845
0.008,0.262,0.137,435318,2.0,0.2913,0.00801
0.087,0.696,0.149,911170,-4.5,0.2493,0.02434
0.08,0.622,0.161,204764,3.4,0.8287,0.03462
0.009,0.625,0.145,875051,9.9,1.1057,0.01497
0.055,0.467,0.143,264621,6.6,1.2641,0.01411
0.015,0.49,0.098,450337,1.6,0.4517,0.00638
0.097,0.453,0.083,269716,5.5,1.6407,0.015
0.014,0.55,0.072,912101,-0.2,0.1678,0.00396
0.009,0.484,0.133,175915,12.7,1.1563,0.04034
0.027,0.111,0.18,500255,11.4,1.1733,0.02521
0.007,0.518,0.131,435924,7.6,0.9296,0.0145
0.044,0.527,0.117,118836,5.3,1.0473,0.01806
0.005,0.674,0.085,608958,-4.1,-0.4662,0.00977
0.079,0.138,0.115,708901,13.8,1.7931,0.03735
0.021,0.477,0.147,352442,13.7,1.2239,0.03713
0.021,0.554,0.168,830825,14.1,1.3508,0.02868
0.001,0.309,0.153,219702,9.2,0.9698,0.02117
0.047,0.224,0.129,709803,12.2,1.5714,0.01782
0.086,0.274,0.142,718802,-0.7,0.693,0.01221
0.011,0.305,0.15,555018,3.5,0.4836,0.00869
0.069,0.632,0.093,232751,0.6,0.6149,0.02963
0.08,0.319,0.089,428798,6.4,1.451,0.0145
0.043,0.751,0.082,120683,1.1,0.2998,0.02208
0.07,0.606,0.108,537143,7.6,1.3949,0.01896
0.048,0.75,0.178,785789,12.0,1.3811,0.02594
0.052,0.208,0.076,373468,13.9,1.4228,0.06003
0.018,0.544,0.105,128893,7.7,0.9384,0.02449
0.057,0.492,0.082,347138,12.1,1.4642,0.04752
0.011,0.576,0.18,479443,10.5,1.0708,0.01853
0.029,0.568,0.128,510537,13.1,1.3138,0.03233
0.036,0.595,0.186,349880,-2.1,0.1859,0.01175
0.059,0.345,0.083,163252,7.3,1.3688,0.01845
0.009,0.719,0.157,134874,1.9,0.3232,0.01484
0.058,0.71,0.134,728438,-3.4,0.1776,0.01712
0.024,0.675,0.104,212922,6.8,0.9462,0.01834
0.05,0.336,0.12,470290,1.8,0.7546,0.00867
0.004,0.29,0.111,799947,10.6,1.1209,0.01817
0.082,0.267,0.108,892323,-0.3,0.7642,0.01136
0.055,0.268,0.108,338662,11.6,1.5885,0.0205
0.061,0.639,0.112,862196,-3.6,0.4641,0.00839
0.072,0.671,0.141,321379,13.8,1.5849,0.05691
0.046,0.132,0.164,682269,3.2,0.6243,0.01148
0.015,0.708,0.158,862083,7.6,0.9609,0.01183
0.012,0.557,0.074,674154,8.8,1.0152,0.02396
0.029,0.697,0.103,615216,-3.0,0.0104,0.01019
0.087,0.202,0.152,192051,6.3,1.3335,0.02684
0.071,0.225,0.151,613614,0.8,0.6772,0.01283
0.088,0.467,0.168,937405,5.3,1.3453,0.01238
0.001,0.51,0.094,784908,11.8,1.1625,0.02373
0.015,0.422,0.186,421665,12.5,1.1593,0.0262
0.058,0.297,0.134,385352,-3.6,0.2469,0.01239
0.023,0.717,0.108,570477,2.2,0.5861,0.00641
0.001,0.385,0.114,678569,-4.6,-0.526,0.00926
0.09,0.722,0.096,233506,9.5,1.5932,0.05226
0.049,0.402,0.1,935308,10.3,1.4087,0.01949
0.059,0.442,0.18,682752,10.0,1.4267,0.01873
0.076,0.56,0.194,816904,11.2,1.5403,0.03223
0.084,0.295,0.114,881570,-3.7,0.4684,0.01119
0.081,0.774,0.076,655589,9.3,1.7209,0.04526
0.066,0.498,0.098,291350,-0.6,0.7215,0.01144
0.066,0.577,0.14,377621,6.0,1.2964,0.01219
0.073,0.345,0.144,330238,-0.3,0.6934,0.01254
0.066,0.666,0.193,349053,-1.1,0.2689,0.02293
0.047,0.3,0.127,469719,1.4,0.7018,0.00886
0.036,0.413,0.143,582449,-1.4,0.2708,0.0081
0.023,0.517,0.071,867428,5.3,0.8289,0.01103
0.025,0.779,0.071,380133,2.9,0.6931,0.00837
0.054,0.148,0.08,921996,14.0,1.6972,0.029
0.048,0.664,0.092,643797,13.8,1.5915,0.04421
0.046,0.266,0.128,448037,14.4,1.5162,0.03758
0.053,0.548,0.142,483782,-1.3,0.5319,0.00907
0.011,0.305,0.104,126051,-2.4,-0.3634,0.01271
0.006,0.264,0.091,197596,11.2,0.637,0.09221
0.055,0.392,0.138,492779,-1.2,0.4809,0.0093
0.087,0.374,0.197,621647,9.5,1.56,0.02327
0.067,0.125,0.153,675343,14.7,1.647,0.04274
0.06,0.166,0.141,729727,10.7,1.4698,0.02169
0.077,0.313,0.126,565936,12.2,1.7702,0.02246
0.098,0.52,0.126,978753,-2.8,0.8716,0.00808
0.04,0.134,0.078,320679,10.6,1.4335,0.02448
0.047,0.696,0.083,909931,14.8,1.6003,0.06036
0.079,0.116,0.106,149830,1.9,0.8546,0.0312
0.082,0.177,0.161,315759,6.7,1.157,0.02477
0.007,0.762,0.082,471662,3.5,0.5176,0.0087
0.022,0.2,0.188,368085,1.7,0.3154,0.00993
0.064,0.444,0.174,119514,6.8,1.1509,0.03138
0.051,0.107,0.14,841197,7.1,1.1296,0.01556
0.074,0.101,0.139,187885,3.0,0.8134,0.02662
0.043,0.201,0.112,750231,14.5,1.5608,0.03332
0.082,0.113,0.192,596875,2.2,0.6635,0.02345
0.029,0.303,0.159,945799,-0.9,0.1976,0.0072
0.033,0.413,0.124,197808,3.7,0.8296,0.01193
0.043,0.455,0.132,165658,6.6,1.1707,0.01617
0.005,0.591,0.15,936638,0.3,0.0958,0.00633
0.064,0.132,0.11,435809,13.1,1.7141,0.03879
0.078,0.319,0.179,734229,3.5,1.0124,0.01263
0.051,0.316,0.195,689770,-4.5,0.0732,0.01036
0.087,0.721,0.112,137559,1.1,0.5817,0.05704
0.037,0.589,0.08,745906,7.2,1.1512,0.01613
0.049,0.734,0.15,230971,8.2,1.2154,0.02013
0.051,0.6,0.072,175986,-0.9,0.3004,0.0212
0.075,0.528,0.079,499616,13.2,1.6044,0.06081
0.096,0.358,0.08,667991,3.6,1.344,0.01179
0.075,0.495,0.124,854182,6.2,1.4112,0.01006
0.074,0.208,0.071,639189,2.5,0.9629,0.01319
0.055,0.487,0.199,292286,10.7,1.3452,0.02547
0.016,0.242,0.13,519344,5.7,0.886,0.01073
0.081,0.515,0.186,401902,9.8,1.527,0.02505
0.007,0.69,0.158,903635,3.6,0.4244,0.00745
0.093,0.489,0.127,997238,3.4,1.3332,0.00933
0.073,0.283,0.147,575213,-2.2,0.4874,0.01135
0.065,0.355,0.171,138605,13.8,1.2469,0.08023
0.02,0.152,0.111,567736,13.5,1.3449,0.02836
0.014,0.442,0.093,363691,2.3,0.5079,0.00708
0.067,0.64,0.183,503804,-3.5,0.123,0.01932
0.05,0.505,0.139,662282,-3.5,0.2502,0.00843
0.011,0.238,0.185,878469,8.8,1.0301,0.01278
0.018,0.501,0.167,387415,-4.9,-0.2735,0.01128
0.091,0.641,0.126,788082,11.7,1.6939,0.04683
0.085,0.655,0.076,496607,6.0,1.4043,0.02664
0.006,0.241,0.107,642129,5.2,0.7271,0.0099
0.002,0.152,0.139,921158,2.3,0.2363,0.00636
0.055,0.272,0.147,655005,8.9,1.3604,0.01505
0.016,0.299,0.138,466919,-3.5,-0.1701,0.009
0.075,0.708,0.192,132692,-1.8,0.0335,0.0453
0.098,0.723,0.183,826112,12.9,1.752,0.05263
0.064,0.164,0.112,736163,-4.1,0.2369,0.03624
0.094,0.499,0.182,942791,11.1,1.7271,0.03173
0.027,0.309,0.102,537619,-1.9,0.1082,0.00782
0.078,0.674,0.117,931423,11.6,1.6839,0.03889
0.087,0.787,0.182,200605,-4.7,-0.2142,0.04376
0.029,0.358,0.074,919821,-4.5,-0.154,0.00938
0.055,0.712,0.13,105609,7.2,1.2675,0.02207
0.061,0.285,0.148,394131,8.3,1.3765,0.01755
0.006,0.206,0.185,579245,2.1,0.2225,0.00835
0.094,0.624,0.176,679749,-3.6,0.5674,0.01502
0.061,0.719,0.081,260418,1.2,0.5986,0.02944
0.055,0.378,0.173,994256,13.8,1.5941,0.03148
0.042,0.672,0.162,836294,-2.4,0.3075,0.00788
0.049,0.25,0.147,654177,8.7,1.2975,0.01461
0.089,0.749,0.18,645536,14.5,1.7587,0.06185
0.099,0.192,0.146,172174,12.8,0.8811,0.17906
0.085,0.728,0.134,960789,13.0,1.812,0.05132
0.047,0.362,0.184,633589,0.4,0.4394,0.00933
0.001,0.512,0.123,572845,-4.9,-0.5657,0.01004
0.076,0.228,0.2,999772,9.1,1.3648,0.0235
0.067,0.677,0.183,197309,11.6,1.4475,0.03509
0.065,0.7,0.137,953773,-3.2,0.4038,0.01276
0.077,0.125,0.074,841014,8.8,1.5608,0.02326
0.043,0.587,0.148,607346,14.7,1.4591,0.04244
0.094,0.736,0.134,981527,13.3,1.8818,0.06006
0.049,0.772,0.194,163240,-0.3,0.1613,0.02632
0.008,0.145,0.175,167498,12.8,1.1599,0.03285
0.057,0.419,0.128,543157,10.9,1.4692,0.02182
0.043,0.153,0.159,729663,6.8,1.0664,0.0141
0.022,0.753,0.101,261259,12.0,1.2531,0.04932
0.065,0.128,0.2,575157,-2.6,0.3122,0.01887
0.041,0.159,0.179,315789,7.7,1.0559,0.01998
0.019,0.288,0.093,589725,-0.3,0.1699,0.00514
0.06,0.284,0.181,202859,-3.0,0.3057,0.0166
0.024,0.26,0.11,898282,9.9,1.2336,0.01579
0.036,0.61,0.167,780368,12.4,1.3645,0.02543
0.015,0.139,0.094,642723,1.5,0.3552,0.00654
0.059,0.41,0.119,459431,-1.8,0.4816,0.00925
0.002,0.279,0.199,334033,-3.0,-0.2319,0.01073
0.008,0.592,0.159,280458,12.0,1.0801,0.02704
0.086,0.574,0.185,685437,11.1,1.5993,0.03484
0.048,0.778,0.081,398000,-0.9,0.253,0.0198
0.087,0.11,0.173,820314,6.2,0.9909,0.02674
0.039,0.471,0.11,864696,7.9,1.1788,0.01377
0.018,0.578,0.136,750699,1.8,0.4149,0.00637
0.012,0.659,0.19,365874,2.7,0.3551,0.01008
0.01,0.518,0.166,612288,7.4,0.9582,0.01296
0.021,0.568,0.082,572051,-0.0,0.2822,0.00513
0.058,0.571,0.149,672776,-4.8,0.2288,0.00953
0.014,0.531,0.169,540498,-1.9,-0.0022,0.00813
0.003,0.176,0.086,771717,11.6,1.154,0.02529
0.078,0.747,0.187,919611,-4.6,0.0282,0.02417
0.098,0.54,0.171,444339,-4.4,0.5863,0.01384
0.011,0.176,0.172,773139,12.7,1.2618,0.01992
0.06,0.394,0.178,324183,6.5,1.2241,0.01549
0.086,0.406,0.078,315615,-0.5,0.8968,0.01118
0.056,0.436,0.116,500199,6.0,1.2308,0.01042
0.061,0.273,0.124,135494,8.6,1.4637,0.0297
0.007,0.792,0.119,447470,0.2,0.1305,0.00643
0.052,0.4,0.07,663158,9.6,1.3752,0.0241
0.003,0.741,0.139,133499,3.9,0.6809,0.01525
0.067,0.325,0.119,574524,12.4,1.6972,0.02278
0.074,0.647,0.121,476323,7.4,1.415,0.01947
0.007,0.734,0.161,310556,8.8,0.959,0.01721
0.032,0.604,0.176,150898,6.9,1.0093,0.01803
0.052,0.46,0.182,441559,3.3,0.9278,0.0105
0.008,0.623,0.18,339161,6.3,0.7774,0.01392
0.014,0.327,0.133,998714,9.4,1.14,0.01402
0.077,0.446,0.144,229714,4.9,1.3326,0.01595
0.075,0.345,0.099,395812,11.7,1.6594,0.02811
0.075,0.553,0.112,606838,-1.7,0.7807,0.0087
0.02,0.549,0.122,144424,6.2,0.8898,0.01549
0.074,0.186,0.145,784994,5.6,1.0931,0.01611
0.078,0.164,0.146,734542,3.8,0.9608,0.01608
0.051,0.589,0.112,707418,13.9,1.5328,0.04133
0.02,0.286,0.157,276029,-2.6,-0.0602,0.00999
0.03,0.279,0.113,830411,-0.0,0.3007,0.00598
0.065,0.395,0.113,276285,-4.3,0.2576,0.01661
0.064,0.53,0.072,401670,-1.4,0.6485,0.00967
0.096,0.709,0.103,816402,0.1,0.9249,0.03372
0.086,0.457,0.128,366683,15.0,1.6316,0.07126
0.049,0.194,0.107,226401,6.0,1.0883,0.01793
0.098,0.62,0.1,366247,1.2,0.947,0.03602
0.043,0.657,0.178,342184,-3.7,-0.133,0.0187
0.094,0.456,0.086,364968,12.4,1.6127,0.06349
0.046,0.665,0.099,450242,-4.4,-0.0295,0.0163
0.052,0.196,0.144,170184,3.3,0.8601,0.01697
0.05,0.585,0.105,758127,0.6,0.7542,0.00639
0.074,0.331,0.101,256972,-2.0,0.5691,0.01569
0.066,0.293,0.174,310082,4.1,1.0101,0.01532
0.099,0.207,0.081,760178,5.6,1.4511,0.01718
0.037,0.435,0.163,246235,1.8,0.6784,0.01151
0.086,0.454,0.187,489323,8.7,1.5355,0.02066
0.018,0.273,0.073,749186,-1.9,0.003,0.00693
0.015,0.485,0.135,850033,9.0,1.0918,0.01414
0.091,0.139,0.131,907250,7.1,1.3054,0.02241
0.037,0.7,0.148,849191,-1.1,0.4169,0.00703
0.038,0.711,0.16,503468,9.5,1.1952,0.01874
0.093,0.659,0.159,966245,12.7,1.7114,0.04832
0.011,0.195,0.119,389183,10.0,1.096,0.01956
0.025,0.687,0.166,400034,1.0,0.4018,0.00842
0.081,0.137,0.16,781264,8.0,1.1765,0.02456
0.035,0.22,0.145,728642,11.0,1.387,0.01548
0.092,0.253,0.13,362477,6.4,1.4169,0.02009
0.018,0.144,0.195,136789,12.7,1.2617,0.0388
0.092,0.466,0.144,634806,12.9,1.7951,0.03754
0.07,0.195,0.113,786201,1.8,0.8344,0.01257
0.069,0.68,0.125,411550,-3.1,0.2086,0.02608
0.01,0.449,0.19,709987,11.9,1.1635,0.02006
0.014,0.608,0.09,570774,-1.4,0.0453,0.00634
0.034,0.451,0.112,938196,-3.7,0.0272,0.0074
0.009,0.657,0.156,723086,-3.7,-0.2364,0.00779
0.008,0.359,0.111,451994,2.1,0.3655,0.00752
0.036,0.757,0.072,100331,5.9,1.0716,0.031
0.002,0.229,0.198,564161,-2.2,-0.1592,0.00878
0.013,0.728,0.141,378646,3.4,0.5047,0.00887
0.051,0.667,0.17,502693,10.7,1.3282,0.02469
0.044,0.252,0.168,871069,0.6,0.4315,0.00833
0.041,0.505,0.179,391373,-4.6,0.0086,0.01168
0.059,0.118,0.126,259836,8.9,1.361,0.02936
0.011,0.789,0.197,685084,-1.2,0.0175,0.00811
0.094,0.361,0.138,592503,3.6,1.187,0.01381
0.043,0.467,0.137,443693,-2.1,0.2969,0.00903
0.037,0.47,0.142,486071,7.1,1.0993,0.01169
0.081,0.16,0.124,774685,10.4,1.5832,0.02443
0.049,0.688,0.181,288698,0.3,0.3611,0.01763
0.035,0.756,0.071,586396,7.3,1.2342,0.02334
0.063,0.432,0.089,343256,8.7,1.3763,0.02224
0.089,0.782,0.187,760091,10.6,1.6463,0.03978
0.022,0.364,0.086,954811,1.3,0.4367,0.00502
0.077,0.121,0.133,392038,11.8,1.6033,0.03787
0.002,0.577,0.138,406494,7.9,0.9411,0.01546
0.07,0.638,0.073,958332,13.3,1.6641,0.06683
0.046,0.674,0.085,115841,7.3,1.2058,0.03075
0.013,0.329,0.106,750529,2.8,0.5007,0.00688
0.006,0.477,0.156,704077,14.6,1.2524,0.0313
0.072,0.256,0.119,837814,8.7,1.4972,0.015
0.006,0.522,0.188,426856,11.9,1.0938,0.02295
0.02,0.578,0.169,686103,8.2,1.0172,0.01315
0.095,0.38,0.154,171334,1.9,1.1168,0.01995
0.076,0.348,0.194,336457,10.5,1.595,0.02501
0.034,0.498,0.151,221738,-3.3,-0.0305,0.01536
0.081,0.693,0.149,134404,12.4,1.6052,0.05238
0.038,0.562,0.082,667562,-0.8,0.4298,0.00618
0.066,0.24,0.182,744695,0.9,0.5826,0.01217
0.05,0.433,0.147,404177,-1.1,0.4563,0.00967
0.003,0.622,0.107,697337,9.2,1.0016,0.01667
0.018,0.352,0.132,674564,3.1,0.5678,0.00775
0.01,0.395,0.175,426333,0.2,0.1178,0.00857
0.061,0.549,0.074,201039,-1.4,0.4211,0.02044
0.033,0.769,0.168,739735,7.9,1.0324,0.01402
0.053,0.627,0.152,293303,11.6,1.3685,0.03201
0.011,0.724,0.146,384027,9.8,1.0375,0.01842
0.072,0.377,0.082,894449,14.0,1.6491,0.05012
0.06,0.779,0.145,707325,10.0,1.5042,0.02703
0.092,0.738,0.15,384671,8.2,1.568,0.03294
0.08,0.524,0.105,381182,9.4,1.5589,0.02542
0.007,0.351,0.155,102897,4.7,0.803,0.01905
0.008,0.741,0.105,141632,9.5,1.0016,0.03998
0.085,0.177,0.129,289773,11.5,1.7148,0.03833
0.024,0.251,0.136,350052,4.0,0.7976,0.01135
0.096,0.714,0.125,693223,2.9,1.152,0.03317
0.073,0.325,0.078,463098,1.7,0.9267,0.01074
0.095,0.647,0.199,736278,7.5,1.3325,0.02698
0.077,0.367,0.076,421578,6.9,1.5048,0.01338
0.084,0.242,0.136,357867,-3.0,0.5192,0.03047
0.013,0.719,0.14,248467,5.7,0.807,0.01314
0.068,0.561,0.167,102185,3.2,0.497,0.05076
0.095,0.39,0.146,665946,9.5,1.7166,0.01966
0.063,0.675,0.118,805147,4.3,1.1755,0.01001
0.048,0.199,0.192,918444,3.2,0.6966,0.01041
0.089,0.753,0.146,680346,5.7,1.4149,0.02513
0.093,0.529,0.186,100944,6.3,0.6778,0.08891
0.031,0.735,0.176,515668,1.7,0.495,0.00871
0.093,0.741,0.127,560310,-2.3,0.4247,0.0404
0.062,0.673,0.116,887187,-3.9,0.3959,0.01004
0.029,0.385,0.144,365740,8.1,1.1134,0.01385
0.04,0.248,0.145,801386,10.2,1.3757,0.01404
0.086,0.146,0.091,747092,12.0,1.8081,0.02936
0.079,0.463,0.167,135634,12.0,1.6078,0.04147
0.045,0.57,0.154,109281,-1.0,0.0213,0.0321
0.043,0.364,0.146,661405,-2.2,0.2476,0.0086
0.025,0.512,0.188,173070,0.4,0.2751,0.01471
0.058,0.643,0.137,792269,12.7,1.5384,0.03356
0.011,0.441,0.148,524107,2.8,0.4123,0.00786
0.092,0.357,0.163,814277,9.6,1.6672,0.02079
0.02,0.55,0.075,998498,7.0,0.9715,0.0126
0.016,0.676,0.14,769597,6.7,0.9178,0.01129
0.014,0.611,0.183,101786,-2.7,-0.4374,0.02615
0.065,0.21,0.163,954217,-3.3,0.2925,0.0104
0.012,0.179,0.132,756175,-1.4,-0.0221,0.00624
0.082,0.555,0.165,635121,11.7,1.6163,0.03481
0.088,0.511,0.164,209095,-0.8,0.5838,0.02665
0.062,0.64,0.095,878005,7.0,1.3175,0.01792
0.016,0.577,0.126,550754,7.4,0.96,0.01338
0.073,0.367,0.132,399087,10.0,1.6216,0.01857
0.099,0.714,0.185,258489,2.2,0.8022,0.04092
0.034,0.299,0.113,347441,6.3,1.0297,0.01232
0.06,0.122,0.157,386221,-3.1,0.2934,0.02406
0.1,0.747,0.106,826874,6.1,1.567,0.03485
0.038,0.189,0.13,765278,13.7,1.5878,0.02123
0.067,0.268,0.15,427860,3.1,0.9253,0.01268
0.017,0.794,0.198,297938,-1.5,-0.0225,0.01086
0.071,0.19,0.164,775997,9.7,1.421,0.02256
0.057,0.291,0.147,751970,13.5,1.688,0.02391
0.076,0.347,0.118,926638,-0.7,0.7119,0.00902
0.02,0.145,0.179,452529,5.9,0.8284,0.01411
0.089,0.476,0.143,439905,0.8,1.0494,0.01112
0.087,0.644,0.123,856595,14.8,1.7973,0.06563
0.02,0.255,0.108,238623,-1.5,0.023,0.00877
0.002,0.237,0.15,930703,9.6,1.1117,0.01453
0.052,0.194,0.132,911529,3.1,0.8799,0.00985
0.009,0.512,0.109,610585,12.6,1.2089,0.02719
0.039,0.499,0.146,498413,9.7,1.2354,0.01803
0.089,0.409,0.158,918879,9.9,1.7107,0.0194
0.096,0.477,0.15,830025,1.1,1.0817,0.00989
0.094,0.698,0.091,901367,6.2,1.5122,0.02978
0.024,0.723,0.135,126130,-0.2,0.0028,0.02138
0.013,0.458,0.116,600140,13.6,1.2541,0.03167
0.028,0.445,0.085,820292,2.3,0.6161,0.00547
0.016,0.565,0.125,112932,4.3,0.7358,0.01445
0.054,0.347,0.13,662943,14.5,1.5253,0.04462
0.088,0.244,0.151,451665,4.9,1.1252,0.01863
0.053,0.492,0.148,781296,11.4,1.4377,0.02451
0.084,0.483,0.174,719426,8.4,1.5317,0.01826
0.095,0.456,0.164,810357,0.6,0.9563,0.01054
0.016,0.228,0.158,992598,-3.4,-0.1621,0.00757
0.073,0.722,0.183,126353,4.6,0.8357,0.03725
0.082,0.309,0.177,207233,8.6,1.5183,0.02782
0.095,0.5,0.156,374085,12.8,1.7779,0.04012
0.076,0.315,0.108,582090,0.7,0.829,0.01092
0.036,0.14,0.133,522510,11.2,1.3642,0.02101
0.055,0.357,0.119,290367,8.6,1.4057,0.01623
0.019,0.391,0.169,879171,14.5,1.351,0.03012
0.096,0.406,0.115,322984,7.1,1.6779,0.01744
0.049,0.376,0.195,575928,14.0,1.4884,0.03519
0.073,0.668,0.103,549026,4.5,1.3123,0.01233
0.075,0.395,0.092,235629,14.0,1.4788,0.07512
0.025,0.392,0.17,884677,12.9,1.3312,0.02346
0.042,0.49,0.103,728271,7.9,1.1957,0.01522
0.033,0.564,0.139,971747,10.0,1.2486,0.01669
0.021,0.413,0.104,514564,-3.0,-0.0633,0.00831
0.063,0.744,0.196,784074,10.8,1.3679,0.02713
0.081,0.305,0.14,950591,-3.5,0.4486,0.01016
0.075,0.605,0.13,516330,12.7,1.5863,0.04565
0.037,0.205,0.082,524954,8.4,1.2389,0.01292
0.018,0.719,0.134,681213,13.2,1.3023,0.027
0.032,0.177,0.103,432287,9.3,1.2538,0.01587
0.04,0.297,0.158,479051,13.5,1.4751,0.0276
0.047,0.694,0.178,615345,9.9,1.258,0.02074
0.069,0.151,0.118,106689,4.5,1.0629,0.02845
0.013,0.221,0.108,918781,7.3,0.9544,0.01145
0.043,0.226,0.185,461086,13.5,1.4738,0.02859
0.068,0.306,0.178,885938,13.7,1.7364,0.02846
0.055,0.164,0.137,136673,2.1,0.6817,0.01861
0.078,0.29,0.073,566864,3.5,1.1383,0.01205
0.076,0.217,0.116,227341,5.5,1.253,0.0205
0.012,0.433,0.118,326915,0.7,0.2435,0.00766
0.064,0.662,0.097,899036,1.8,1.1253,0.00701
0.006,0.582,0.155,550249,10.9,1.0997,0.01853
0.008,0.291,0.166,364233,-2.1,-0.1192,0.00894
0.068,0.507,0.128,493840,-1.3,0.6938,0.00919
0.069,0.387,0.178,412208,6.2,1.2498,0.01495
0.097,0.41,0.195,297562,14.0,1.7985,0.04728
0.012,0.197,0.116,546474,14.5,1.2522,0.03909
0.063,0.663,0.154,925243,9.4,1.3627,0.02176
0.095,0.625,0.091,909035,5.0,1.6355,0.01079
0.021,0.347,0.095,309941,6.0,0.8744,0.01183
0.04,0.634,0.096,981381,7.8,1.2267,0.0151
0.081,0.668,0.133,688295,7.2,1.4364,0.02144
0.065,0.43,0.078,363463,10.1,1.4173,0.0326
0.097,0.115,0.168,815339,-3.2,0.4893,0.03976
0.025,0.757,0.147,323928,14.7,1.3067,0.04441
0.09,0.479,0.141,849468,-3.2,0.6838,0.00867
0.053,0.688,0.184,607787,13.0,1.4539,0.03402
0.079,0.433,0.101,540532,12.2,1.579,0.0437
0.056,0.134,0.072,742082,4.9,1.0281,0.01413
0.019,0.768,0.2,503579,2.1,0.3367,0.00947
0.052,0.694,0.148,596251,-2.8,0.18,0.01557
0.083,0.748,0.11,822694,14.4,1.9,0.06688
0.096,0.413,0.089,290352,2.8,1.3248,0.01245
0.086,0.403,0.174,900473,8.7,1.5677,0.01818
0.095,0.339,0.074,323965,4.8,1.4484,0.01498
0.092,0.646,0.149,942706,13.2,1.7355,0.05211
0.042,0.676,0.148,600323,5.5,0.95,0.01124
0.046,0.112,0.149,452357,4.6,0.912,0.01492
0.023,0.478,0.199,333047,4.6,0.7074,0.01229
0.033,0.694,0.134,888724,-1.7,0.3193,0.00676
0.024,0.117,0.193,395226,4.6,0.6607,0.01291
0.092,0.442,0.127,281164,-4.6,0.4984,0.03393
0.024,0.616,0.082,756345,-0.1,0.3419,0.00518
0.072,0.379,0.153,839877,2.1,0.8722,0.01009
0.047,0.736,0.187,665539,1.1,0.5612,0.00921
0.043,0.655,0.166,417750,-0.7,0.3604,0.01184
0.058,0.429,0.076,735761,-3.9,0.2602,0.00909
0.063,0.7,0.093,311478,2.7,0.8693,0.02586
0.019,0.258,0.081,305144,10.5,1.1408,0.03585
0.022,0.303,0.158,565284,-4.0,-0.1433,0.00927
0.058,0.168,0.135,760880,-0.8,0.4666,0.01196
0.087,0.476,0.161,152678,13.0,1.6989,0.04552
0.058,0.565,0.078,531170,0.7,0.8422,0.00753
0.022,0.674,0.189,276818,10.7,1.0822,0.02289
0.094,0.462,0.189,872239,-4.6,0.443,0.00986
0.035,0.507,0.167,874484,7.9,1.1158,0.01224
0.084,0.382,0.165,786238,13.5,1.8348,0.03241
0.063,0.23,0.191,335928,10.1,1.4008,0.0258
0.08,0.485,0.093,758071,5.9,1.4813,0.00984
0.007,0.273,0.15,535792,-3.1,-0.2256,0.0079
0.074,0.54,0.097,425360,0.4,0.9711,0.00986
0.055,0.292,0.124,981136,7.1,1.2705,0.01077
0.023,0.616,0.179,747328,-2.8,0.0334,0.00775
0.097,0.778,0.161,990490,-3.4,0.3468,0.03522
0.062,0.494,0.13,645666,-4.1,0.3179,0.00899
0.032,0.601,0.132,642900,11.0,1.2781,0.02146
0.088,0.173,0.153,640397,11.0,1.593,0.03135
0.002,0.636,0.152,371904,14.0,1.1298,0.03501
0.077,0.122,0.083,882299,7.8,1.4532,0.02037
0.085,0.603,0.104,291348,-1.1,0.5718,0.03098
0.097,0.463,0.194,963375,5.4,1.2315,0.01618
0.086,0.475,0.078,780471,-1.9,0.8188,0.00791
0.012,0.439,0.124,906869,8.7,1.0595,0.01375
0.077,0.689,0.092,217022,9.9,1.5607,0.04734
0.059,0.355,0.131,795599,9.7,1.4997,0.01382
0.003,0.404,0.146,116739,13.9,1.011,0.06155
0.074,0.289,0.077,681391,5.0,1.2575,0.01115
0.098,0.193,0.183,567252,7.9,1.1984,0.02962
0.062,0.39,0.143,491957,9.2,1.459,0.01545
0.072,0.211,0.139,806573,1.0,0.7366,0.01226
0.086,0.427,0.148,995522,-2.1,0.6698,0.00851
0.004,0.699,0.089,431503,4.8,0.6113,0.0114
0.024,0.689,0.103,192984,13.6,0.9965,0.10152
0.049,0.655,0.111,553538,14.5,1.5497,0.04906
0.091,0.392,0.077,566067,10.1,1.6396,0.03181
0.01,0.743,0.118,260390,-0.9,-0.0561,0.01064
0.009,0.368,0.104,667848,5.7,0.7731,0.01069
0.045,0.431,0.127,714372,5.4,1.0758,0.00881
0.094,0.202,0.153,286445,-3.7,0.5348,0.04048
0.019,0.385,0.194,692366,14.9,1.2947,0.03617
0.048,0.702,0.077,520102,-1.2,0.3777,0.01516
0.048,0.487,0.086,209842,10.6,1.3717,0.04014
0.01,0.655,0.176,404784,-2.5,-0.1135,0.00942
0.092,0.608,0.147,652887,13.3,1.7024,0.05392
0.062,0.75,0.078,130564,1.2,0.4749,0.03368
0.074,0.344,0.183,458080,3.0,0.9563,0.01303
0.074,0.657,0.1,102650,-3.8,-0.4114,0.08835
0.068,0.59,0.087,184030,0.4,0.5812,0.02922
0.058,0.466,0.109,177518,4.0,1.0931,0.01435
0.055,0.273,0.146,180813,5.9,1.1694,0.01972
0.0,0.632,0.092,882665,-0.3,-0.0292,0.00441
0.082,0.295,0.182,287494,-0.0,0.6505,0.01615
0.081,0.112,0.13,705195,-3.2,0.422,0.03901
0.096,0.136,0.167,659297,8.8,1.2408,0.03366
0.065,0.43,0.142,219196,10.8,1.5637,0.02345
0.072,0.442,0.184,694430,5.6,1.2114,0.0126
0.084,0.772,0.112,833205,-1.6,0.5233,0.03572
0.058,0.396,0.123,641761,1.9,0.8508,0.00778
0.065,0.365,0.103,459842,2.6,0.9643,0.00933
0.063,0.681,0.089,961425,12.2,1.7179,0.03482
0.082,0.653,0.126,889555,2.2,1.2782,0.00945
0.015,0.45,0.101,973032,2.2,0.4457,0.00554
0.059,0.152,0.138,486593,-1.2,0.4456,0.01609
0.051,0.383,0.101,688016,6.0,1.181,0.00949
0.025,0.52,0.133,736214,5.7,0.9249,0.00972
0.041,0.389,0.163,662601,-4.7,-0.0122,0.00946
0.037,0.744,0.129,814097,8.5,1.2228,0.01601
0.046,0.1,0.164,822788,14.9,1.495,0.04048
0.07,0.239,0.078,615189,14.4,1.6234,0.05584
0.045,0.346,0.153,622043,8.0,1.2358,0.01242
0.065,0.303,0.128,235234,5.0,1.1664,0.01625
0.07,0.434,0.096,731146,-4.1,0.3756,0.00967
0.029,0.322,0.137,471427,0.9,0.4028,0.00768
0.051,0.248,0.184,684774,6.6,1.0837,0.01433
0.061,0.586,0.123,287390,11.5,1.4198,0.03786
0.011,0.235,0.09,342293,-3.2,-0.3247,0.01125
0.024,0.325,0.167,857621,5.8,0.9097,0.00983
0.049,0.693,0.143,221973,11.0,1.3362,0.03168
0.048,0.121,0.121,110165,6.0,1.0519,0.02751
0.068,0.2,0.183,209620,-3.2,0.3426,0.02257
0.046,0.112,0.121,720632,6.4,1.0762,0.01444
0.08,0.278,0.118,197926,13.3,1.8838,0.03914
0.073,0.539,0.103,939569,10.8,1.5613,0.0303
0.063,0.294,0.164,893161,4.4,1.0286,0.01095
0.081,0.684,0.146,401675,6.8,1.4075,0.02104
0.003,0.247,0.145,813764,6.6,0.7652,0.01067
0.072,0.48,0.098,974574,14.0,1.6508,0.04928
0.03,0.75,0.171,989544,13.3,1.4179,0.02477
0.097,0.523,0.149,686036,8.9,1.6902,0.02089
0.007,0.784,0.197,531786,1.5,0.1915,0.00884
0.034,0.251,0.124,936677,10.3,1.353,0.01427
0.005,0.8,0.146,432288,-3.8,-0.382,0.01014
0.099,0.349,0.122,167095,6.7,1.6417,0.0258
0.043,0.481,0.157,490118,8.9,1.232,0.01544
0.054,0.2,0.097,154467,14.3,1.658,0.04053
0.025,0.724,0.101,555423,10.5,1.28,0.02422
0.074,0.572,0.153,341765,5.1,1.2715,0.01331
0.041,0.482,0.105,271085,10.9,1.2693,0.03161
0.049,0.509,0.183,219391,13.2,1.3667,0.03828
0.04,0.338,0.148,741539,1.2,0.5002,0.00725
0.032,0.13,0.086,387947,11.1,1.4034,0.01974
0.007,0.296,0.13,792779,-1.8,-0.101,0.00617
0.044,0.25,0.145,349954,8.9,1.2979,0.01771
0.036,0.765,0.101,887071,7.0,1.1814,0.01505
0.034,0.32,0.197,503193,8.4,1.1366,0.01523
0.049,0.692,0.133,676277,0.6,0.7255,0.00855
0.025,0.289,0.078,150070,12.7,0.9005,0.11873
0.012,0.708,0.085,618410,8.4,1.0148,0.01782
0.089,0.438,0.165,738870,-3.0,0.5912,0.00966
0.02,0.393,0.172,766026,3.6,0.5365,0.00782
0.028,0.105,0.082,937691,12.7,1.5032,0.02113
0.097,0.152,0.121,617717,6.4,1.3371,0.02458
0.097,0.151,0.126,235976,-4.6,0.4295,0.04017
0.031,0.442,0.106,893985,4.8,0.8944,0.00784
0.004,0.687,0.196,474075,-1.4,-0.0668,0.00902
0.094,0.224,0.141,885224,3.8,1.1075,0.01537
0.071,0.278,0.127,333891,-2.1,0.5036,0.01425
0.071,0.16,0.133,639941,-1.5,0.5012,0.02373
0.012,0.111,0.162,518144,0.7,0.1621,0.00773
0.01,0.587,0.085,976659,3.3,0.5386,0.00728
0.089,0.148,0.154,761190,-3.1,0.4882,0.03642
0.024,0.756,0.078,854830,-4.2,-0.1845,0.01067
0.039,0.245,0.085,702530,10.2,1.3725,0.01882
0.09,0.515,0.19,900176,11.8,1.6946,0.03635
0.032,0.724,0.191,999100,10.7,1.2492,0.01846
0.088,0.244,0.086,615556,-0.7,0.7477,0.0251
0.019,0.738,0.17,394236,-1.3,0.0537,0.0094
0.063,0.399,0.182,547371,6.7,1.2272,0.01385
0.015,0.188,0.193,237337,14.7,1.2313,0.03842
0.07,0.45,0.125,738076,8.4,1.498,0.01333
0.065,0.793,0.078,416947,9.9,1.6541,0.05985
0.004,0.398,0.177,248962,11.4,1.0359,0.02499
0.05,0.667,0.164,286896,-3.4,-0.0707,0.02275
0.063,0.182,0.141,366147,1.2,0.6627,0.01545
0.014,0.146,0.123,547356,7.7,1.0061,0.01276
0.008,0.411,0.078,202583,-3.9,-0.412,0.0136
0.053,0.5,0.114,623513,2.0,0.8785,0.00663
0.025,0.796,0.088,144523,-0.7,0.0043,0.01459
0.045,0.769,0.109,358178,2.1,0.6793,0.01704
0.045,0.415,0.091,909057,7.9,1.2494,0.01473
0.038,0.449,0.141,435917,14.8,1.359,0.04923
0.055,0.663,0.113,551150,-1.2,0.4804,0.01369
0.023,0.779,0.087,296627,-0.3,0.1011,0.01209
0.089,0.182,0.183,147288,4.9,1.056,0.02931
0.089,0.571,0.077,113109,11.2,1.722,0.07364
0.1,0.264,0.072,609302,2.9,1.2477,0.01439
0.026,0.54,0.099,382551,3.5,0.7373,0.00764
0.056,0.324,0.125,749066,3.7,0.9761,0.00916
0.028,0.606,0.121,429742,10.0,1.1788,0.02136
0.034,0.113,0.143,479335,1.4,0.4348,0.00891
0.026,0.49,0.199,934850,14.5,1.35,0.03295
0.005,0.396,0.117,635470,11.3,1.1341,0.02127
0.041,0.478,0.139,271546,5.3,1.0423,0.01187
0.097,0.735,0.132,793221,6.6,1.5466,0.03076
0.075,0.106,0.103,360285,-2.3,0.4169,0.02336
0.01,0.453,0.135,669148,13.5,1.2462,0.02748
0.053,0.604,0.127,552335,3.1,1.0148,0.00787
0.025,0.549,0.113,218050,-3.7,-0.2417,0.01539
0.019,0.401,0.117,552113,-1.6,0.0598,0.00676
0.04,0.712,0.072,969975,-1.5,0.4362,0.00756
0.055,0.767,0.181,389966,2.1,0.7046,0.01315
0.083,0.226,0.077,386555,-1.1,0.6317,0.02907
0.039,0.629,0.135,187605,-2.5,-0.0734,0.0218
0.087,0.386,0.157,272566,7.4,1.54,0.02011
0.072,0.561,0.169,118348,5.1,0.7854,0.04793
0.046,0.519,0.13,186862,14.3,1.3662,0.05475
0.075,0.701,0.18,862859,-3.7,0.2308,0.0191
0.081,0.435,0.089,301550,6.0,1.5125,0.01363
0.04,0.156,0.127,480395,6.6,1.0578,0.01458
0.087,0.141,0.176,921948,7.5,1.1077,0.02561
0.038,0.418,0.165,770152,8.6,1.2083,0.01282
0.021,0.639,0.093,823268,3.4,0.6632,0.00728
0.059,0.102,0.127,653441,12.3,1.5356,0.03174
0.022,0.78,0.086,977673,11.2,1.4087,0.02383
0.029,0.732,0.188,708690,4.5,0.6389,0.01021
0.086,0.594,0.127,788884,9.9,1.5936,0.03037
0.047,0.674,0.179,764818,3.0,0.7271,0.00952
0.097,0.622,0.086,849208,7.1,1.5499,0.03028
0.013,0.373,0.101,267537,2.4,0.5226,0.00853
0.018,0.175,0.19,468178,-2.2,-0.0387,0.00898
0.065,0.157,0.164,851210,7.1,1.1872,0.01691
0.004,0.696,0.075,798526,7.4,0.8396,0.01439
0.094,0.307,0.119,784775,9.4,1.7128,0.01844
0.091,0.164,0.167,806184,6.9,1.1461,0.02396
0.06,0.461,0.193,595974,9.6,1.3719,0.01967
0.031,0.595,0.151,839294,12.3,1.3511,0.02338
0.043,0.56,0.125,155653,-4.5,-0.2502,0.02486
0.039,0.178,0.074,336245,1.7,0.5697,0.00944
0.021,0.268,0.151,666796,-3.9,-0.1496,0.00883
0.089,0.702,0.134,131376,11.4,1.6513,0.05169
0.087,0.318,0.183,852073,2.5,0.8654,0.01388
0.023,0.127,0.078,536374,-1.7,0.0719,0.00959
0.005,0.183,0.077,722548,8.7,0.9546,0.01725
0.032,0.116,0.132,367080,7.8,1.0796,0.01828
0.012,0.526,0.152,154869,-3.6,-0.4216,0.01783
0.058,0.729,0.196,345398,10.6,1.2711,0.02741
0.1,0.365,0.163,680856,14.7,1.9735,0.04212
0.082,0.349,0.175,951807,1.0,0.761,0.01136
0.048,0.599,0.112,945514,2.3,0.9078,0.00589
0.079,0.723,0.117,491283,10.8,1.6442,0.04303
0.071,0.783,0.139,440598,-3.8,0.0286,0.03135
0.009,0.437,0.192,990810,1.3,0.1984,0.00745
0.008,0.414,0.191,239431,12.7,1.0826,0.03058
0.016,0.258,0.074,661968,-3.0,-0.17,0.00871
0.09,0.654,0.117,146885,10.2,1.6423,0.04198
0.093,0.448,0.084,666480,4.6,1.493,0.00985
0.026,0.532,0.161,521131,12.1,1.2499,0.02472
0.01,0.123,0.171,877633,12.6,1.2675,0.01879
0.009,0.127,0.181,325341,14.5,1.1903,0.03618
0.005,0.504,0.095,167703,1.9,0.4037,0.00978
0.028,0.595,0.197,883341,-0.6,0.2438,0.00742
0.036,0.39,0.107,450064,10.2,1.253,0.02192
0.044,0.579,0.193,619970,10.7,1.2751,0.02299
0.067,0.188,0.18,118762,-5.0,0.0822,0.04378
0.051,0.233,0.091,768166,-3.4,0.1741,0.01052
0.028,0.242,0.142,830865,-1.7,0.1227,0.00788
0.009,0.413,0.139,940076,6.4,0.8375,0.01032
0.015,0.517,0.122,145895,6.3,0.8527,0.01593
0.03,0.266,0.083,986412,-3.6,-0.0507,0.00809
0.062,0.437,0.169,107121,-0.9,0.2221,0.03471
0.081,0.386,0.165,627800,-1.3,0.6263,0.01049
0.062,0.544,0.177,172387,-2.1,0.1246,0.02934
0.026,0.187,0.166,126811,9.4,1.2301,0.03018
0.08,0.612,0.092,724890,5.9,1.4346,0.01454
0.044,0.284,0.121,259068,14.8,1.3562,0.05918
0.047,0.631,0.178,328094,0.9,0.5367,0.01244
0.09,0.5,0.071,548765,3.0,1.3962,0.0084
0.032,0.671,0.097,318916,-4.5,-0.2657,0.01671
0.008,0.267,0.172,483094,-3.6,-0.2492,0.00885
0.036,0.174,0.174,900257,1.0,0.3789,0.00791
0.068,0.635,0.081,907915,8.9,1.5239,0.02451
0.077,0.794,0.121,187767,14.1,1.7574,0.07559
0.005,0.765,0.123,290003,13.9,1.16,0.04469
0.069,0.271,0.114,885352,-1.6,0.5235,0.01003
0.086,0.752,0.142,955097,4.6,1.3318,0.02075
0.044,0.484,0.135,307256,-3.0,0.1927,0.01168
0.095,0.352,0.078,186815,3.3,1.3137,0.0161
0.064,0.217,0.108,578046,10.1,1.5687,0.01876
0.061,0.291,0.157,122253,4.1,1.0525,0.02175
0.028,0.332,0.177,141343,2.7,0.7949,0.01804
0.087,0.614,0.177,367880,7.3,1.3777,0.02207
0.053,0.709,0.156,890378,-1.6,0.4516,0.00994
0.001,0.192,0.187,626607,-0.3,-0.0178,0.00808
0.013,0.687,0.137,784784,11.5,1.2056,0.0193
0.073,0.794,0.09,144360,9.2,1.6541,0.0537
0.076,0.311,0.175,279196,-3.2,0.4224,0.01525
0.039,0.105,0.153,532415,8.7,1.1244,0.01934
0.061,0.246,0.174,387238,-3.7,0.2505,0.01331
0.074,0.245,0.098,456882,8.5,1.5462,0.01818
0.1,0.302,0.146,719698,5.4,1.2976,0.01738
0.044,0.305,0.178,233266,14.9,1.48,0.04034
0.071,0.23,0.183,439115,4.4,0.9807,0.01634
0.081,0.603,0.15,776933,-0.2,0.9992,0.00874
0.043,0.455,0.13,984890,8.9,1.2698,0.01424
0.009,0.789,0.189,454007,4.2,0.4294,0.00996
0.072,0.402,0.092,317219,3.8,1.1866,0.01127
0.067,0.509,0.188,974839,0.8,0.7185,0.00862
0.002,0.608,0.124,783959,12.5,1.1856,0.02247
0.042,0.246,0.071,331548,12.9,1.3187,0.05353
0.082,0.574,0.14,632294,5.2,1.4134,0.01087
0.067,0.396,0.108,919711,8.9,1.5281,0.01327
0.05,0.63,0.189,114344,15.0,1.4115,0.05347
0.084,0.603,0.172,614349,13.4,1.6416,0.04797
0.013,0.332,0.132,585004,-2.1,-0.0649,0.00694
0.079,0.633,0.098,488151,-4.2,0.3639,0.02007
0.093,0.303,0.079,123388,5.1,1.4406,0.02432
0.079,0.695,0.166,400722,12.0,1.5799,0.04132
0.028,0.574,0.177,867742,9.1,1.1202,0.01458
0.028,0.274,0.153,593575,-4.3,-0.1164,0.00963
0.058,0.537,0.147,541119,-3.2,0.386,0.00943
0.087,0.288,0.19,106952,8.1,0.5178,0.13113
0.068,0.699,0.194,766303,8.0,1.1957,0.02137
0.035,0.451,0.172,240922,-3.7,-0.0058,0.01402
0.017,0.141,0.093,375011,4.4,0.6827,0.01075
0.019,0.455,0.166,680470,11.6,1.2113,0.01994
0.096,0.27,0.111,992630,11.9,1.8965,0.02278
0.009,0.683,0.073,995244,6.7,0.8383,0.01183
0.053,0.76,0.166,748913,9.1,1.3054,0.02038
0.081,0.565,0.165,648100,-2.6,0.6913,0.00967
0.032,0.171,0.196,201405,-0.8,0.1883,0.01265
0.087,0.755,0.123,918946,8.3,1.6098,0.03477
0.091,0.537,0.13,733524,4.6,1.4734,0.01004
0.057,0.567,0.08,841933,5.3,1.1741,0.01267
0.069,0.547,0.118,808338,-2.0,0.6726,0.00749
0.023,0.481,0.081,855304,6.4,0.9283,0.01238
0.058,0.296,0.18,303932,10.5,1.4748,0.02335
0.044,0.468,0.169,204752,3.8,0.9623,0.01396
0.011,0.389,0.125,276891,4.0,0.7002,0.01072
0.024,0.297,0.108,693390,0.5,0.3081,0.00575
0.09,0.543,0.113,153697,1.4,0.7359,0.04397
0.032,0.79,0.148,437284,1.6,0.5571,0.00831
0.063,0.19,0.187,844441,14.5,1.6216,0.03765
0.015,0.384,0.117,521819,2.4,0.488,0.00748
0.076,0.214,0.124,943816,0.8,0.7845,0.01199
0.047,0.739,0.101,713181,6.9,1.2386,0.01719
0.012,0.451,0.082,304428,9.8,1.0311,0.03876
0.036,0.244,0.1,704628,-2.6,0.1164,0.00857
0.043,0.139,0.14,917763,7.6,1.1575,0.01381
0.057,0.772,0.075,325520,4.9,1.1746,0.02131
0.099,0.458,0.188,746095,2.5,1.0551,0.01343
0.095,0.481,0.113,757413,-1.6,0.9352,0.00854
0.067,0.555,0.168,186534,9.1,1.4207,0.02315
0.082,0.175,0.197,981070,9.5,1.3663,0.02949
0.068,0.23,0.087,613612,-1.9,0.4695,0.02473
0.066,0.522,0.151,739353,11.6,1.5214,0.02908
0.072,0.571,0.188,515698,8.4,1.353,0.02095
0.032,0.535,0.128,911795,14.3,1.4479,0.03304
0.004,0.612,0.111,212373,-1.3,-0.2017,0.01058
0.021,0.723,0.167,510052,8.7,1.0202,0.01504
0.024,0.251,0.153,220399,3.4,0.7904,0.01389
0.075,0.118,0.146,915900,13.7,1.639,0.04005
0.005,0.191,0.129,748158,7.1,0.9055,0.01177
0.087,0.604,0.139,200444,4.8,1.0763,0.0378
0.055,0.487,0.096,650120,14.7,1.5413,0.0528
0.085,0.558,0.168,559891,12.7,1.6497,0.04222
0.048,0.292,0.102,971161,12.1,1.5042,0.02339
0.1,0.513,0.088,466996,-3.2,0.8474,0.01218
0.043,0.311,0.188,497151,0.8,0.3906,0.00942
0.093,0.348,0.118,722203,8.4,1.6576,0.01618
0.014,0.64,0.076,265854,7.1,0.8888,0.0246
0.096,0.607,0.109,606276,-1.8,0.9597,0.01272
0.063,0.108,0.155,121180,5.4,1.0307,0.02731
0.084,0.394,0.176,161429,1.2,0.9046,0.02012
0.069,0.698,0.099,605660,10.7,1.6065,0.03665
0.022,0.41,0.129,571201,-2.7,-0.0122,0.00785
0.026,0.378,0.089,974718,0.4,0.3444,0.00456
0.056,0.218,0.127,877434,-2.8,0.2766,0.00997
0.035,0.744,0.163,784558,15.0,1.4875,0.03585
0.076,0.727,0.189,933453,8.7,1.355,0.02543
0.003,0.48,0.194,125199,1.5,0.2445,0.0183
0.047,0.515,0.171,742236,-4.4,0.1176,0.00876
0.01,0.51,0.089,188389,8.2,0.9266,0.03005
0.097,0.283,0.153,308077,11.9,1.8376,0.03414
0.015,0.449,0.082,985228,-2.4,-0.0605,0.00618
0.057,0.243,0.169,734548,2.7,0.8256,0.01076
0.065,0.148,0.194,513706,12.6,1.4258,0.03837
0.05,0.255,0.109,922398,3.2,0.869,0.00852
0.013,0.651,0.198,350500,11.7,1.0801,0.02436
0.061,0.158,0.188,937397,8.2,1.2022,0.01951
0.045,0.133,0.129,805302,12.7,1.5288,0.02311
0.018,0.747,0.157,591664,14.6,1.3249,0.03369
0.001,0.131,0.162,470252,5.0,0.533,0.01057
0.043,0.417,0.097,797673,7.1,1.1745,0.01268
0.008,0.107,0.194,111986,8.3,1.0665,0.02806
0.098,0.636,0.173,109255,12.9,1.7162,0.05802
0.099,0.758,0.124,584626,-2.4,0.4432,0.04538
0.055,0.786,0.156,738319,2.5,0.8669,0.01085
0.006,0.108,0.169,426274,0.1,0.0598,0.00832
0.077,0.24,0.072,484426,13.8,1.6061,0.0604
0.087,0.618,0.135,354674,12.8,1.6428,0.0544
0.1,0.478,0.145,747530,-0.4,1.0092,0.00969
0.031,0.256,0.122,920404,7.6,1.1492,0.01029
0.043,0.304,0.107,332792,7.2,1.1859,0.01364
0.001,0.247,0.19,419325,13.1,1.1057,0.02746
0.007,0.366,0.073,599522,-4.7,-0.4962,0.0114
0.086,0.459,0.163,685697,-4.3,0.49,0.00987
0.042,0.492,0.092,747099,4.9,1.0118,0.00846
0.094,0.587,0.118,554061,10.1,1.6631,0.03534
0.02,0.542,0.11,288440,12.4,1.2474,0.03909
0.056,0.724,0.16,497532,13.3,1.5184,0.0384
0.085,0.367,0.184,797883,14.9,1.8499,0.04255
0.009,0.786,0.095,712078,5.5,0.7339,0.0109
0.032,0.618,0.118,130161,10.2,1.2155,0.03425
0.016,0.149,0.123,507131,7.0,0.9573,0.0126
0.039,0.229,0.195,978747,4.6,0.7877,0.01059
0.008,0.176,0.152,278285,1.7,0.2625,0.00999
0.073,0.699,0.116,543804,2.8,1.0136,0.02161
0.008,0.225,0.088,356893,2.1,0.4245,0.00734
0.07,0.497,0.131,268476,5.1,1.3218,0.01338
0.083,0.363,0.182,778817,-3.6,0.3948,0.01028
0.07,0.683,0.179,369533,-0.4,0.4437,0.02348
0.003,0.254,0.155,514619,2.0,0.2126,0.0077
0.013,0.7,0.085,714948,1.8,0.4072,0.00525
0.017,0.592,0.118,513743,6.0,0.856,0.01151
0.05,0.33,0.154,653853,8.2,1.2822,0.01304
0.083,0.25,0.099,672674,13.0,1.8946,0.02398
0.095,0.662,0.12,749419,8.6,1.6167,0.03325
0.069,0.259,0.138,563315,-4.4,0.2575,0.01321
0.081,0.496,0.15,134069,13.5,1.6653,0.04799
0.02,0.414,0.084,422751,-3.3,-0.1673,0.01019
0.002,0.216,0.166,242627,10.7,1.0157,0.02309
0.039,0.482,0.107,734076,9.7,1.2773,0.01882
0.058,0.422,0.182,232653,-2.4,0.3658,0.01449
0.025,0.626,0.109,224648,-0.8,0.094,0.014
0.091,0.68,0.123,120639,2.5,0.7299,0.06111
0.057,0.496,0.195,435778,5.8,1.0965,0.01322
0.054,0.326,0.106,877755,4.2,1.0167,0.00852
0.009,0.749,0.088,830636,1.9,0.3397,0.00547
0.048,0.234,0.088,802498,0.4,0.5224,0.00921
0.067,0.184,0.173,511229,13.0,1.5885,0.03304
0.0,0.282,0.103,980835,-0.2,-0.019,0.00475
0.072,0.332,0.164,496484,-1.9,0.4968,0.01123
0.072,0.229,0.144,431393,10.6,1.5831,0.02375
0.001,0.421,0.182,526551,5.1,0.4737,0.00993
0.077,0.641,0.163,881129,-2.9,0.6135,0.00971
0.081,0.316,0.095,907397,-0.2,0.8029,0.00988
0.054,0.477,0.087,787434,-1.7,0.4822,0.00687
0.069,0.283,0.108,465842,8.6,1.5171,0.01655
0.053,0.302,0.15,559489,-2.5,0.2962,0.00994
0.034,0.439,0.148,820313,12.1,1.3574,0.02285
0.058,0.163,0.097,642759,5.9,1.142,0.01416
0.048,0.4,0.194,511168,8.2,1.2071,0.0152
0.005,0.347,0.154,427162,5.3,0.6693,0.01144
0.017,0.236,0.169,890211,5.8,0.7761,0.00982
0.046,0.707,0.155,368921,12.1,1.3774,0.03137
0.05,0.175,0.194,794041,4.2,0.8486,0.01272
0.077,0.309,0.146,973385,12.7,1.8136,0.02269
0.004,0.618,0.111,295280,5.8,0.7309,0.01351
0.021,0.303,0.109,648699,10.7,1.2202,0.01951
0.092,0.71,0.169,185634,-2.8,0.0977,0.04847
0.008,0.458,0.092,787992,-4.0,-0.3633,0.00851
0.044,0.37,0.155,633564,-2.2,0.255,0.00885
0.032,0.341,0.163,501008,6.2,1.0446,0.01188
0.066,0.324,0.097,597832,12.0,1.5636,0.03092
0.053,0.442,0.164,897420,12.4,1.5017,0.02679
0.083,0.188,0.083,372756,4.3,1.1899,0.01916
0.015,0.671,0.18,230158,14.6,1.1728,0.04213
0.006,0.247,0.118,106879,14.8,0.504,0.15409
0.024,0.797,0.124,619834,-4.7,-0.3464,0.01304
0.077,0.362,0.156,406252,12.7,1.7428,0.02767
0.094,0.623,0.17,169994,14.2,1.722,0.06016
0.015,0.189,0.096,746758,-4.6,-0.3354,0.00176
0.085,0.61,0.189,165364,3.5,0.6759,0.04528
0.018,0.466,0.182,539504,14.1,1.2538,0.03295
0.035,0.261,0.173,878534,2.8,0.5732,0.00841
0.057,0.448,0.15,116968,-4.1,-0.0923,0.03252
0.033,0.143,0.157,318871,5.6,0.935,0.01593
0.043,0.799,0.111,925430,-0.2,0.4904,0.01252
0.037,0.363,0.091,580773,13.9,1.382,0.04407
0.077,0.296,0.124,437831,-4.5,0.3592,0.02771
0.063,0.361,0.137,995885,11.2,1.6209,0.01746
0.037,0.32,0.075,643702,-4.5,-0.0757,0.01151
0.018,0.387,0.162,566099,12.8,1.2462,0.0251
0.02,0.433,0.104,633134,-1.6,0.0791,0.00639
0.068,0.152,0.111,962417,6.1,1.1978,0.01521
0.093,0.41,0.193,246820,7.7,1.536,0.02431
0.007,0.599,0.091,404455,2.3,0.4484,0.00701
0.088,0.223,0.17,177974,-0.2,0.6554,0.02618
0.072,0.66,0.112,552658,0.9,0.878,0.01725
0.055,0.366,0.07,807087,3.7,0.9931,0.00744
0.061,0.643,0.071,523168,11.4,1.433,0.07765
0.069,0.518,0.121,823689,10.9,1.5098,0.02836
0.066,0.241,0.191,251978,14.9,1.6368,0.04807
0.089,0.367,0.13,569097,8.4,1.6272,0.01674
0.02,0.322,0.075,587266,12.7,1.1161,0.05529
0.033,0.672,0.07,390742,7.6,1.1678,0.0285
0.051,0.151,0.137,467317,11.3,1.4664,0.02448
0.078,0.249,0.129,240417,0.7,0.7724,0.01785
0.064,0.103,0.112,739243,7.2,1.213,0.01947
0.003,0.146,0.152,610399,2.1,0.2201,0.0073
0.01,0.356,0.143,319530,-0.3,0.0726,0.00819
0.078,0.36,0.109,792951,13.5,1.6442,0.04544
0.048,0.687,0.172,486463,12.5,1.3927,0.03124
0.098,0.444,0.16,930452,-4.8,0.518,0.00942
0.049,0.403,0.19,961383,4.0,0.9186,0.00925
0.038,0.246,0.099,362969,7.3,1.1391,0.01369
0.093,0.437,0.161,389872,-0.3,0.8919,0.01249
0.008,0.487,0.076,622501,2.7,0.4478,0.00669
0.086,0.653,0.173,645236,9.8,1.4935,0.03085
0.029,0.798,0.098,761968,14.6,1.5508,0.04334
0.006,0.132,0.165,902991,0.6,0.1051,0.00686
0.036,0.547,0.178,158877,4.0,0.9038,0.01548
0.063,0.43,0.159,884176,-3.8,0.3051,0.00858
0.058,0.304,0.13,117066,0.6,0.6996,0.01508
0.035,0.779,0.096,389906,-1.0,0.1681,0.01526
0.05,0.691,0.126,520963,-0.7,0.4335,0.01473
0.06,0.762,0.086,483148,6.7,1.3507,0.0242
0.004,0.536,0.145,478215,-2.8,-0.2273,0.00816
0.078,0.727,0.189,726162,-0.7,0.4946,0.02119
0.018,0.722,0.189,652422,5.0,0.5692,0.00995
0.091,0.34,0.09,299786,12.3,1.8151,0.03344
0.073,0.213,0.098,856791,0.9,0.7907,0.01203
0.041,0.158,0.078,804137,-3.6,0.0555,0.02809
0.066,0.557,0.141,835529,13.5,1.5736,0.04095
0.001,0.143,0.154,461719,5.3,0.5998,0.01113
0.069,0.511,0.142,326826,-1.5,0.647,0.01215
0.067,0.6,0.119,906483,11.0,1.5258,0.02979
0.018,0.116,0.108,387730,5.2,0.7804,0.01227
0.036,0.755,0.155,326395,-3.7,-0.2108,0.01869
0.011,0.437,0.084,367188,10.4,1.0535,0.03884
0.011,0.753,0.132,306389,3.1,0.4747,0.00917
0.032,0.439,0.092,283437,-2.5,0.0874,0.01099
0.064,0.582,0.086,126008,8.4,1.304,0.03416
0.055,0.682,0.162,250702,10.2,1.3308,0.02653
0.043,0.646,0.154,837406,13.7,1.4841,0.03207
0.03,0.581,0.11,688033,-1.6,0.2458,0.00663
0.002,0.413,0.086,699936,-4.3,-0.5265,0.0096
0.076,0.41,0.087,118571,9.0,1.6395,0.02466
0.044,0.629,0.175,354895,5.4,0.8934,0.01237
0.094,0.364,0.181,794762,11.7,1.7823,0.02872
0.002,0.432,0.12,668077,-2.4,-0.2182,0.00659
0.003,0.141,0.198,792365,-1.9,-0.1319,0.00801
0.025,0.436,0.103,125767,3.5,0.7169,0.01339
0.079,0.604,0.153,418845,14.6,1.6166,0.06016
0.003,0.107,0.136,760037,11.7,1.1768,0.01876
0.0,0.762,0.082,621881,5.3,0.6229,0.01108
0.038,0.376,0.113,257769,-2.7,0.1385,0.01179
0.046,0.293,0.08,531608,9.7,1.3677,0.02037
0.042,0.141,0.134,435702,7.4,1.1143,0.01721
0.063,0.578,0.155,888259,-4.2,0.369,0.0082
0.053,0.725,0.157,768920,11.0,1.4146,0.02486
0.056,0.379,0.086,794043,6.2,1.2549,0.00939
0.072,0.641,0.181,754078,14.3,1.6173,0.04832
0.071,0.664,0.128,572187,4.9,1.2797,0.01207
0.038,0.675,0.11,693209,8.2,1.2083,0.01669
0.069,0.124,0.188,620909,10.6,1.294,0.03479
0.021,0.231,0.088,256555,5.0,0.7697,0.01166
0.01,0.598,0.151,879061,3.1,0.4152,0.007
0.092,0.385,0.087,579513,-0.0,0.981,0.00982
0.066,0.196,0.16,292352,-3.5,0.3194,0.02555
0.029,0.161,0.098,260188,14.4,1.3194,0.0501
0.06,0.406,0.164,313429,7.3,1.3082,0.01575
0.052,0.314,0.165,817035,9.0,1.3469,0.01396
0.025,0.778,0.078,846269,10.8,1.3698,0.03356
0.032,0.12,0.074,748317,2.2,0.5371,0.01056
0.07,0.143,0.082,974729,-3.2,0.3074,0.04155
0.051,0.438,0.154,279131,5.6,1.1467,0.01345
0.094,0.186,0.189,492288,7.8,1.1421,0.02988
0.044,0.583,0.139,327005,14.5,1.3791,0.05037
0.092,0.152,0.1,752953,7.4,1.4754,0.02259
0.079,0.449,0.196,957148,4.4,1.0162,0.0126
0.014,0.674,0.136,179604,12.2,1.1739,0.03649
0.007,0.743,0.115,123629,4.2,0.6407,0.01363
0.049,0.346,0.123,640638,0.3,0.5503,0.00837
0.055,0.604,0.121,989195,-3.5,0.3876,0.00727
0.049,0.11,0.153,657994,0.2,0.4733,0.01337
0.07,0.796,0.134,103346,1.0,0.4176,0.04878
0.016,0.696,0.122,230072,9.0,1.0144,0.02226
0.019,0.258,0.181,545642,-1.9,0.0003,0.00831
0.093,0.219,0.156,813107,4.4,1.0828,0.01722
0.065,0.535,0.11,988028,9.4,1.4382,0.02168
0.026,0.788,0.095,499247,4.6,0.846,0.01134
0.056,0.793,0.134,923474,7.2,1.3288,0.01879
0.003,0.474,0.185,643040,2.7,0.2576,0.00814
0.046,0.17,0.197,250195,-1.8,0.275,0.01336
0.019,0.315,0.148,161068,1.7,0.5474,0.01422
0.095,0.795,0.168,476119,4.3,1.3029,0.02847
0.048,0.448,0.109,355353,5.3,1.1084,0.01043
0.043,0.4,0.162,959904,1.5,0.5615,0.00737
0.051,0.365,0.126,575040,5.5,1.115,0.01029
0.078,0.286,0.101,473411,-2.8,0.5035,0.0259
0.038,0.247,0.082,740830,5.3,0.9568,0.00911
0.034,0.128,0.14,394925,10.0,1.2517,0.02168
0.006,0.601,0.111,589686,0.1,0.0963,0.00557
0.029,0.356,0.172,130995,4.4,0.9474,0.01882
0.06,0.498,0.08,509524,6.4,1.2516,0.01558
0.01,0.292,0.112,721003,13.3,1.2553,0.02752
0.053,0.535,0.175,240527,12.4,1.38,0.03425
0.011,0.771,0.173,434409,8.1,0.9389,0.01446
0.038,0.155,0.09,700903,12.7,1.526,0.02305
0.048,0.547,0.158,855411,3.8,0.8744,0.00805
0.092,0.419,0.176,853120,11.2,1.7694,0.02623
0.069,0.133,0.132,490578,4.0,0.93,0.01887
0.009,0.451,0.19,301344,3.3,0.399,0.01119
0.081,0.272,0.194,909382,3.3,0.8301,0.01482
0.009,0.351,0.096,531789,8.7,0.985,0.0177
0.078,0.15,0.163,735286,1.5,0.7256,0.0183
0.026,0.104,0.149,299979,14.7,1.4109,0.03948
0.096,0.465,0.138,280700,8.3,1.7402,0.02043
0.077,0.147,0.189,983388,-2.8,0.3714,0.01369
0.1,0.776,0.133,420664,13.6,1.8334,0.07929
0.095,0.755,0.083,873881,-4.2,0.317,0.04027
0.042,0.277,0.111,492308,4.7,0.9413,0.0105
0.012,0.447,0.117,460517,5.1,0.7693,0.01024
0.005,0.527,0.099,325267,3.9,0.5736,0.00974
0.076,0.75,0.093,135424,-1.6,0.2316,0.0381
0.078,0.746,0.17,220438,5.7,1.2345,0.02392
0.025,0.426,0.091,179528,0.7,0.4212,0.01008
0.005,0.376,0.083,382152,10.6,0.9525,0.04561
0.001,0.556,0.197,709384,4.8,0.3748,0.00886
0.002,0.367,0.13,873957,-3.9,-0.3673,0.00734
0.077,0.102,0.103,354871,12.2,1.4864,0.05994
0.02,0.155,0.141,677293,10.6,1.2507,0.01534
0.019,0.562,0.122,337022,-0.1,0.2288,0.00804
0.036,0.64,0.138,706525,7.4,1.0792,0.01306
0.054,0.168,0.164,239355,9.0,1.2996,0.02574
0.087,0.173,0.095,393398,4.8,1.244,0.02126
0.088,0.266,0.114,298379,1.4,0.9421,0.01739
0.019,0.445,0.195,777990,-2.8,-0.0472,0.0084
0.039,0.128,0.08,232176,2.6,0.6263,0.01498
0.028,0.672,0.133,851810,0.4,0.4647,0.00577
0.064,0.682,0.19,384536,4.0,0.9217,0.01452
0.048,0.589,0.148,477099,11.8,1.3717,0.02887
0.046,0.422,0.135,555624,1.9,0.7831,0.0078
0.076,0.161,0.1,568636,13.8,1.8686,0.03301
0.074,0.348,0.095,575444,4.7,1.2464,0.01082
0.025,0.383,0.073,538177,-0.5,0.2573,0.00488
0.003,0.712,0.175,228577,9.8,0.9825,0.02131
0.049,0.712,0.127,500529,0.4,0.5254,0.01512
0.081,0.339,0.158,835887,-2.0,0.5515,0.00997
0.028,0.359,0.128,744972,10.0,1.2301,0.01625
0.088,0.776,0.154,609453,-2.8,0.3141,0.03471
0.016,0.559,0.183,766393,7.0,0.9026,0.01152
0.077,0.556,0.1,608484,5.3,1.4473,0.00926
0.029,0.313,0.196,523552,6.1,0.9507,0.01305
0.07,0.583,0.075,279841,4.1,1.2956,0.01187
0.098,0.452,0.135,483401,12.3,1.8613,0.03259
0.044,0.456,0.129,735622,11.3,1.3743,0.02295
0.064,0.718,0.183,619314,8.8,1.269,0.02265
0.052,0.219,0.155,550774,2.7,0.8542,0.01148
0.064,0.11,0.128,334452,12.4,1.5556,0.0417
0.09,0.693,0.179,949097,8.0,1.4219,0.02799
0.004,0.48,0.113,161874,-1.9,-0.3374,0.01221
0.05,0.723,0.121,477871,-1.0,0.3442,0.01799
0.039,0.215,0.147,264086,2.1,0.739,0.01254
0.014,0.317,0.085,278195,6.1,0.7906,0.01487
0.011,0.19,0.189,864994,12.4,1.2478,0.01905
0.015,0.432,0.102,982589,10.4,1.1972,0.01728
0.063,0.564,0.182,190358,11.7,1.4355,0.03281
0.025,0.219,0.087,698316,10.5,1.276,0.01942
0.061,0.72,0.185,260281,4.0,0.9112,0.0164
0.039,0.232,0.199,134940,3.8,1.0068,0.02186
0.013,0.544,0.13,278532,8.1,0.9567,0.01721
0.055,0.386,0.108,785341,10.1,1.4252,0.01958
0.041,0.348,0.098,585018,12.7,1.3941,0.03308
0.055,0.389,0.136,441470,-1.3,0.4721,0.00962
0.047,0.59,0.154,189323,4.1,0.9157,0.01418
0.061,0.274,0.182,237252,12.9,1.6376,0.03322
0.026,0.255,0.143,620667,-4.7,-0.1824,0.00978
0.055,0.113,0.175,595283,7.7,1.0865,0.02111
0.018,0.503,0.173,853064,8.1,1.0467,0.01245
0.043,0.411,0.151,442260,8.2,1.2231,0.01348
0.03,0.295,0.143,172003,9.8,1.2491,0.02142
0.003,0.425,0.102,163942,0.2,0.1125,0.0122
0.056,0.615,0.138,900754,6.1,1.1644,0.0113
0.049,0.588,0.193,985216,9.4,1.2652,0.01881
0.035,0.342,0.134,148944,13.9,1.2569,0.04994
0.006,0.361,0.157,732974,4.3,0.4834,0.00812
0.015,0.553,0.075,124447,5.8,0.7623,0.02194
0.012,0.114,0.129,814278,7.0,0.9711,0.0115
0.093,0.467,0.119,599645,13.2,1.7053,0.05238
0.023,0.343,0.182,377958,1.6,0.3471,0.00961
0.051,0.138,0.11,405838,-1.3,0.3691,0.01921
0.061,0.615,0.172,862741,10.9,1.4449,0.02629
0.078,0.414,0.146,541528,-3.9,0.4481,0.01049
0.045,0.199,0.123,346570,10.9,1.4691,0.02188
0.011,0.273,0.19,636765,6.4,0.7212,0.01123
0.083,0.596,0.123,347275,2.4,1.0014,0.02322
0.015,0.42,0.132,509646,8.5,1.0405,0.015
0.002,0.656,0.1,585192,3.6,0.4834,0.00844
0.073,0.357,0.192,630708,12.2,1.6399,0.02742
0.054,0.279,0.197,986791,-0.9,0.3412,0.00982
0.032,0.285,0.127,175085,7.5,1.1271,0.01841
0.064,0.544,0.075,517917,6.4,1.2787,0.01773
0.04,0.702,0.185,242083,-4.4,-0.3312,0.02315
0.059,0.306,0.176,414389,5.6,1.0917,0.01465
0.029,0.513,0.09,268894,10.6,1.2512,0.03846
0.006,0.37,0.088,459697,9.0,0.9705,0.02154
0.024,0.658,0.129,579430,10.9,1.2244,0.02107
0.016,0.686,0.107,730516,13.3,1.3242,0.02932
0.042,0.206,0.113,245129,14.1,1.5138,0.03495
0.053,0.525,0.195,358251,4.0,0.8428,0.01195
0.017,0.167,0.157,501304,8.2,1.0802,0.0148
0.029,0.674,0.166,884294,3.7,0.6393,0.00846
0.069,0.51,0.151,978325,4.9,1.2101,0.00889
0.005,0.389,0.176,526986,13.9,1.1826,0.02937
0.038,0.137,0.12,833133,-3.5,0.0397,0.0106
0.037,0.221,0.136,362084,4.7,0.9043,0.01274
0.0,0.304,0.138,564696,13.3,1.1549,0.02736
0.052,0.275,0.169,633817,5.8,1.0606,0.01267
0.074,0.383,0.139,159350,1.5,0.9408,0.01547
0.026,0.373,0.085,432663,7.4,1.0188,0.01606
0.045,0.348,0.13,231811,-0.6,0.4098,0.0101
0.026,0.368,0.109,702207,12.1,1.3076,0.02428
0.065,0.413,0.16,897808,6.4,1.2639,0.01105
0.065,0.632,0.078,343493,5.9,1.2443,0.02005
0.09,0.211,0.157,197658,-1.1,0.6276,0.02928
0.052,0.178,0.196,307688,0.3,0.4262,0.01175
0.077,0.581,0.086,822008,13.3,1.7196,0.05045
0.054,0.329,0.098,522524,14.0,1.4628,0.05048
0.029,0.449,0.172,674228,6.2,1.0052,0.01062
0.007,0.47,0.172,104492,13.8,1.1388,0.0473
0.014,0.779,0.19,730749,1.9,0.2907,0.0081
0.068,0.598,0.168,902835,4.6,1.0899,0.01089
0.059,0.775,0.18,685251,12.4,1.5074,0.03297
0.053,0.39,0.146,505782,-2.9,0.2902,0.00963
0.041,0.734,0.087,748452,14.6,1.5528,0.05864
0.074,0.252,0.093,798519,7.9,1.4973,0.01399
0.088,0.461,0.198,441412,8.8,1.5316,0.02262
0.026,0.68,0.184,409721,13.2,1.2544,0.03086
0.007,0.134,0.073,827458,8.8,0.9833,0.01681
0.075,0.307,0.136,362864,2.3,0.9147,0.01377
0.025,0.424,0.117,516447,1.2,0.4615,0.00666
0.039,0.427,0.148,459902,0.4,0.4665,0.00807
0.009,0.691,0.122,610716,-0.6,0.0794,0.00604
0.097,0.434,0.151,769499,11.7,1.8489,0.02783
0.084,0.461,0.194,719762,-4.3,0.3849,0.01007
0.012,0.777,0.195,951899,-4.1,-0.2158,0.00772
0.076,0.109,0.12,666339,9.3,1.3601,0.01564
0.021,0.545,0.133,349347,13.6,1.2381,0.03725
0.084,0.208,0.196,125848,0.6,0.6719,0.02549
0.083,0.515,0.099,498020,14.5,1.6354,0.07266
0.001,0.268,0.079,157790,-0.5,-0.0164,0.00973
0.03,0.628,0.183,856326,-2.0,0.1951,0.00726
0.011,0.291,0.09,452303,-2.6,-0.192,0.00848
0.07,0.738,0.107,124542,9.7,1.4769,0.04544
0.021,0.669,0.072,702575,6.5,0.9504,0.01446
0.021,0.185,0.194,113365,11.4,1.2107,0.03908
0.065,0.112,0.157,512489,-4.4,0.2467,0.03128
0.099,0.742,0.159,172353,8.3,1.57,0.03786
0.013,0.54,0.17,842991,1.4,0.2827,0.00717
0.079,0.559,0.176,596230,2.7,1.0815,0.01066
0.097,0.224,0.171,560915,13.9,1.8277,0.04235
0.089,0.406,0.098,221345,-4.9,0.3396,0.05467
0.009,0.103,0.093,835880,-4.7,-0.4564,0.01037
0.0,0.273,0.167,851100,-0.8,-0.0728,0.00696
0.028,0.546,0.186,356891,14.5,1.2715,0.0417
0.049,0.448,0.099,108150,3.6,0.8934,0.02018
0.038,0.332,0.091,407452,12.6,1.3301,0.03826
0.017,0.668,0.092,245131,-1.3,-0.0746,0.01148
0.049,0.437,0.154,161476,3.4,0.9505,0.01563
0.065,0.38,0.096,509312,2.4,0.9576,0.00853
0.083,0.506,0.198,327474,10.5,1.5544,0.02908
0.078,0.785,0.123,541276,11.5,1.7313,0.04775
0.07,0.653,0.132,523351,-1.7,0.4811,0.01904
0.067,0.593,0.138,358376,-0.9,0.5533,0.01692
0.077,0.599,0.149,474724,8.3,1.4554,0.02011
0.048,0.309,0.143,920585,-1.5,0.343,0.00849
0.033,0.778,0.083,956563,-4.6,-0.1313,0.01258
0.058,0.626,0.17,133091,-3.8,-0.2448,0.03666
0.099,0.424,0.098,251341,13.6,1.6515,0.07472
0.015,0.772,0.135,731379,14.6,1.3439,0.0323
0.064,0.538,0.161,925423,8.7,1.3922,0.0168
0.09,0.126,0.187,583222,6.6,0.9662,0.0307
0.056,0.356,0.174,738593,5.4,1.0769,0.0112
0.016,0.476,0.146,317874,0.4,0.2254,0.00841
0.085,0.215,0.124,769928,7.2,1.4052,0.01677
0.094,0.39,0.143,760891,9.4,1.7117,0.01867
0.083,0.305,0.076,466250,2.2,1.0541,0.01221
0.077,0.293,0.135,777134,8.2,1.4732,0.01544
0.075,0.218,0.117,725129,0.1,0.7118,0.01278
0.089,0.558,0.081,512019,2.3,1.371,0.01002
0.071,0.289,0.127,996315,4.2,1.112,0.01003
0.021,0.473,0.13,922761,-2.9,-0.0326,0.00686
0.047,0.108,0.134,649434,-4.6,0.0509,0.02757
0.015,0.497,0.188,688423,2.0,0.3242,0.00801
0.031,0.559,0.159,176948,9.9,1.1326,0.02317
0.035,0.262,0.154,950050,-4.4,-0.0674,0.00881
0.059,0.438,0.098,700813,5.7,1.2495,0.00919
0.069,0.145,0.184,921585,-2.7,0.3535,0.01269
0.087,0.273,0.104,296253,9.3,1.7552,0.02436
0.009,0.326,0.166,100609,12.4,1.1283,0.03912
0.099,0.464,0.143,986078,-2.1,0.8278,0.00869
0.003,0.15,0.17,359615,4.4,0.4766,0.01127
0.049,0.428,0.175,807159,2.9,0.8228,0.00829
0.071,0.345,0.199,516486,-4.0,0.2604,0.01172
0.05,0.318,0.199,928716,8.7,1.2596,0.01486
0.057,0.141,0.149,766729,7.2,1.1626,0.01617
0.015,0.688,0.191,336875,4.4,0.4984,0.01115
0.024,0.63,0.086,216806,-1.2,0.0005,0.0129
0.033,0.142,0.148,620296,8.9,1.1605,0.01644
0.013,0.527,0.084,698106,8.2,0.991,0.01624
0.077,0.422,0.094,291905,6.8,1.5299,0.01463
0.032,0.425,0.115,465509,-0.2,0.3434,0.00657
0.012,0.238,0.106,370929,10.8,1.1203,0.02512
0.079,0.642,0.076,401639,-0.2,0.7612,0.02551
0.092,0.609,0.143,805024,-4.7,0.6707,0.01011
0.011,0.214,0.084,866148,6.6,0.8361,0.01142
0.072,0.341,0.144,481938,2.1,0.8718,0.01189
0.019,0.757,0.161,784972,-0.9,0.1844,0.00639
0.079,0.266,0.141,147210,7.1,1.4405,0.02864
0.081,0.732,0.196,709052,-4.5,0.0251,0.02593
0.01,0.131,0.124,109421,14.5,0.7153,0.14552
0.099,0.299,0.096,304454,3.2,1.2573,0.01713
0.015,0.579,0.116,581315,1.6,0.3717,0.00585
0.028,0.379,0.09,286715,-3.6,-0.1289,0.01327
0.006,0.521,0.084,626061,0.4,0.1338,0.00471
0.023,0.772,0.113,640215,7.0,1.015,0.01367
0.048,0.584,0.185,457864,10.5,1.2821,0.02377
0.047,0.481,0.11,828879,8.0,1.2453,0.01435
0.017,0.195,0.079,181807,5.7,0.7857,0.01396
0.099,0.604,0.099,276712,4.5,1.2451,0.04092
0.041,0.105,0.107,683970,0.8,0.4702,0.01323
0.096,0.177,0.076,754201,9.1,1.731,0.02298
0.079,0.522,0.197,560530,3.2,1.0003,0.01231
0.071,0.638,0.083,747329,1.9,1.2026,0.00797
0.058,0.736,0.164,451698,0.6,0.5474,0.01758
0.048,0.218,0.131,895158,-2.0,0.2792,0.00913
0.012,0.139,0.085,766486,6.9,0.8741,0.01154
0.018,0.284,0.193,533931,2.8,0.3489,0.00911
0.061,0.474,0.162,396547,1.7,0.8364,0.01038
0.098,0.642,0.173,916783,-2.9,0.6579,0.01477
0.014,0.17,0.144,635081,4.2,0.6008,0.00952
0.071,0.326,0.126,478611,10.8,1.648,0.0191
0.084,0.525,0.113,984272,7.9,1.5779,0.01544
0.075,0.545,0.109,994812,-0.3,0.932,0.00677
0.018,0.286,0.151,323004,15.0,1.2203,0.04793
0.056,0.773,0.081,346586,3.7,1.1082,0.01287
0.097,0.45,0.156,407790,13.1,1.8468,0.03764
0.038,0.59,0.192,706697,0.3,0.437,0.00787
0.011,0.318,0.079,631677,7.1,0.865,0.01408
0.021,0.376,0.11,760651,4.9,0.8226,0.00831
0.081,0.445,0.195,890520,7.0,1.3737,0.01605
0.025,0.136,0.138,952784,4.6,0.7714,0.00991
0.017,0.251,0.129,872725,11.0,1.2409,0.01701
0.096,0.364,0.084,988151,-1.9,0.8155,0.00927
0.008,0.579,0.136,468102,-1.9,-0.085,0.00764
0.097,0.497,0.161,304380,-2.8,0.6841,0.01609
0.079,0.551,0.074,713846,3.6,1.3859,0.00716
0.042,0.566,0.103,127012,5.8,1.0877,0.01527
0.096,0.257,0.18,823426,-2.0,0.5547,0.01333
0.08,0.284,0.146,655782,13.8,1.8493,0.02921
0.053,0.364,0.153,912708,-1.3,0.4175,0.00844
0.035,0.148,0.104,679821,-2.4,0.1212,0.01044
0.031,0.285,0.191,990507,1.8,0.3728,0.00794
0.031,0.152,0.107,686284,2.9,0.6857,0.00913
0.078,0.309,0.102,301129,7.0,1.4923,0.01789
0.094,0.797,0.123,581380,8.9,1.6984,0.04594
0.037,0.121,0.191,255119,11.6,1.2425,0.03177
0.062,0.245,0.162,851596,1.3,0.6476,0.01115
0.004,0.514,0.134,127921,8.1,0.8881,0.02337
0.08,0.536,0.153,879729,14.7,1.665,0.05565
0.021,0.486,0.124,605384,14.1,1.3118,0.03521
0.062,0.783,0.115,643377,1.6,0.8089,0.02136
0.047,0.763,0.086,721179,8.7,1.4464,0.02264
0.003,0.746,0.13,857832,7.6,0.9289,0.01235
0.033,0.541,0.099,297618,2.9,0.7603,0.0082
0.084,0.273,0.142,833536,3.0,1.0036,0.01293
0.033,0.335,0.097,904972,8.4,1.1865,0.01441
0.06,0.735,0.14,417300,-3.1,0.0735,0.02477
0.025,0.177,0.148,113728,11.6,1.3062,0.03872
0.071,0.691,0.172,274523,4.7,1.0331,0.01979
0.093,0.513,0.11,266832,12.3,1.641,0.0553
0.065,0.311,0.147,867578,-4.1,0.2526,0.00951
0.047,0.341,0.175,114763,-4.0,-0.0889,0.02693
0.014,0.13,0.099,364713,2.4,0.5112,0.00858
0.008,0.523,0.091,878358,13.0,1.2719,0.02752
0.066,0.626,0.156,288506,4.5,1.0414,0.01631
0.015,0.179,0.143,480770,11.0,1.206,0.01779
0.047,0.662,0.081,140295,2.2,0.545,0.0256
0.015,0.499,0.122,729848,0.3,0.2191,0.00576
0.084,0.367,0.114,363574,11.8,1.8077,0.02442
0.006,0.584,0.108,271463,11.5,1.1048,0.03711
0.01,0.352,0.075,484567,10.5,0.8582,0.04383
0.003,0.458,0.184,290806,2.4,0.2528,0.01067
0.033,0.211,0.16,736964,11.7,1.39,0.01747
0.016,0.347,0.124,944217,-2.1,-0.0276,0.0065
0.073,0.529,0.184,459239,0.2,0.7916,0.01098
0.09,0.532,0.079,315591,5.0,1.5865,0.01287
0.046,0.72,0.097,239322,-3.4,-0.1605,0.02007
0.044,0.202,0.144,695687,11.9,1.4842,0.01926
0.09,0.174,0.154,615547,5.6,1.1146,0.0216
0.08,0.343,0.112,938814,14.1,1.6841,0.04848
0.077,0.586,0.192,184530,9.8,1.4483,0.0295
0.098,0.301,0.141,213487,-4.4,0.5212,0.04729
0.006,0.553,0.181,982057,12.1,1.1939,0.01815
0.008,0.758,0.113,916700,-3.3,-0.2287,0.00707
0.058,0.292,0.11,595499,-1.8,0.4207,0.00967
0.056,0.665,0.12,147187,14.8,1.5491,0.07635
0.086,0.108,0.108,669557,12.8,1.6779,0.04451
0.064,0.362,0.1,661632,-3.0,0.3895,0.00932
0.066,0.608,0.078,623602,-0.5,0.8395,0.00868
0.049,0.146,0.113,835656,9.5,1.3746,0.01629
0.03,0.153,0.132,624211,6.8,1.032,0.01302
0.021,0.756,0.074,181755,5.2,0.8154,0.01906
0.028,0.458,0.135,190508,2.7,0.7323,0.01153
0.028,0.155,0.171,267417,12.9,1.3567,0.03016
0.023,0.268,0.131,530082,12.0,1.2791,0.02251
0.035,0.781,0.145,661105,14.2,1.4859,0.03496
0.044,0.367,0.139,733509,-4.3,0.0512,0.00892
0.031,0.563,0.182,825408,13.6,1.3692,0.02942
0.063,0.433,0.191,155772,3.6,1.0414,0.01992
0.033,0.392,0.138,289673,13.9,1.2712,0.04488
0.018,0.519,0.121,238007,-1.5,0.0103,0.01105
0.096,0.231,0.152,563018,9.1,1.5577,0.02547
0.007,0.703,0.132,336357,-2.3,-0.203,0.00982
0.075,0.16,0.131,427799,-3.9,0.3662,0.03743
0.083,0.483,0.12,835722,11.2,1.6376,0.03098
0.052,0.603,0.19,501153,-1.6,0.395,0.01034
0.037,0.788,0.091,989549,2.9,0.8507,0.00876
0.095,0.638,0.104,200697,2.5,0.9208,0.04984
0.002,0.253,0.187,732110,10.4,1.1045,0.01628
0.045,0.603,0.149,659751,-5.0,0.0503,0.0098
0.092,0.291,0.153,503579,14.6,1.9447,0.03659
0.005,0.555,0.094,636824,12.5,1.1745,0.03048
0.044,0.62,0.1,691251,-2.2,0.3795,0.00768
0.019,0.617,0.152,983484,6.5,0.9386,0.01047
0.055,0.599,0.141,510930,14.7,1.4998,0.0503
0.019,0.532,0.146,932070,4.4,0.7169,0.0079
0.063,0.732,0.16,437879,7.6,1.2668,0.0206
0.016,0.502,0.115,504386,10.8,1.1478,0.02232
0.053,0.499,0.083,503184,6.3,1.1891,0.01468
0.054,0.517,0.115,561172,13.9,1.4752,0.04672
0.025,0.755,0.104,403302,7.3,1.045,0.01724
0.04,0.461,0.11,395478,5.4,1.0336,0.00991
0.058,0.357,0.092,703780,5.3,1.1745,0.00936
0.006,0.644,0.144,298947,4.2,0.5888,0.01139
0.06,0.746,0.191,816504,11.4,1.4007,0.02775
0.02,0.431,0.181,634476,-2.5,-0.0082,0.00851
0.043,0.402,0.12,817386,10.7,1.3614,0.01978
0.002,0.587,0.186,376189,0.3,0.0499,0.00932
0.084,0.61,0.151,952632,5.0,1.3818,0.01102
0.09,0.489,0.09,931635,12.1,1.6936,0.04611
0.09,0.233,0.147,988067,4.3,1.1152,0.0149
0.098,0.718,0.075,926689,13.5,1.9113,0.0855
0.043,0.346,0.175,533391,13.8,1.468,0.03177
0.073,0.32,0.137,141448,1.4,0.8667,0.01781
0.088,0.267,0.081,294536,-3.1,0.504,0.04051
0.021,0.177,0.194,559511,4.6,0.5758,0.01096
0.054,0.131,0.108,955217,5.4,1.0392,0.01381
0.02,0.52,0.192,584246,13.5,1.2419,0.02964
0.092,0.29,0.186,431803,11.6,1.7338,0.03093
0.074,0.164,0.103,276691,-0.9,0.5625,0.02877
0.033,0.387,0.112,428646,1.2,0.5902,0.00724
0.021,0.145,0.106,746696,3.3,0.6473,0.00864
0.01,0.254,0.196,594960,-3.9,-0.2327,0.00892
0.052,0.228,0.105,989646,4.7,1.0215,0.00953
0.009,0.701,0.149,367823,11.8,1.1081,0.02453
0.074,0.512,0.083,521445,15.0,1.61,0.07761
0.002,0.629,0.157,595776,-1.4,-0.0994,0.00726
0.037,0.725,0.09,378476,-1.1,0.2027,0.01502
0.044,0.679,0.191,440501,10.3,1.2213,0.02295
0.042,0.726,0.147,167019,9.0,1.2026,0.02327
0.088,0.714,0.144,236409,-0.1,0.5386,0.04341
0.053,0.437,0.183,928478,5.2,1.0517,0.0099
0.083,0.692,0.184,974055,9.3,1.432,0.02876
0.007,0.314,0.174,748261,-4.1,-0.2944,0.00824
0.022,0.475,0.152,922612,8.8,1.1061,0.01318
0.035,0.243,0.111,410407,13.2,1.372,0.0337
0.077,0.736,0.101,726960,7.9,1.5245,0.03027
0.044,0.794,0.172,355680,4.0,0.8456,0.01288
0.008,0.363,0.134,165370,6.6,0.8564,0.01638
0.06,0.235,0.142,558460,-3.6,0.2479,0.01189
0.005,0.628,0.159,636850,-3.7,-0.2873,0.00811
0.047,0.569,0.071,455674,-2.7,0.2983,0.0103
0.063,0.101,0.108,398677,4.9,1.0176,0.02059
0.001,0.209,0.18,841082,13.4,1.212,0.02221
0.004,0.372,0.172,269286,4.4,0.5523,0.0132
0.011,0.447,0.152,435828,2.8,0.4194,0.00855
0.063,0.619,0.096,192208,11.2,1.5202,0.04697
0.064,0.454,0.182,655291,-0.6,0.5656,0.00941
0.097,0.717,0.196,807220,6.7,1.3419,0.02873
0.079,0.646,0.12,921153,4.4,1.4174,0.00891
0.057,0.224,0.138,489912,7.9,1.2776,0.0164
0.04,0.624,0.146,325876,7.1,1.0755,0.01424
0.074,0.455,0.117,689444,7.6,1.4954,0.01227
0.031,0.776,0.134,470773,10.8,1.2941,0.02356
0.053,0.21,0.179,340316,5.9,1.02,0.01733
0.018,0.124,0.1,705079,-3.9,-0.2238,0.01038
0.054,0.779,0.108,738507,-1.8,0.3298,0.02025
0.095,0.261,0.118,572152,10.5,1.787,0.02349
0.098,0.588,0.125,443876,10.8,1.7197,0.03958
0.007,0.605,0.146,117909,5.7,0.8098,0.01778
0.075,0.612,0.094,906870,8.1,1.465,0.02379
0.021,0.251,0.079,200398,-3.9,-0.3363,0.01997
0.078,0.659,0.151,205398,8.6,1.4892,0.0254
0.035,0.753,0.091,119936,-1.9,-0.0387,0.0178
0.054,0.285,0.095,269069,0.3,0.5905,0.01109
0.017,0.551,0.127,250069,-0.5,0.132,0.00996
0.025,0.627,0.186,278824,4.0,0.595,0.01151
0.082,0.161,0.141,252805,-4.1,0.4157,0.04189
0.052,0.38,0.185,967998,8.6,1.3049,0.0135
0.099,0.313,0.119,607904,14.3,2.0162,0.03405
0.062,0.136,0.143,395533,-1.1,0.4743,0.02019
0.092,0.328,0.152,336834,-4.9,0.4655,0.03002
0.023,0.501,0.151,226983,14.9,1.2294,0.04929
0.019,0.306,0.144,673093,-2.7,-0.0557,0.00775
0.098,0.147,0.132,882569,6.3,1.2887,0.02277
0.003,0.615,0.195,250350,5.8,0.6567,0.01565
0.08,0.665,0.122,827969,9.1,1.5315,0.02951
0.015,0.569,0.193,574964,2.5,0.3505,0.0087
0.077,0.106,0.146,785948,5.0,0.9961,0.02086
0.055,0.467,0.191,704102,4.9,1.0257,0.01064
0.046,0.287,0.171,517203,14.4,1.5606,0.0315
0.08,0.491,0.102,866932,12.0,1.6174,0.04019
0.014,0.442,0.177,681662,-1.9,-0.0163,0.00795
0.064,0.242,0.195,117581,8.5,0.8165,0.07169
0.078,0.643,0.127,981766,8.5,1.4783,0.02398
0.01,0.798,0.139,287912,13.5,1.1853,0.03592
0.067,0.149,0.169,896752,7.1,1.1844,0.01768
0.076,0.775,0.119,291408,12.6,1.6881,0.0612
0.012,0.383,0.148,143481,2.8,0.6658,0.01501
0.071,0.346,0.167,580701,11.8,1.6543,0.02324
0.017,0.62,0.113,224705,-3.7,-0.3709,0.01423
0.079,0.228,0.136,282702,11.1,1.7145,0.03088
0.072,0.338,0.191,970078,4.9,1.1046,0.0126
0.058,0.785,0.085,984273,2.3,1.0604,0.00929
0.002,0.646,0.079,436327,-0.9,-0.1297,0.00597
0.035,0.495,0.079,744009,5.3,0.9476,0.01151
0.043,0.59,0.186,276078,14.9,1.3505,0.04988
0.084,0.152,0.16,458307,3.9,0.9093,0.02283
0.044,0.78,0.112,431472,7.0,1.1984,0.01838
0.056,0.22,0.173,387874,8.7,1.272,0.02031
0.015,0.552,0.191,469898,3.4,0.4191,0.00927
0.052,0.529,0.169,835008,12.5,1.4625,0.02998
0.058,0.2,0.164,550602,-4.0,0.1909,0.01264
0.04,0.13,0.126,954396,11.3,1.4286,0.01792
0.083,0.769,0.107,312500,5.1,1.2405,0.036
0.01,0.202,0.154,488896,13.1,1.2217,0.02537
0.012,0.594,0.092,840573,4.3,0.652,0.00875
0.004,0.302,0.197,748738,12.0,1.17,0.01957
0.074,0.664,0.096,575230,1.7,1.0132,0.01763
0.058,0.539,0.143,769437,2.2,0.9219,0.00747
0.095,0.264,0.136,486840,2.1,0.9893,0.01611
0.001,0.628,0.14,382919,13.7,1.1315,0.0338
0.014,0.161,0.163,466390,11.6,1.2031,0.01954
0.077,0.759,0.162,574072,-4.6,-0.0103,0.02978
0.059,0.4,0.121,455354,11.7,1.4895,0.0278
0.039,0.36,0.173,724753,1.2,0.4507,0.00793
0.021,0.521,0.173,233685,14.6,1.201,0.0447
0.019,0.798,0.14,296206,6.4,0.8627,0.01326
0.033,0.303,0.085,308188,-1.0,0.2574,0.0088
0.001,0.232,0.197,177903,3.6,0.4252,0.01632
0.062,0.652,0.159,544948,11.8,1.4675,0.03211
0.001,0.303,0.172,260505,14.6,1.1035,0.04052
0.008,0.146,0.088,143085,-0.5,-0.0406,0.01108
0.044,0.155,0.168,733585,-3.5,0.1064,0.01075
0.051,0.576,0.152,696881,12.1,1.4296,0.02887
0.045,0.604,0.107,551104,-3.6,0.1864,0.01017
0.001,0.112,0.158,562120,2.5,0.2383,0.00773
0.081,0.245,0.08,737767,-2.4,0.5071,0.03244
0.062,0.642,0.157,680325,-2.5,0.4612,0.01044
0.074,0.679,0.136,144501,3.3,0.7786,0.04191
0.062,0.192,0.149,808468,-0.6,0.507,0.01143
0.071,0.633,0.195,306841,14.5,1.5255,0.05315
0.095,0.523,0.136,644101,3.0,1.3656,0.01032
0.055,0.635,0.096,821149,10.0,1.4706,0.02402
0.059,0.114,0.193,128878,6.2,0.9549,0.0279
0.016,0.275,0.076,805308,13.3,1.1523,0.05125
0.002,0.765,0.07,854013,6.7,0.7483,0.01379
0.002,0.546,0.178,547680,12.1,1.1232,0.02124
0.055,0.214,0.125,292824,12.7,1.6562,0.02802
0.022,0.782,0.127,794449,7.7,1.0472,0.01323
0.018,0.139,0.188,120537,11.6,1.2151,0.03839
0.054,0.46,0.164,622259,8.7,1.3234,0.01476
0.069,0.309,0.086,453106,-1.9,0.5262,0.01169
0.014,0.766,0.138,683411,11.6,1.2127,0.02015
0.016,0.747,0.076,779383,3.8,0.6457,0.00946
0.018,0.445,0.075,363618,1.3,0.4175,0.00604
0.065,0.363,0.165,433525,10.6,1.5401,0.0202
0.085,0.743,0.172,297930,13.1,1.6556,0.0541
0.027,0.116,0.152,384004,12.4,1.321,0.02684
0.061,0.704,0.187,290333,8.6,1.2145,0.02255
0.055,0.139,0.185,433274,0.5,0.5068,0.01357
0.07,0.54,0.105,739646,-1.2,0.7712,0.00747
0.065,0.41,0.081,966006,-4.8,0.2304,0.00931
0.085,0.366,0.149,973210,0.2,0.8057,0.01005
0.042,0.602,0.103,314033,0.6,0.5567,0.01174
0.087,0.581,0.143,908584,3.7,1.3793,0.00902
0.083,0.431,0.098,496293,-2.9,0.6355,0.0108
0.038,0.617,0.134,885717,0.6,0.6007,0.00604
0.053,0.168,0.122,137833,4.0,0.9136,0.01961
0.039,0.541,0.196,828357,-0.0,0.394,0.00787
0.089,0.675,0.089,199703,10.6,1.6319,0.05865
0.032,0.207,0.117,358623,12.1,1.3887,0.02257
0.033,0.778,0.129,255762,0.9,0.3663,0.0156
0.062,0.569,0.129,709900,14.7,1.5747,0.05086
0.049,0.161,0.186,334923,6.1,0.962,0.01878
0.045,0.428,0.091,524703,-4.4,0.0621,0.01061
0.053,0.528,0.105,990849,13.2,1.5572,0.03328
0.083,0.561,0.144,952776,1.2,1.1126,0.00783
0.037,0.657,0.157,861891,5.9,0.9048,0.01059
0.04,0.17,0.131,888512,6.0,1.0486,0.01136
0.013,0.542,0.197,772421,14.2,1.2565,0.02903
0.087,0.681,0.108,582604,11.1,1.6896,0.04722
0.054,0.299,0.171,313353,6.9,1.2131,0.01715
0.042,0.634,0.1,130310,8.4,1.1879,0.0299
0.054,0.156,0.075,471009,9.6,1.4755,0.02065
0.089,0.417,0.12,312542,2.4,1.1871,0.01301
0.087,0.476,0.089,317964,7.2,1.6475,0.01472
0.054,0.518,0.162,657472,1.3,0.7449,0.0082
0.005,0.619,0.099,234754,-4.8,-0.5697,0.01366
0.01,0.472,0.17,153456,3.4,0.6244,0.01638
0.085,0.147,0.114,572313,2.9,0.9949,0.02154
0.001,0.546,0.154,818680,5.9,0.6248,0.00953
0.086,0.32,0.126,498343,5.8,1.3578,0.01475
0.031,0.11,0.084,302893,11.0,1.3771,0.02601
0.068,0.402,0.191,878077,13.0,1.6452,0.03044
0.067,0.465,0.085,336292,0.6,0.8538,0.00895
0.036,0.769,0.092,601312,-2.9,0.018,0.01434
0.058,0.506,0.149,851981,-2.1,0.4825,0.00763
0.031,0.607,0.118,681686,8.9,1.1693,0.01659
0.004,0.433,0.18,300601,3.9,0.4378,0.01172
0.063,0.502,0.092,382570,-5.0,0.2084,0.01512
0.03,0.779,0.081,972884,12.0,1.5042,0.03405
0.08,0.698,0.19,456038,-3.3,0.1485,0.02818
0.019,0.364,0.162,950874,1.4,0.3159,0.00679
0.052,0.763,0.087,547865,12.3,1.6304,0.04946
0.059,0.231,0.161,552533,-4.5,0.1553,0.01231
0.015,0.392,0.159,216552,13.3,1.1385,0.03667
0.072,0.735,0.109,595951,-0.2,0.6164,0.02736
0.093,0.497,0.146,473401,7.4,1.6099,0.01603
0.006,0.262,0.124,762471,9.8,1.0935,0.01607
0.062,0.564,0.172,500873,-1.0,0.6418,0.0099
0.07,0.188,0.145,627438,14.7,1.7924,0.03441
0.076,0.438,0.116,748559,3.9,1.2172,0.00882
0.094,0.122,0.167,551844,4.8,0.9532,0.02801
0.033,0.785,0.192,992162,5.8,0.8032,0.01114
0.068,0.338,0.187,466760,14.4,1.6875,0.03681
0.088,0.44,0.087,483669,5.6,1.5341,0.01154
0.078,0.388,0.12,423449,2.3,1.0502,0.01032
0.001,0.705,0.186,819439,3.4,0.2979,0.00792
0.056,0.74,0.134,383311,14.2,1.5718,0.0533
0.039,0.495,0.159,972750,14.2,1.4719,0.03363
0.043,0.304,0.187,707245,3.0,0.6898,0.00977
0.097,0.114,0.098,202305,0.0,0.7883,0.03763
0.048,0.124,0.105,568440,2.9,0.7366,0.01378
0.042,0.752,0.148,481701,13.9,1.4719,0.03861
0.029,0.231,0.192,664203,6.8,0.9972,0.01351
0.094,0.354,0.193,989038,1.6,0.8259,0.01356
0.072,0.359,0.169,415773,7.7,1.3868,0.01697
0.022,0.707,0.126,561413,11.3,1.2368,0.02301
0.037,0.755,0.191,361858,3.7,0.6735,0.01208
0.014,0.655,0.098,730381,2.6,0.5152,0.00634
0.019,0.161,0.113,220947,0.4,0.3526,0.00977
0.012,0.555,0.169,373258,14.1,1.1849,0.03566
0.076,0.549,0.14,675789,6.3,1.4013,0.01161
0.058,0.178,0.123,142451,-1.9,0.3631,0.02532
0.062,0.383,0.135,976053,-1.7,0.4927,0.00808
0.098,0.331,0.104,955713,11.4,1.9255,0.02033
0.035,0.423,0.166,592900,3.6,0.8167,0.0092
0.052,0.388,0.14,595840,-4.0,0.1703,0.00946
0.077,0.742,0.18,748889,11.5,1.5722,0.03593
0.025,0.394,0.176,923635,3.1,0.4967,0.00726
0.095,0.403,0.136,769654,6.2,1.4832,0.01376
0.053,0.407,0.183,143621,-0.4,0.4458,0.01822
0.066,0.109,0.093,574634,6.5,1.2248,0.02039
0.086,0.262,0.162,430250,14.1,1.8561,0.03662
0.051,0.158,0.071,896220,5.5,1.0645,0.01105
0.037,0.211,0.193,785475,10.3,1.2476,0.01831
0.038,0.499,0.194,516141,7.9,1.0821,0.01474
0.067,0.467,0.126,946993,6.7,1.3622,0.01011
0.003,0.301,0.133,222119,1.1,0.191,0.01032
0.07,0.79,0.102,114152,5.4,1.0282,0.03891
0.036,0.19,0.121,515575,-2.0,0.1774,0.00991
0.081,0.23,0.077,603297,7.8,1.5527,0.01686
0.074,0.628,0.193,727351,6.7,1.1469,0.01848
0.054,0.331,0.079,221371,-0.1,0.5717,0.01086
0.01,0.228,0.155,548765,2.2,0.2956,0.0078
0.097,0.785,0.121,311374,10.1,1.6817,0.05514
0.055,0.322,0.193,548521,11.1,1.4417,0.02164
0.005,0.213,0.141,389559,-2.6,-0.2184,0.00841
0.042,0.177,0.175,485628,6.6,1.0155,0.01564
0.091,0.289,0.101,187734,6.1,1.5078,0.0229
0.065,0.378,0.154,280269,10.9,1.5855,0.02225
0.075,0.52,0.076,621435,7.8,1.4368,0.02254
0.064,0.178,0.193,135075,3.3,0.8938,0.02167
0.079,0.684,0.173,191565,7.8,1.3793,0.02576
0.025,0.561,0.077,776969,1.3,0.5082,0.00442
0.081,0.401,0.126,560917,2.0,1.0247,0.01058
0.005,0.283,0.089,295696,5.1,0.6409,0.01266
0.066,0.373,0.144,269303,0.6,0.7428,0.01253
0.02,0.5,0.19,497605,4.7,0.6553,0.01018
0.061,0.367,0.164,363062,11.4,1.5456,0.02245
0.042,0.116,0.174,908214,10.5,1.2492,0.02181
0.001,0.702,0.078,535336,1.9,0.2928,0.00629
0.073,0.466,0.188,108404,9.3,0.8764,0.08337
0.041,0.286,0.137,875036,7.0,1.1637,0.01052
0.029,0.64,0.1,781551,8.5,1.1735,0.01644
0.089,0.526,0.176,894857,-2.6,0.6908,0.00881
0.051,0.551,0.127,710042,5.2,1.1056,0.00875
0.025,0.533,0.189,351883,9.0,1.0445,0.01747
0.032,0.781,0.109,233479,-0.5,0.1382,0.01745
0.036,0.244,0.198,890954,9.0,1.1873,0.01505
0.062,0.451,0.145,566250,-0.5,0.6475,0.00891
0.064,0.127,0.158,726465,8.8,1.2675,0.02237
0.028,0.179,0.142,200612,5.5,0.9112,0.01673
0.067,0.535,0.158,998112,-2.6,0.5397,0.00752
0.004,0.375,0.144,780207,7.9,0.9589,0.01286
0.038,0.649,0.071,659254,3.1,0.8431,0.00784
0.024,0.216,0.104,426200,3.2,0.6572,0.00917
0.085,0.584,0.088,539610,13.8,1.7046,0.06802
0.001,0.27,0.172,106679,14.9,1.0255,0.06242
0.091,0.321,0.093,932564,1.2,1.0368,0.01047
0.084,0.494,0.179,725221,0.5,0.8688,0.00998
0.074,0.319,0.076,972042,14.4,1.6469,0.05788
0.099,0.415,0.186,939078,0.9,0.8751,0.0125
0.018,0.162,0.126,472336,12.4,1.2877,0.02288
0.026,0.748,0.113,523606,11.2,1.306,0.02573
0.004,0.469,0.178,680220,13.8,1.2074,0.02605
0.007,0.706,0.177,759176,1.8,0.2423,0.00762
0.049,0.461,0.143,688535,10.2,1.3665,0.01863
0.098,0.292,0.07,554377,6.8,1.625,0.01588
0.086,0.371,0.072,162874,1.4,1.0548,0.015
0.093,0.725,0.106,144375,-3.4,-0.3511,0.10224
0.077,0.166,0.155,289176,13.2,1.6525,0.04457
0.018,0.515,0.131,686505,7.9,1.0235,0.01325
0.077,0.511,0.159,776028,5.2,1.2837,0.01059
0.009,0.527,0.139,309006,9.4,1.0006,0.01933
0.063,0.46,0.19,869867,-1.0,0.4917,0.00883
0.09,0.444,0.131,140662,9.0,1.4809,0.04405
0.025,0.538,0.132,681413,7.5,1.0267,0.01261
0.017,0.349,0.142,939009,8.1,1.0879,0.01221
0.08,0.179,0.1,788838,-2.8,0.4535,0.03795
0.049,0.65,0.098,148039,1.4,0.4523,0.02643
0.009,0.787,0.175,482107,8.2,0.9517,0.01439
0.08,0.225,0.177,592505,0.1,0.6096,0.01419
0.081,0.711,0.137,756868,14.6,1.7968,0.06055
0.077,0.266,0.083,809305,7.8,1.537,0.01336
0.055,0.305,0.121,432796,13.4,1.5524,0.033
0.061,0.397,0.103,372392,9.2,1.4742,0.0166
0.05,0.345,0.123,883553,10.9,1.4631,0.01825
0.034,0.679,0.174,796130,8.2,1.0826,0.01414
0.051,0.459,0.104,127212,0.0,0.4699,0.01896
0.035,0.191,0.179,168174,14.6,1.4095,0.04669
0.07,0.412,0.097,103311,-4.2,-0.0463,0.07011
0.011,0.624,0.098,389237,2.4,0.5097,0.00703
0.006,0.621,0.116,902233,-3.3,-0.2504,0.00676
0.071,0.589,0.097,571329,9.0,1.4534,0.02708
0.009,0.368,0.176,388317,-0.2,0.0694,0.00886
0.021,0.418,0.088,149367,-2.7,-0.2555,0.015
0.056,0.187,0.1,831984,3.7,0.914,0.01187
0.073,0.601,0.131,889158,10.1,1.5053,0.02711
0.088,0.724,0.178,797729,1.2,0.831,0.02303
0.04,0.423,0.138,377414,10.2,1.2836,0.01941
0.051,0.784,0.162,509362,1.9,0.7074,0.01154
0.011,0.642,0.172,309599,11.6,1.0825,0.02441
0.071,0.489,0.194,624267,0.0,0.6739,0.01008
0.027,0.799,0.159,173268,4.3,0.7069,0.01393
0.033,0.236,0.154,748470,0.4,0.3318,0.00738
0.069,0.547,0.082,748655,11.6,1.5996,0.03591
0.029,0.66,0.183,786957,13.2,1.3497,0.02684
0.066,0.616,0.112,293404,13.2,1.533,0.05457
0.093,0.537,0.111,715567,-1.6,0.9805,0.00863
0.019,0.765,0.127,397314,6.2,0.8717,0.01246
0.03,0.607,0.195,470764,2.2,0.4773,0.00953
0.001,0.664,0.143,753986,4.3,0.4448,0.00802
0.036,0.794,0.151,771137,3.8,0.7918,0.00965
0.067,0.725,0.083,653016,-3.7,0.2615,0.025
0.013,0.512,0.159,125581,9.3,1.0094,0.02449
0.05,0.456,0.168,796553,-4.9,0.0765,0.00899
0.037,0.592,0.081,311279,9.3,1.2811,0.03433
0.088,0.544,0.078,504272,8.5,1.5299,0.03177
0.046,0.757,0.092,784775,-1.9,0.29,0.01473
0.054,0.546,0.099,260791,-0.8,0.4962,0.01454
0.014,0.547,0.1,114475,10.0,1.0647,0.0502
0.016,0.382,0.164,551878,13.8,1.2591,0.03022
0.074,0.53,0.187,929566,-3.6,0.4346,0.00842
0.069,0.57,0.123,747158,-0.4,0.8661,0.00763
0.05,0.318,0.159,893226,6.2,1.1249,0.01065
0.092,0.714,0.091,947785,0.0,0.901,0.03073
0.008,0.364,0.16,522577,10.1,1.086,0.01703
0.036,0.726,0.126,180076,14.0,1.4257,0.05779
0.056,0.244,0.182,470729,6.0,1.0534,0.01566
0.081,0.393,0.113,334618,6.4,1.4969,0.01504
0.085,0.744,0.192,233741,4.1,1.0217,0.02716
0.098,0.131,0.198,697105,-2.9,0.4364,0.03846
0.088,0.422,0.186,915421,4.8,1.2484,0.01351
0.005,0.521,0.176,881221,4.4,0.4353,0.00787
0.051,0.139,0.185,522773,-1.1,0.3722,0.01251
0.053,0.712,0.125,180230,-4.1,-0.2891,0.02504
0.024,0.389,0.163,855181,12.5,1.3129,0.02185
0.083,0.262,0.072,633394,8.5,1.6501,0.01587
0.086,0.758,0.101,575430,7.6,1.5568,0.03683
0.02,0.306,0.126,819676,5.7,0.9218,0.00913
0.063,0.382,0.197,481009,0.9,0.5942,0.01182
0.096,0.513,0.196,210985,12.3,1.6556,0.04502
0.058,0.254,0.075,937396,-2.6,0.3209,0.01043
0.012,0.753,0.143,956695,7.0,0.9244,0.01114
0.073,0.784,0.138,357552,-2.2,0.2594,0.03379
0.047,0.146,0.141,413449,9.8,1.3168,0.02211
0.032,0.156,0.073,117127,12.0,1.2611,0.04612
0.06,0.333,0.131,954186,-1.3,0.4898,0.00852
0.047,0.161,0.151,965456,7.2,1.1446,0.01335
0.1,0.792,0.126,348031,-0.3,0.6855,0.05196
0.013,0.251,0.115,356544,2.6,0.531,0.00917
0.099,0.158,0.076,107876,-1.8,0.5869,0.04757
0.003,0.75,0.094,300713,-4.7,-0.5652,0.01248
0.043,0.114,0.172,687665,10.5,1.2327,0.0237
0.041,0.633,0.197,815494,8.9,1.1538,0.01713
0.016,0.732,0.107,224848,2.0,0.4561,0.00952
0.011,0.591,0.148,614576,0.4,0.1897,0.00682
0.077,0.654,0.085,618076,12.7,1.7272,0.05306
0.08,0.331,0.167,564315,13.8,1.8102,0.03217
0.017,0.688,0.164,108655,-4.7,-0.7009,0.0223
0.091,0.375,0.128,462783,13.3,1.8902,0.03155
0.09,0.461,0.111,926498,14.6,1.7,0.06637
0.049,0.593,0.17,740436,5.9,1.0395,0.01132
0.029,0.498,0.14,739439,-4.4,-0.0886,0.00833
0.021,0.604,0.088,199185,10.2,1.1074,0.05234
0.025,0.273,0.187,246660,10.0,1.1892,0.02094
0.01,0.178,0.08,888650,14.6,1.1438,0.06465
0.003,0.197,0.181,614183,1.0,0.1095,0.00795
0.061,0.241,0.157,489636,-2.1,0.387,0.01157
0.058,0.494,0.11,698266,-2.8,0.4193,0.00788
0.094,0.132,0.152,740903,11.8,1.4748,0.03982
0.016,0.383,0.105,120448,5.2,0.7803,0.01472
0.021,0.398,0.102,420827,0.2,0.3043,0.00635
0.072,0.536,0.185,844558,4.0,1.0259,0.01078
0.073,0.721,0.18,118452,11.5,1.5321,0.03928
0.059,0.523,0.076,779470,-2.6,0.4724,0.00736
0.036,0.571,0.102,179421,10.4,1.2963,0.03671
0.073,0.388,0.121,450359,5.4,1.3001,0.0122
0.061,0.304,0.126,140428,3.2,0.9697,0.01701
0.006,0.555,0.18,316729,-0.4,0.0384,0.00976
0.056,0.426,0.145,694012,9.5,1.42,0.01524
0.021,0.709,0.174,754170,8.7,1.0391,0.01383
0.037,0.354,0.128,435787,6.3,1.0702,0.01129
0.065,0.708,0.145,775458,14.8,1.69,0.04941
0.068,0.125,0.097,568614,6.5,1.2402,0.01993
0.036,0.59,0.105,580508,12.9,1.4049,0.0337
0.045,0.767,0.119,986927,11.0,1.5245,0.02436
0.053,0.457,0.193,944183,8.8,1.2956,0.01539
0.087,0.731,0.107,915908,0.2,0.8349,0.03051
0.0,0.626,0.17,463937,-4.0,-0.3733,0.00939
0.011,0.44,0.194,618276,-3.6,-0.186,0.00894
0.003,0.297,0.118,864092,7.0,0.8733,0.01179
0.007,0.376,0.165,469927,5.5,0.6898,0.01127
0.029,0.71,0.105,205147,12.9,1.2444,0.0653
0.046,0.121,0.188,309161,-2.0,0.2913,0.01484
0.077,0.712,0.164,293888,4.3,1.0153,0.02473
0.038,0.429,0.171,613816,-1.4,0.2793,0.00866
0.035,0.293,0.189,548769,8.4,1.1471,0.01484
0.007,0.774,0.198,830905,5.9,0.5154,0.00946
0.077,0.479,0.166,723641,0.6,0.8418,0.00932
0.012,0.769,0.177,925919,5.2,0.5771,0.00881
0.014,0.345,0.174,652625,4.4,0.5706,0.00899
0.01,0.403,0.161,723663,14.0,1.268,0.02745
0.049,0.782,0.146,737056,-0.0,0.4886,0.01381
0.064,0.239,0.187,699294,-1.3,0.4008,0.0111
0.0,0.321,0.162,374558,-3.9,-0.3984,0.01025
0.086,0.291,0.088,336419,14.5,1.6477,0.07023
0.028,0.667,0.095,194294,0.3,0.1956,0.01534
0.073,0.62,0.07,958840,-1.7,0.839,0.00694
0.09,0.416,0.199,557256,-2.8,0.5055,0.01186
0.026,0.48,0.107,187242,0.1,0.3943,0.011
0.01,0.376,0.088,235869,7.1,0.8338,0.01968
0.015,0.332,0.152,153724,12.7,1.1298,0.0358
0.007,0.196,0.176,529466,8.5,1.0232,0.01488
0.07,0.54,0.141,804764,11.4,1.5316,0.02999
0.014,0.244,0.077,541440,8.9,1.0315,0.02027
0.008,0.419,0.178,827527,8.1,0.9389,0.01242
0.065,0.48,0.104,180378,8.0,1.4685,0.01767
0.034,0.138,0.152,612767,-0.8,0.2653,0.00995
0.097,0.367,0.163,522609,-3.5,0.5665,0.01224
0.099,0.387,0.171,911957,-3.7,0.5379,0.01029
0.032,0.752,0.171,844473,-1.5,0.2,0.00778
0.029,0.434,0.133,209130,7.1,1.0556,0.01475
0.087,0.554,0.071,566454,-2.4,0.842,0.00958
0.022,0.329,0.173,502404,14.4,1.2984,0.03554
0.033,0.683,0.196,572778,10.1,1.1569,0.01957
0.072,0.364,0.156,240768,-1.2,0.6134,0.01424
0.023,0.654,0.072,333525,-0.5,0.1566,0.00961
0.086,0.5,0.103,462170,14.5,1.6274,0.07535
0.02,0.568,0.126,984532,14.9,1.4108,0.03316
0.011,0.579,0.179,452892,-3.5,-0.1891,0.00952
0.016,0.472,0.162,378189,0.5,0.2306,0.00848
0.003,0.637,0.133,593218,11.9,1.1293,0.0223
0.094,0.578,0.152,595136,14.3,1.7167,0.06143
0.064,0.145,0.171,342907,8.3,1.1984,0.02499
0.084,0.211,0.137,902628,-0.7,0.6785,0.01312
0.076,0.182,0.149,841691,8.1,1.3623,0.01891
0.01,0.482,0.075,567298,4.8,0.6442,0.01085
0.044,0.552,0.188,858177,5.0,0.8085,0.01009
0.011,0.694,0.189,739212,6.9,0.7535,0.01086
0.001,0.347,0.131,422134,1.7,0.1876,0.00748
0.019,0.523,0.147,420956,6.8,0.9499,0.0126
0.092,0.633,0.125,560306,13.1,1.715,0.06027
0.055,0.653,0.112,827612,-1.2,0.6476,0.00769
0.069,0.783,0.182,845434,13.0,1.6365,0.03947
0.022,0.549,0.177,391570,-4.4,-0.1805,0.01123
0.073,0.449,0.127,538239,-2.5,0.5765,0.00938
0.088,0.24,0.194,531101,7.8,1.3266,0.02492
0.06,0.442,0.078,271068,-1.1,0.5746,0.01081
0.012,0.17,0.119,197234,14.6,1.1875,0.05299
0.026,0.64,0.141,503465,7.8,1.0214,0.01399
0.08,0.333,0.139,229239,5.3,1.3245,0.0182
0.027,0.625,0.169,773897,12.5,1.3161,0.02364
0.047,0.669,0.072,141385,-1.6,0.0927,0.02014
0.041,0.572,0.105,997029,3.1,0.8703,0.00594
0.06,0.221,0.105,597947,6.2,1.204,0.01341
0.096,0.33,0.086,774214,1.7,1.1359,0.01115
0.011,0.351,0.116,550423,-3.5,-0.2424,0.00847
0.035,0.114,0.072,937911,9.0,1.2653,0.01401
0.065,0.423,0.125,726614,1.4,0.8557,0.00839
0.025,0.316,0.153,247172,3.0,0.7381,0.01274
0.037,0.796,0.086,108058,7.1,1.2097,0.03653
0.058,0.596,0.188,201128,-2.7,-0.0201,0.02857
0.043,0.426,0.078,806190,12.9,1.4547,0.03602
0.087,0.305,0.173,556830,7.2,1.3886,0.01908
0.018,0.453,0.191,536833,7.0,0.9418,0.01293
0.051,0.205,0.088,860199,11.0,1.5389,0.0185
0.096,0.622,0.175,452176,9.6,1.5606,0.03184
0.054,0.508,0.179,357212,8.9,1.2784,0.01837
0.027,0.115,0.158,506291,4.3,0.749,0.01251
0.041,0.597,0.116,530976,-4.3,0.0631,0.01052
0.064,0.303,0.137,780041,8.5,1.4198,0.01396
0.099,0.375,0.103,391355,-4.0,0.5762,0.03884
0.077,0.574,0.119,604613,11.6,1.5677,0.03938
0.055,0.427,0.154,831455,13.6,1.5392,0.03524
0.026,0.423,0.141,186608,5.2,0.9195,0.0138
0.033,0.537,0.107,880370,10.9,1.3217,0.02085
0.005,0.17,0.129,204220,-3.2,-0.4264,0.01249
0.012,0.476,0.118,763901,13.5,1.2767,0.02799
0.084,0.482,0.199,912180,0.4,0.7608,0.01032
0.022,0.533,0.098,909180,6.8,0.9651,0.01216
0.032,0.629,0.111,172405,8.4,1.0865,0.02417
0.015,0.244,0.094,268940,2.9,0.5505,0.00902
0.076,0.114,0.104,802266,-2.3,0.4561,0.03476
0.001,0.245,0.165,285645,5.5,0.6754,0.01416
0.021,0.193,0.079,481787,14.5,1.1477,0.07393
0.056,0.253,0.112,310022,14.9,1.5503,0.05011
0.018,0.598,0.193,498219,10.1,1.0678,0.01818
0.049,0.792,0.094,767397,0.3,0.5779,0.0167
0.011,0.707,0.111,481230,10.2,1.1073,0.02162
0.055,0.223,0.116,720193,-0.9,0.4513,0.01022
0.076,0.61,0.188,605614,5.5,1.1296,0.0156
0.097,0.684,0.154,123714,14.0,1.7303,0.07204
0.004,0.148,0.13,977384,11.0,1.1788,0.01675
0.001,0.195,0.086,375491,-4.5,-0.5427,0.01169
0.084,0.147,0.179,556894,-1.5,0.5213,0.02455
0.096,0.565,0.172,616150,-3.7,0.6996,0.01119
0.077,0.522,0.104,802002,2.5,1.2145,0.0074
0.078,0.296,0.198,220892,7.5,1.3783,0.02537
0.037,0.401,0.166,472885,12.4,1.3469,0.02646
0.058,0.493,0.076,967658,-1.8,0.5286,0.00641
0.054,0.44,0.129,652055,11.0,1.4323,0.02299
0.088,0.719,0.16,636727,11.7,1.6771,0.04439
0.03,0.762,0.192,614646,12.1,1.27,0.02377
0.081,0.41,0.146,661010,13.1,1.7733,0.03186
0.01,0.215,0.19,291616,13.1,1.1503,0.02937
0.011,0.631,0.104,401377,13.2,1.1807,0.04162
0.062,0.596,0.076,845876,3.4,1.1729,0.00661
0.049,0.125,0.135,767732,12.7,1.522,0.02585
0.041,0.635,0.138,423577,-1.5,0.2857,0.01169
0.098,0.205,0.098,925489,-4.1,0.4371,0.05159
0.087,0.392,0.144,601638,-4.8,0.4327,0.01132
0.074,0.63,0.149,738880,-0.5,0.8458,0.00969
0.043,0.28,0.2,849841,-2.7,0.1376,0.00958
0.092,0.225,0.112,855603,14.4,1.9762,0.03178
0.045,0.283,0.164,420837,14.9,1.5483,0.03613
0.047,0.233,0.175,492469,12.2,1.4627,0.02383
0.026,0.625,0.141,146433,-3.3,-0.3344,0.02088
0.019,0.763,0.108,239019,4.1,0.7154,0.01039
0.036,0.429,0.082,834816,2.0,0.6591,0.00535
0.017,0.281,0.165,877630,2.4,0.3656,0.00724
0.001,0.296,0.146,842610,2.8,0.2739,0.00679
0.049,0.318,0.113,884019,-4.1,0.106,0.00874
0.001,0.395,0.132,506335,1.3,0.1374,0.00678
0.076,0.297,0.177,575391,9.7,1.511,0.02138
0.062,0.481,0.128,609287,4.4,1.1561,0.00876
0.026,0.268,0.168,776713,-2.6,0.0176,0.00835
0.055,0.593,0.149,906734,5.6,1.1115,0.0101
0.001,0.352,0.149,361422,10.5,1.0301,0.02059
0.064,0.334,0.142,529474,6.6,1.2655,0.01333
0.086,0.271,0.152,298948,14.9,1.8797,0.04475
0.054,0.42,0.17,746469,5.8,1.1162,0.01062
0.069,0.271,0.14,948510,-4.4,0.2492,0.0101
0.04,0.237,0.124,586633,1.2,0.5543,0.00813
0.074,0.122,0.152,737107,-2.1,0.4477,0.02766
0.072,0.245,0.095,420559,10.8,1.7155,0.02122
0.059,0.566,0.16,588775,4.7,1.0518,0.00988
0.076,0.16,0.182,118064,12.8,0.6517,0.17606
0.061,0.697,0.094,923154,-4.6,0.3173,0.01104
0.065,0.239,0.193,956035,11.7,1.5192,0.02539
0.023,0.429,0.082,433723,-0.6,0.2421,0.00569
0.087,0.773,0.096,450915,10.0,1.7033,0.05154
0.035,0.787,0.129,109776,3.8,0.6412,0.01888
0.017,0.446,0.071,632681,3.0,0.5507,0.0065
0.097,0.505,0.091,756073,1.0,1.2717,0.0083
0.073,0.438,0.199,135617,9.0,1.1569,0.04697
0.061,0.159,0.11,134406,-0.3,0.534,0.02128
0.048,0.633,0.13,286049,-2.9,0.0581,0.01978
0.09,0.575,0.18,226417,4.8,1.0712,0.02942
0.024,0.429,0.17,204763,7.5,1.0488,0.01676
0.009,0.148,0.161,886224,0.1,0.0854,0.00676
0.049,0.156,0.086,353080,11.9,1.6122,0.02574
0.021,0.323,0.153,287997,14.7,1.2184,0.04694
0.003,0.43,0.194,291514,-3.3,-0.2606,0.01152
0.029,0.652,0.139,779734,4.5,0.7654,0.00836
0.075,0.645,0.171,158553,-0.7,0.237,0.04109
0.017,0.732,0.147,645396,14.6,1.3326,0.03329
0.002,0.687,0.115,226251,6.7,0.777,0.0168
0.066,0.182,0.12,369695,9.8,1.5306,0.02434
0.076,0.618,0.077,646353,11.9,1.6715,0.04857
0.005,0.76,0.152,965368,-0.8,0.0019,0.00631
0.017,0.568,0.165,454961,2.8,0.4561,0.00839
0.069,0.733,0.11,827906,11.2,1.6817,0.03611
0.064,0.653,0.14,881097,1.4,1.0063,0.00735
0.004,0.754,0.197,155068,13.1,1.0959,0.0346
0.065,0.476,0.124,690443,-1.1,0.6584,0.00792
0.015,0.217,0.088,702235,-4.4,-0.3537,0.01031
0.077,0.296,0.153,282775,1.5,0.8185,0.01538
0.065,0.284,0.152,199411,9.5,1.5405,0.02705
0.031,0.607,0.173,663698,-0.1,0.3872,0.00744
0.01,0.227,0.138,461103,7.1,0.9642,0.01272
0.096,0.217,0.19,636973,-3.9,0.4482,0.02631
0.087,0.688,0.165,303269,12.2,1.6414,0.04611
0.077,0.532,0.121,731982,6.7,1.4606,0.01181
0.094,0.484,0.175,348680,6.6,1.488,0.01819
0.029,0.134,0.12,253657,13.9,1.4522,0.03211
0.008,0.507,0.197,820916,2.4,0.2678,0.00796
0.029,0.151,0.115,638792,4.1,0.7914,0.01015
0.055,0.549,0.131,176562,14.2,1.4032,0.05866
0.003,0.67,0.118,421658,14.6,1.1551,0.04579
0.006,0.775,0.071,624806,1.8,0.3406,0.00556
0.035,0.182,0.134,620647,4.0,0.857,0.01071
0.064,0.368,0.076,165397,13.2,1.4713,0.07129
0.084,0.175,0.084,947803,8.7,1.6073,0.01758
0.002,0.524,0.187,938623,6.3,0.5634,0.00913
0.059,0.344,0.088,177885,6.5,1.3042,0.01756
0.046,0.727,0.191,133483,-3.3,-0.2993,0.03235
0.067,0.115,0.187,189074,12.2,1.3967,0.04885
0.021,0.706,0.089,539929,7.6,1.0368,0.01779
0.004,0.724,0.109,789334,8.8,0.9861,0.01518
0.057,0.723,0.15,334313,5.5,1.1136,0.01518
0.04,0.602,0.113,298242,11.3,1.3076,0.03253
0.073,0.728,0.127,538909,10.1,1.5659,0.03441
0.086,0.443,0.159,528802,8.5,1.5801,0.01754
0.096,0.593,0.187,788165,9.4,1.4901,0.02975
0.086,0.58,0.173,250521,7.0,1.3739,0.02281
0.077,0.137,0.11,989750,4.9,1.1545,0.01578
0.002,0.123,0.084,911705,11.8,1.159,0.02611
0.056,0.313,0.14,851013,5.3,1.1019,0.01017
0.048,0.527,0.165,609035,12.5,1.4136,0.03036
0.013,0.674,0.197,864270,4.0,0.426,0.0087
0.016,0.258,0.115,725342,10.5,1.1969,0.01778
0.086,0.741,0.173,643236,12.9,1.7045,0.04929
0.008,0.253,0.073,256323,7.5,0.84,0.02616
0.07,0.792,0.191,767998,0.6,0.6519,0.01597
0.079,0.724,0.114,654666,3.2,1.1307,0.02379
0.054,0.603,0.095,207338,6.0,1.2248,0.01394
0.075,0.165,0.145,901142,-0.1,0.6418,0.01378
0.094,0.782,0.183,694211,1.2,0.8308,0.02955
0.095,0.582,0.087,256779,5.1,1.3695,0.0336
0.047,0.574,0.194,132148,4.2,0.7743,0.02175
0.056,0.736,0.146,708343,13.1,1.5889,0.03553
0.099,0.666,0.192,399843,12.0,1.6315,0.04619
0.021,0.341,0.098,679202,-5.0,-0.313,0.01026
0.088,0.667,0.146,221722,13.4,1.6568,0.06257
0.032,0.763,0.098,429445,12.3,1.4284,0.04113
0.005,0.593,0.198,166258,6.5,0.8737,0.02063
0.092,0.268,0.115,385598,-2.7,0.5894,0.03361
0.032,0.507,0.146,133646,1.3,0.5816,0.01672
0.003,0.726,0.12,881271,1.2,0.1644,0.00564
0.093,0.699,0.081,610344,-2.3,0.494,0.03971
0.095,0.184,0.1,311900,7.2,1.5398,0.02705
0.082,0.282,0.162,585265,4.5,1.1197,0.01471
0.07,0.247,0.072,503747,12.3,1.6151,0.03554
0.086,0.731,0.099,652352,0.2,0.7713,0.03564
0.025,0.569,0.101,574836,0.5,0.3931,0.00577
0.011,0.458,0.181,317007,0.6,0.1734,0.00976
0.013,0.288,0.169,576908,4.2,0.5468,0.00941
0.05,0.714,0.176,340660,8.5,1.1525,0.01952
0.002,0.431,0.17,196618,14.9,1.1267,0.04413
0.007,0.618,0.106,212964,10.3,1.0565,0.03604
0.012,0.642,0.082,223262,2.5,0.4857,0.00802
0.083,0.524,0.092,739550,-3.0,0.7104,0.00836
0.023,0.37,0.109,758181,-2.2,0.0437,0.00697
0.032,0.36,0.136,363219,7.8,1.1352,0.01332
0.047,0.264,0.105,891363,11.9,1.4985,0.02181
0.092,0.449,0.128,384717,-4.7,0.531,0.0145
0.069,0.551,0.107,594681,6.2,1.3748,0.0111
0.098,0.175,0.134,493231,-1.3,0.6592,0.0339
0.027,0.628,0.115,982801,1.8,0.5762,0.00556
0.075,0.789,0.13,714003,-2.8,0.2739,0.03068
0.039,0.425,0.094,715491,3.2,0.8129,0.00665
0.072,0.713,0.096,853276,-1.5,0.6372,0.01946
0.048,0.168,0.079,698564,0.4,0.5026,0.01151
0.022,0.486,0.076,800706,-1.7,0.1043,0.00596
0.088,0.22,0.129,108430,-1.0,0.6625,0.03293
0.022,0.18,0.129,710596,-0.1,0.1918,0.00633
0.047,0.217,0.174,384380,3.8,0.8984,0.01395
0.053,0.16,0.093,196205,13.1,1.6629,0.04519
0.027,0.611,0.159,696010,2.3,0.5443,0.0075
0.095,0.612,0.082,411814,10.5,1.6409,0.05412
0.001,0.129,0.114,480861,-2.9,-0.3312,0.00795
0.047,0.613,0.109,645137,4.2,1.0207,0.00793
0.055,0.56,0.15,496488,12.2,1.4285,0.03228
0.004,0.145,0.109,840703,0.4,0.0733,0.00511
0.006,0.35,0.116,782213,7.2,0.9036,0.01226
0.088,0.38,0.085,881929,9.8,1.6606,0.02392
0.016,0.719,0.089,639872,9.0,1.1125,0.01934
0.023,0.305,0.175,164322,13.3,1.2336,0.03475
0.079,0.785,0.133,246087,13.8,1.6857,0.07243
0.056,0.273,0.167,532297,-2.5,0.3062,0.01077
0.05,0.132,0.156,698006,-3.6,0.153,0.01307
0.083,0.698,0.134,908820,2.3,1.1992,0.01407
0.068,0.138,0.082,270795,13.7,1.4631,0.08168
0.003,0.636,0.114,978104,-2.8,-0.2384,0.00617
0.067,0.607,0.157,590330,14.0,1.5641,0.04626
0.051,0.77,0.075,986316,4.2,1.1297,0.01444
0.083,0.582,0.125,634370,14.9,1.6876,0.06699
0.019,0.406,0.184,834681,-1.4,0.0681,0.00786
0.025,0.42,0.16,451623,-2.1,0.0829,0.00886
0.049,0.464,0.102,329753,-4.1,0.1236,0.01298
0.024,0.501,0.144,636359,5.2,0.9049,0.00951
0.007,0.395,0.108,132989,-0.6,-0.0176,0.01449
0.046,0.651,0.186,901855,14.8,1.5263,0.03926
0.03,0.667,0.142,230978,0.6,0.3161,0.01434
0.036,0.493,0.131,770161,3.4,0.8482,0.00706
0.042,0.43,0.197,594640,-4.8,-0.0043,0.01019
0.042,0.611,0.183,576688,-1.6,0.3617,0.00882
0.071,0.322,0.131,488738,10.6,1.637,0.01893
0.041,0.277,0.177,795836,4.6,0.9295,0.01078
0.016,0.657,0.179,530588,7.4,0.9311,0.01306
0.062,0.134,0.17,442274,14.5,1.5834,0.04302
0.023,0.794,0.191,188212,8.8,0.9793,0.01991
0.035,0.48,0.094,772159,-4.4,-0.0316,0.00855
0.021,0.437,0.163,477019,13.0,1.2441,0.02842
0.084,0.48,0.156,434297,13.7,1.7029,0.04469
0.093,0.743,0.156,232721,9.1,1.6093,0.03635
0.055,0.492,0.168,659169,13.8,1.5033,0.03945
0.081,0.347,0.189,201866,8.4,1.4769,0.0277
0.019,0.309,0.197,639234,3.0,0.3631,0.00879
0.04,0.31,0.093,118955,3.7,0.835,0.01519
0.01,0.113,0.158,360438,-3.8,-0.2839,0.00977
0.008,0.481,0.087,823426,-2.4,-0.155,0.00628
0.09,0.705,0.089,295454,7.5,1.5025,0.03982
0.079,0.439,0.195,435395,5.6,1.2527,0.01528
0.033,0.707,0.09,254539,7.1,1.0925,0.0224
0.042,0.792,0.183,902273,0.1,0.442,0.00831
0.051,0.685,0.077,978353,11.9,1.6145,0.03762
0.073,0.66,0.155,808525,14.7,1.6726,0.05117
0.072,0.397,0.14,903913,11.6,1.6859,0.02131
0.075,0.287,0.071,122064,0.9,0.837,0.01859
0.015,0.59,0.086,863784,4.5,0.6856,0.00934
0.021,0.632,0.193,307938,-4.1,-0.2691,0.01427
0.093,0.602,0.094,489691,4.1,1.5219,0.01443
0.077,0.358,0.129,445483,5.5,1.2991,0.01335
0.014,0.727,0.102,327646,-0.7,0.0314,0.00973
0.033,0.469,0.108,180275,13.2,1.3257,0.05302
0.067,0.568,0.08,870882,2.1,1.1194,0.00616
0.022,0.277,0.094,658896,5.1,0.8153,0.00864
0.047,0.366,0.131,470310,0.5,0.5487,0.00767
0.037,0.269,0.095,921354,7.7,1.1899,0.01084
0.007,0.377,0.134,240676,12.1,1.1006,0.03165
0.061,0.674,0.121,524426,14.3,1.6117,0.0527
0.045,0.593,0.097,407812,-3.6,0.1354,0.01254
0.053,0.126,0.092,844252,3.2,0.8242,0.01305
0.082,0.517,0.164,837706,1.8,1.0327,0.0092
0.012,0.5,0.137,606680,-1.4,0.0161,0.00687
0.024,0.633,0.195,595985,8.2,0.9862,0.01452
0.003,0.536,0.093,683508,12.6,1.1765,0.02965
0.011,0.796,0.199,945594,0.6,0.1349,0.0076
0.005,0.42,0.1,391448,12.9,1.0999,0.04245
0.014,0.526,0.072,789007,5.9,0.7938,0.01162
0.066,0.303,0.126,211483,8.4,1.5061,0.02247
0.09,0.6,0.087,966471,14.5,1.8501,0.06647
0.033,0.178,0.149,720216,5.4,0.9845,0.01175
0.09,0.465,0.163,226127,5.2,1.4038,0.01882
0.084,0.109,0.08,223672,-2.6,0.4286,0.04507
0.01,0.403,0.119,928943,13.1,1.2829,0.02346
0.061,0.18,0.186,843272,5.7,1.0453,0.01494
0.069,0.363,0.159,275957,-3.2,0.3988,0.01391
0.007,0.355,0.107,417466,-2.1,-0.1598,0.00738
0.0,0.371,0.121,432177,10.3,1.0294,0.02177
0.076,0.424,0.148,271265,11.7,1.6834,0.02651
0.077,0.603,0.148,544805,14.4,1.6253,0.05588
0.055,0.482,0.19,915851,4.3,0.8457,0.00957
0.015,0.354,0.177,898024,9.7,1.1506,0.01417
0.03,0.548,0.119,122627,0.2,0.233,0.01983
0.066,0.635,0.196,927219,11.8,1.5036,0.03241
0.062,0.546,0.187,243844,8.1,1.2796,0.01963
0.061,0.516,0.091,904995,9.8,1.4632,0.02275
0.077,0.702,0.15,827673,9.1,1.4849,0.02745
0.067,0.626,0.172,974925,0.9,0.8931,0.00755
0.002,0.776,0.179,746773,7.5,0.7619,0.01146
0.092,0.464,0.153,819131,-3.6,0.6185,0.00909
0.004,0.157,0.15,510593,-1.5,-0.104,0.00734
0.099,0.608,0.129,256508,3.1,1.0015,0.04268
0.026,0.214,0.093,574050,14.0,1.3325,0.04059
0.054,0.246,0.156,475329,-3.4,0.2163,0.01151
0.043,0.365,0.106,285584,-3.3,0.1236,0.01246
0.009,0.223,0.136,319796,9.4,1.0487,0.01827
0.09,0.21,0.119,246192,9.8,1.7218,0.03339
0.073,0.179,0.195,144415,10.8,1.4251,0.0467
0.059,0.711,0.144,850248,10.4,1.4563,0.02519
0.021,0.485,0.087,577882,13.0,1.2746,0.03823
0.07,0.639,0.107,390919,10.6,1.5027,0.03777
0.011,0.341,0.132,470313,-3.9,-0.2843,0.00932
0.067,0.188,0.158,117766,-2.3,0.3585,0.02697
0.031,0.451,0.199,772795,-0.1,0.2757,0.00843
0.065,0.449,0.089,992775,9.3,1.4688,0.02014
0.041,0.745,0.171,512656,-3.3,-0.0483,0.01585
0.044,0.641,0.092,259027,4.5,1.0416,0.01001
0.037,0.32,0.134,827682,9.9,1.3248,0.01422
0.042,0.373,0.183,534366,3.0,0.7484,0.01012
0.057,0.544,0.093,522396,11.6,1.4661,0.03556
0.044,0.193,0.152,528348,6.1,1.0299,0.01399
0.01,0.666,0.18,677973,-1.4,0.0072,0.00756
0.064,0.749,0.122,725526,-2.4,0.319,0.02275
0.047,0.798,0.168,309153,12.5,1.4005,0.03475
0.002,0.664,0.159,244351,-1.5,-0.1417,0.01059
0.053,0.192,0.199,896414,-1.7,0.2804,0.01032
0.037,0.412,0.085,545617,9.0,1.23,0.01987
0.051,0.418,0.192,800906,1.4,0.561,0.00929
0.091,0.4,0.087,127866,14.1,1.5097,0.09533
0.005,0.688,0.11,855234,12.8,1.2413,0.02382
0.088,0.181,0.091,532554,8.8,1.6422,0.02331
0.097,0.688,0.113,343205,11.2,1.69,0.05947
0.018,0.192,0.141,363021,-4.2,-0.2364,0.01173
0.096,0.418,0.106,182535,6.6,1.6823,0.02173
0.048,0.657,0.165,260441,9.5,1.2363,0.02228
0.073,0.417,0.133,471715,-2.5,0.5512,0.01016
0.002,0.208,0.103,776260,13.8,1.2322,0.02986
0.057,0.176,0.109,711922,8.0,1.3224,0.01537
0.002,0.689,0.148,170895,1.3,0.201,0.01252
0.026,0.484,0.117,668115,12.2,1.2962,0.02544
0.005,0.129,0.188,447065,9.9,1.0755,0.01847
0.089,0.349,0.101,114842,8.9,1.6402,0.04116
0.091,0.446,0.196,460620,4.9,1.2689,0.01583
0.075,0.255,0.125,410113,6.2,1.2947,0.01649
0.03,0.221,0.162,644405,-2.3,0.0847,0.00893
0.034,0.263,0.076,496741,0.8,0.4756,0.00612
0.042,0.284,0.173,655839,1.8,0.5219,0.00872
0.061,0.406,0.113,102512,4.2,1.0654,0.02282
0.045,0.443,0.198,968518,9.9,1.2951,0.0171
0.032,0.163,0.162,564830,12.1,1.3495,0.02207
0.003,0.173,0.197,640924,9.4,0.9689,0.01533
0.02,0.533,0.121,800445,4.0,0.7558,0.0078
0.07,0.339,0.083,256871,6.1,1.3595,0.01539
0.012,0.666,0.152,798143,-4.2,-0.2517,0.00793
0.035,0.494,0.168,471572,-4.4,-0.0262,0.0102
0.028,0.657,0.151,719335,10.4,1.2156,0.0181
0.004,0.121,0.09,471285,10.1,1.0412,0.0235
0.077,0.486,0.135,746640,8.8,1.5524,0.01598
0.044,0.507,0.105,247948,8.5,1.1944,0.02142
0.044,0.243,0.075,900445,9.5,1.3822,0.01668
0.011,0.412,0.086,763354,-4.3,-0.3696,0.00938
0.013,0.564,0.18,571826,-0.6,0.1081,0.00802
0.023,0.733,0.164,773013,9.2,1.0958,0.01475
0.03,0.401,0.109,831806,2.7,0.7029,0.00645
0.056,0.63,0.155,160741,14.2,1.4148,0.05518
0.089,0.418,0.115,618428,10.6,1.7832,0.02049
0.081,0.221,0.139,832499,6.2,1.2818,0.01509
0.069,0.178,0.193,705761,11.2,1.4087,0.03117
0.045,0.54,0.14,644049,-3.5,0.2086,0.00841
0.003,0.598,0.112,188052,6.3,0.7441,0.01683
0.044,0.255,0.101,382385,2.7,0.7493,0.0099
0.084,0.535,0.112,737660,9.9,1.5847,0.02876
0.021,0.504,0.19,953941,0.1,0.2308,0.00749
0.093,0.623,0.12,762870,13.4,1.7568,0.06044
0.078,0.646,0.162,831901,6.2,1.2788,0.01687
0.007,0.237,0.194,334796,14.3,1.1442,0.03613
0.077,0.656,0.163,796431,2.9,1.1175,0.01087
0.097,0.615,0.143,397746,14.4,1.7267,0.0716
0.094,0.777,0.194,376389,3.5,1.0985,0.02691
0.042,0.692,0.083,754005,13.6,1.5051,0.05314
0.091,0.397,0.103,610040,-1.6,0.8174,0.0098
0.053,0.371,0.096,738968,3.5,0.9544,0.0078
0.015,0.535,0.089,624917,-4.8,-0.3839,0.01053
0.048,0.159,0.087,931420,2.7,0.7422,0.01092
0.031,0.112,0.103,209602,3.3,0.6706,0.01386
0.032,0.627,0.108,676487,9.5,1.2381,0.01872
0.043,0.719,0.111,204357,13.0,1.4857,0.05623
0.068,0.206,0.162,499789,4.5,0.9994,0.01494
0.077,0.54,0.126,279078,3.5,1.2298,0.01405
0.075,0.374,0.121,260923,11.5,1.7214,0.02433
0.087,0.735,0.137,705862,7.8,1.5292,0.03028
0.091,0.53,0.102,133949,1.7,0.7729,0.04697
0.023,0.66,0.129,255223,-2.0,-0.0716,0.01436
0.061,0.479,0.072,434145,6.1,1.2431,0.01578
0.088,0.301,0.186,338430,3.5,0.9607,0.01834
0.084,0.332,0.181,917966,10.4,1.6329,0.02259
0.033,0.687,0.135,117522,-3.1,-0.3642,0.02168
0.09,0.566,0.078,767286,8.0,1.543,0.02916
0.022,0.541,0.108,130057,-4.4,-0.4613,0.01945
0.084,0.529,0.16,197552,-3.9,0.1263,0.03387
0.091,0.179,0.169,714554,14.2,1.7431,0.0464
0.052,0.2,0.122,842116,3.1,0.8699,0.00972
0.008,0.337,0.077,666677,5.0,0.6494,0.01044
0.08,0.179,0.108,596346,-3.3,0.398,0.04066
0.063,0.571,0.12,412191,8.8,1.3819,0.02073
0.07,0.204,0.08,914933,14.2,1.7431,0.03781
0.055,0.589,0.096,829351,4.2,1.1158,0.00775
0.028,0.157,0.191,372326,6.1,0.9352,0.01645
0.053,0.24,0.13,328044,6.0,1.124,0.01551
0.01,0.581,0.106,921525,-1.5,-0.0089,0.00543
0.021,0.626,0.165,806031,2.8,0.4951,0.0076
0.084,0.496,0.183,509225,6.7,1.3927,0.01609
0.038,0.435,0.12,148631,4.2,0.9113,0.01443
0.025,0.203,0.081,470834,14.0,1.2437,0.0545
0.031,0.329,0.16,690039,11.2,1.3168,0.01776
0.04,0.158,0.119,548839,12.9,1.5334,0.02214
0.072,0.451,0.188,110249,3.6,0.4428,0.05786
0.042,0.337,0.177,430507,10.4,1.3271,0.0183
0.001,0.163,0.076,837614,-3.0,-0.3676,0.00753
0.041,0.363,0.191,606163,7.2,1.1071,0.01298
0.036,0.75,0.142,573103,-2.6,0.0344,0.01368
0.085,0.118,0.116,105275,2.4,0.9498,0.03442
0.066,0.105,0.165,241085,4.5,0.7902,0.02227
0.034,0.75,0.1,918554,-2.2,0.2155,0.00925
0.077,0.245,0.182,877680,3.3,0.837,0.01432
0.065,0.405,0.193,466670,5.9,1.1701,0.01423
0.001,0.592,0.097,456630,3.2,0.4516,0.00856
0.015,0.617,0.101,232760,11.2,1.158,0.04383
0.044,0.666,0.166,950844,0.2,0.5904,0.00648
0.076,0.194,0.162,295814,0.0,0.607,0.02055
0.022,0.451,0.132,347444,8.7,1.0609,0.01665
0.008,0.377,0.11,123952,2.4,0.5077,0.01235
0.014,0.565,0.096,222504,3.3,0.6013,0.00892
0.049,0.139,0.164,207816,6.9,1.0704,0.02276
0.073,0.726,0.113,539409,7.9,1.4526,0.02758
0.004,0.716,0.164,605687,6.7,0.7602,0.01155
0.093,0.352,0.175,187737,5.9,1.4295,0.02433
0.089,0.649,0.093,547922,6.8,1.5141,0.02452
0.083,0.657,0.133,856063,6.4,1.4194,0.01825
0.046,0.645,0.124,149780,3.4,0.7275,0.02194
0.023,0.377,0.119,603347,-0.6,0.1924,0.00616
0.088,0.633,0.174,987884,-2.4,0.7917,0.00935
0.04,0.484,0.099,658352,-1.2,0.3743,0.00677
0.027,0.299,0.08,190678,0.6,0.4092,0.00866
0.075,0.721,0.185,190697,-4.9,-0.2852,0.04007
0.005,0.223,0.103,714382,9.7,1.0525,0.01756
0.04,0.777,0.189,802350,0.9,0.4636,0.00885
0.054,0.517,0.072,192646,1.3,0.7391,0.01467
0.009,0.225,0.124,541767,-3.7,-0.2915,0.00875
0.086,0.563,0.126,908685,6.6,1.5219,0.013
0.028,0.637,0.18,376904,8.9,1.0479,0.01725
0.013,0.276,0.084,676205,12.9,1.2091,0.03583
0.01,0.405,0.114,705419,-4.2,-0.3261,0.00852
0.035,0.228,0.196,326720,3.1,0.6146,0.01338
0.056,0.706,0.134,664569,-0.2,0.5623,0.01434
0.096,0.235,0.163,988262,7.7,1.3287,0.0219
0.03,0.692,0.095,694345,8.9,1.2299,0.01922
0.07,0.269,0.15,697831,-0.2,0.6096,0.01117
0.078,0.595,0.18,870534,6.5,1.2284,0.01657
0.076,0.366,0.075,700109,7.0,1.5107,0.01138
0.068,0.151,0.172,213762,-1.8,0.4578,0.0226
0.0,0.58,0.172,159031,-3.2,-0.4531,0.01648
0.041,0.742,0.135,218998,10.3,1.2786,0.02871
0.037,0.357,0.076,947568,11.0,1.392,0.02236
0.062,0.609,0.192,124416,7.0,1.1338,0.02581
0.022,0.502,0.146,896904,9.5,1.1452,0.01461
0.044,0.286,0.181,278225,10.2,1.3633,0.02181
0.037,0.437,0.157,169048,11.6,1.2662,0.02878
0.083,0.524,0.199,384941,6.4,1.3138,0.01789
0.081,0.462,0.159,383143,14.6,1.6867,0.05119
0.088,0.279,0.103,763202,2.0,1.0449,0.01204
0.097,0.318,0.094,793188,5.5,1.4713,0.01291
0.04,0.366,0.079,271454,12.4,1.29,0.05815
0.014,0.227,0.166,808108,9.8,1.178,0.01409
0.056,0.243,0.162,179322,11.9,1.5547,0.0362
0.083,0.31,0.138,607715,-2.6,0.5538,0.01149
0.083,0.351,0.166,636740,2.3,0.9053,0.01286
0.008,0.23,0.189,302561,0.7,0.1255,0.0103
0.075,0.223,0.118,332247,4.9,1.1715,0.01674
0.008,0.611,0.18,401464,13.2,1.1383,0.02888
0.094,0.546,0.089,430863,-4.2,0.6636,0.01456
0.069,0.542,0.191,673887,11.7,1.5108,0.03219
0.06,0.337,0.151,751568,3.1,0.9304,0.00945
0.004,0.444,0.1,358469,9.0,0.9537,0.02238
0.099,0.215,0.121,120227,-4.6,0.4335,0.06236
0.038,0.149,0.186,341327,5.4,0.9283,0.01675
0.074,0.663,0.126,289898,0.3,0.5866,0.03082
0.037,0.283,0.148,714747,10.8,1.3816,0.01541
0.05,0.362,0.145,459031,10.4,1.4267,0.01721
0.053,0.723,0.18,993845,15.0,1.5952,0.04061
0.042,0.469,0.099,419303,-2.1,0.2889,0.00871
0.062,0.231,0.196,708089,4.6,0.9661,0.01419
0.081,0.483,0.082,703000,12.8,1.6577,0.04983
0.037,0.425,0.106,553362,3.2,0.8018,0.00738
0.042,0.311,0.096,735556,-4.1,0.0326,0.00952
0.07,0.603,0.128,918605,7.8,1.3917,0.01726
0.031,0.269,0.169,309365,12.7,1.3495,0.0255
0.0,0.584,0.176,911436,10.4,1.0967,0.01528
0.022,0.451,0.187,364570,3.6,0.5894,0.01067
0.022,0.596,0.192,754428,-0.7,0.1944,0.00767
0.067,0.524,0.195,565315,7.3,1.2624,0.01645
0.009,0.312,0.132,962559,-4.8,-0.3809,0.00819
0.0,0.584,0.18,596712,15.0,1.1946,0.03379
0.051,0.632,0.106,100199,-2.1,-0.0816,0.02705
0.059,0.431,0.137,606716,1.2,0.7672,0.00845
0.037,0.757,0.173,187285,-3.2,-0.2397,0.02381
0.047,0.706,0.123,477272,12.0,1.4539,0.03322
0.083,0.789,0.15,145477,14.1,1.6283,0.07442
0.02,0.658,0.137,291477,9.7,1.0733,0.02083
0.051,0.746,0.127,336584,1.4,0.6066,0.01957
0.082,0.501,0.179,228861,3.2,1.0879,0.01803
0.075,0.605,0.088,325874,9.1,1.4576,0.03477
0.022,0.408,0.169,699630,-0.2,0.2111,0.00757
0.001,0.227,0.169,766505,13.3,1.2046,0.02235
0.03,0.66,0.074,538589,6.8,1.0619,0.01845
0.082,0.428,0.15,705914,13.7,1.7631,0.03881
0.066,0.424,0.164,954407,8.3,1.4252,0.01337
0.081,0.335,0.194,859105,7.3,1.3469,0.01765
0.011,0.271,0.169,360327,-2.4,-0.1196,0.00915
0.085,0.705,0.103,148839,-0.9,0.356,0.04781
0.077,0.483,0.072,851707,3.2,1.2597,0.00673
0.02,0.72,0.113,975194,3.2,0.6178,0.00723
0.057,0.786,0.165,686835,2.6,0.8623,0.01179
0.095,0.393,0.123,516427,-0.4,0.924,0.01093
0.012,0.291,0.1,351504,-2.8,-0.2144,0.00954
0.013,0.564,0.18,838331,-4.6,-0.2635,0.00823
0.063,0.496,0.167,281891,9.2,1.4043,0.0197
0.076,0.375,0.082,385782,13.7,1.5086,0.07045
0.094,0.239,0.093,489724,6.2,1.4595,0.01843
0.091,0.178,0.185,626481,14.8,1.7196,0.05272
0.016,0.273,0.074,424274,-1.7,-0.0332,0.00772
0.028,0.523,0.184,315226,4.1,0.767,0.01158
0.026,0.54,0.197,949171,10.5,1.1753,0.01742
0.06,0.281,0.199,718006,6.1,1.0813,0.01482
0.078,0.667,0.176,121269,13.1,1.5998,0.04902
0.054,0.271,0.161,864401,7.8,1.2524,0.01336
0.087,0.175,0.073,605316,8.9,1.6761,0.02258
0.003,0.47,0.145,125919,4.0,0.7039,0.01608
0.071,0.663,0.095,267646,-1.0,0.4156,0.0312
0.086,0.341,0.11,234105,0.7,0.9363,0.01482
0.026,0.648,0.144,889699,-2.8,0.0864,0.00688
0.08,0.296,0.138,164219,3.0,1.0894,0.01835
0.006,0.176,0.164,355902,-1.6,-0.0956,0.00882
0.05,0.33,0.141,155638,2.4,0.8346,0.01473
0.002,0.505,0.184,792997,8.1,0.832,0.01225
0.037,0.474,0.106,163972,11.9,1.3338,0.04263
0.046,0.461,0.112,343987,10.4,1.296,0.02618
0.034,0.501,0.148,960962,13.3,1.4211,0.02739
0.015,0.245,0.189,330269,-2.6,-0.0968,0.01014
0.014,0.635,0.192,669900,11.6,1.1489,0.01993
0.065,0.244,0.121,476179,5.7,1.1788,0.01407
0.047,0.754,0.164,723441,11.3,1.3848,0.02424
0.043,0.459,0.142,430302,11.6,1.3386,0.02619
0.077,0.554,0.114,245418,-0.2,0.6545,0.02413
0.097,0.168,0.104,969389,4.8,1.2924,0.01809
0.063,0.339,0.144,723948,-1.9,0.4542,0.00928
0.043,0.312,0.122,725879,14.2,1.4744,0.038
0.091,0.254,0.145,652326,10.9,1.7063,0.02541
0.024,0.214,0.1,347250,5.9,0.8886,0.01209
0.013,0.474,0.101,268345,10.8,1.1331,0.03509
0.011,0.454,0.192,271248,-4.3,-0.293,0.01305
0.007,0.651,0.092,914074,2.5,0.3899,0.00611
0.015,0.588,0.079,810735,1.2,0.3811,0.00436
0.055,0.772,0.157,624466,9.7,1.3931,0.02379
0.037,0.565,0.125,499360,-2.0,0.2719,0.00838
0.056,0.359,0.188,635220,5.7,1.0806,0.01251
0.069,0.526,0.09,317130,3.6,1.2296,0.01073
0.096,0.495,0.146,465480,4.6,1.4512,0.0127
0.029,0.436,0.1,796551,4.4,0.834,0.00751
0.049,0.135,0.1,434166,-3.3,0.1668,0.02906
0.036,0.358,0.144,646011,-3.3,0.069,0.00871
0.081,0.526,0.183,843767,-4.0,0.4738,0.00894
0.052,0.287,0.197,191219,-2.7,0.2592,0.01609
0.084,0.773,0.151,367721,9.4,1.5803,0.03655
0.094,0.172,0.128,946099,12.1,1.7567,0.03135
0.079,0.17,0.18,205764,11.9,1.5357,0.04598
0.098,0.212,0.099,445559,-1.6,0.6473,0.02075
0.078,0.169,0.165,877520,12.8,1.6273,0.03492
0.023,0.584,0.103,168044,-0.6,0.0535,0.0146
0.057,0.306,0.142,584158,5.6,1.1174,0.01192
0.089,0.448,0.123,107360,8.1,1.1194,0.0786
0.046,0.735,0.196,151649,-1.0,0.0145,0.02838
0.065,0.715,0.163,613628,8.6,1.3299,0.02242
0.041,0.728,0.141,727849,7.4,1.1199,0.01453
0.025,0.272,0.111,385291,4.7,0.8142,0.01035
0.065,0.287,0.153,481726,1.4,0.7046,0.01214
0.052,0.665,0.191,670696,-4.7,-0.0389,0.01349
0.021,0.312,0.117,896555,4.0,0.7432,0.00765
0.004,0.662,0.133,195737,5.6,0.7635,0.01459
0.062,0.177,0.116,113603,6.7,1.2478,0.03055
0.018,0.55,0.188,262001,13.0,1.1445,0.03258
0.099,0.608,0.189,786791,12.4,1.7053,0.04782
0.054,0.53,0.147,701823,13.7,1.5017,0.03868
0.007,0.537,0.123,248986,10.5,1.0533,0.027
0.064,0.219,0.158,546163,4.8,1.0212,0.01401
0.093,0.153,0.181,841517,1.7,0.7709,0.0223
0.091,0.759,0.168,635707,13.4,1.7824,0.05782
0.038,0.512,0.071,565169,-0.8,0.4038,0.00644
0.015,0.207,0.194,675910,-3.8,-0.194,0.00847
0.055,0.611,0.189,851564,6.6,0.9972,0.01422
0.054,0.744,0.174,348697,12.0,1.4043,0.03259
0.015,0.457,0.124,199796,4.9,0.7814,0.01219
0.01,0.675,0.192,322765,14.2,1.1423,0.03648
0.003,0.423,0.183,291995,4.7,0.5328,0.01296
0.016,0.612,0.152,725558,-1.0,0.1274,0.00669
0.007,0.671,0.165,270775,3.1,0.3932,0.01073
0.011,0.156,0.156,740224,-0.2,0.0749,0.00682
0.097,0.352,0.126,955017,-4.2,0.5633,0.01046
0.052,0.283,0.105,680119,6.0,1.1539,0.01074
0.004,0.179,0.072,587581,9.1,0.9155,0.03232
0.074,0.249,0.12,639134,14.8,1.8865,0.02987
0.03,0.238,0.139,806794,-1.1,0.1905,0.0073
0.052,0.495,0.186,103211,-2.6,-0.1471,0.03816
0.055,0.698,0.14,183568,-1.9,0.0619,0.02929
0.026,0.38,0.19,912317,-2.0,0.0737,0.0082
0.016,0.171,0.137,636698,13.2,1.3219,0.02353
0.06,0.299,0.152,890242,0.2,0.5836,0.00973
0.096,0.229,0.117,348378,-2.6,0.5679,0.03971
0.063,0.107,0.094,883723,1.0,0.6838,0.01904
0.008,0.663,0.076,950868,8.8,1.0103,0.01749
0.007,0.218,0.14,114827,4.3,0.7239,0.01697
0.038,0.227,0.088,736799,5.1,0.9341,0.00936
0.089,0.594,0.15,227528,7.1,1.4248,0.02638
0.073,0.101,0.142,983215,-0.4,0.5997,0.02324
0.095,0.727,0.169,886288,2.9,1.06,0.02702
0.064,0.438,0.09,690586,-3.2,0.4082,0.00856
0.043,0.504,0.178,960173,-4.3,0.0755,0.00814
0.062,0.352,0.099,781589,12.5,1.5558,0.03231
0.093,0.311,0.102,842245,-1.9,0.7308,0.01158
0.086,0.463,0.133,727576,4.1,1.3009,0.00984
0.008,0.31,0.114,888754,-0.8,0.0058,0.00535
0.012,0.223,0.089,831725,14.6,1.2813,0.04167
0.062,0.4,0.114,242021,14.1,1.4181,0.06338
0.03,0.293,0.164,638658,13.6,1.4003,0.02705
0.079,0.316,0.196,819801,-2.2,0.4121,0.01114
0.067,0.699,0.146,551135,7.7,1.3258,0.02059
0.008,0.16,0.162,978898,11.9,1.2387,0.01682
0.028,0.163,0.154,419387,9.9,1.1983,0.01884
0.021,0.2,0.137,612813,5.1,0.8587,0.01065
0.021,0.565,0.117,844375,14.5,1.381,0.0337
0.08,0.658,0.089,681519,-1.4,0.7704,0.01663
0.043,0.114,0.117,310568,-2.5,0.1905,0.02178
0.01,0.625,0.126,531219,11.0,1.1263,0.02103
0.08,0.16,0.167,648621,-2.9,0.4567,0.02649
0.014,0.699,0.181,960172,13.9,1.315,0.02468
0.016,0.463,0.157,934800,2.7,0.4271,0.00664
0.062,0.604,0.175,734257,1.6,0.8514,0.0084
0.067,0.784,0.188,709665,13.9,1.6141,0.04424
0.06,0.285,0.172,492708,-3.7,0.2382,0.01146
0.096,0.454,0.152,961873,3.8,1.2592,0.01184
0.097,0.54,0.086,125844,-4.2,-0.2858,0.11741
0.036,0.24,0.15,564993,14.8,1.5107,0.03283
0.013,0.389,0.086,158115,1.0,0.3176,0.01051
0.086,0.483,0.119,538486,10.1,1.6936,0.0223
0.048,0.53,0.099,775592,-4.3,0.1576,0.00842
0.02,0.216,0.133,489949,5.2,0.8695,0.01109
0.087,0.547,0.114,217928,9.9,1.6743,0.02813
0.046,0.507,0.188,514879,-3.0,0.2354,0.00982
0.026,0.106,0.174,542121,-0.9,0.1422,0.00818
0.085,0.256,0.184,239747,1.9,0.7961,0.0198
0.001,0.156,0.082,181121,-1.9,-0.3183,0.00886
0.086,0.219,0.148,245777,4.6,1.1243,0.02217
0.022,0.268,0.187,132670,-3.7,-0.2735,0.01896
0.089,0.766,0.135,406971,0.3,0.7235,0.03995
0.022,0.577,0.163,724170,9.6,1.1175,0.01558
0.057,0.358,0.175,637788,14.1,1.6097,0.03363
0.031,0.636,0.198,168020,-0.1,0.1133,0.01944
0.036,0.629,0.122,462920,0.3,0.522,0.00831
0.059,0.125,0.167,961574,-2.5,0.3156,0.01217
0.034,0.147,0.138,391386,11.8,1.3881,0.02387
0.029,0.569,0.183,499583,5.7,0.8925,0.0114
0.005,0.473,0.087,419233,3.3,0.4983,0.00827
0.079,0.676,0.11,826523,10.2,1.6207,0.03504
0.006,0.367,0.138,463358,7.3,0.9395,0.01379
0.052,0.437,0.091,818473,6.7,1.2359,0.01211
0.025,0.229,0.081,719503,14.6,1.3024,0.05342
0.011,0.557,0.128,658864,2.4,0.3868,0.00651
0.053,0.648,0.175,158487,14.8,1.408,0.05448
0.047,0.704,0.172,851976,14.3,1.5286,0.03564
0.039,0.676,0.086,761587,-0.3,0.5493,0.00685
0.044,0.353,0.169,391846,6.7,1.1263,0.01376
0.079,0.641,0.177,440018,4.7,1.1179,0.01712
0.094,0.6,0.167,545087,8.2,1.514,0.02407
0.047,0.149,0.141,871933,0.1,0.454,0.01069
0.057,0.401,0.133,189615,-4.4,0.1145,0.0196
0.074,0.795,0.161,591353,11.7,1.6628,0.04053
0.049,0.205,0.095,904200,8.9,1.3921,0.01266
0.031,0.437,0.145,887896,-1.0,0.2595,0.00704
0.081,0.363,0.186,342779,6.7,1.3503,0.0187
0.017,0.193,0.198,223913,3.4,0.4987,0.01468
0.046,0.313,0.198,760905,-4.3,0.0447,0.00999
0.04,0.18,0.173,721175,1.6,0.4422,0.00846
0.06,0.579,0.123,473835,5.7,1.2457,0.01044
0.031,0.567,0.096,636476,12.0,1.3622,0.028
0.07,0.681,0.147,157463,2.1,0.6154,0.03784
0.069,0.559,0.12,578842,0.5,0.939,0.00849
0.074,0.447,0.12,660759,3.7,1.187,0.00885
0.053,0.558,0.116,595973,14.2,1.5052,0.04677
0.021,0.444,0.175,331250,-4.6,-0.2159,0.01194
0.009,0.21,0.133,573099,1.9,0.2772,0.00709
0.018,0.231,0.141,662922,11.6,1.262,0.01855
0.034,0.796,0.175,404166,-3.1,-0.1213,0.01552
0.007,0.222,0.179,951280,-1.7,-0.0926,0.00721
0.068,0.641,0.117,512322,0.9,0.8206,0.01557
0.094,0.613,0.136,369504,13.2,1.6942,0.06053
0.01,0.708,0.142,852085,5.2,0.6754,0.00881
0.096,0.492,0.104,492160,2.6,1.3834,0.01044
0.066,0.102,0.188,732874,13.9,1.2269,0.0485
0.086,0.368,0.155,170847,8.2,1.5802,0.02832
0.022,0.346,0.155,112099,-2.4,-0.1755,0.01934
0.085,0.502,0.099,778422,9.6,1.5688,0.02891
0.012,0.165,0.135,590474,3.3,0.4855,0.00858
0.012,0.68,0.131,160600,12.5,1.196,0.04445
0.003,0.505,0.1,490969,-3.5,-0.4083,0.00893
0.075,0.133,0.161,419181,12.4,1.5495,0.03866
0.02,0.794,0.173,791078,12.0,1.2537,0.01998
0.095,0.594,0.187,141170,6.2,0.909,0.06114
0.052,0.418,0.126,221621,8.7,1.3736,0.01723
0.053,0.45,0.103,935555,-1.3,0.4959,0.00678
0.07,0.609,0.099,654541,9.6,1.493,0.02876
0.059,0.218,0.095,649760,1.1,0.6849,0.01129
0.038,0.459,0.099,350868,-2.4,0.1961,0.00972
0.058,0.549,0.101,893527,-1.5,0.6031,0.00659
0.034,0.702,0.199,436646,-4.2,-0.2381,0.01527
0.058,0.435,0.147,588230,-2.8,0.3697,0.00907
0.06,0.482,0.079,885117,-2.4,0.4792,0.00704
0.068,0.548,0.2,368223,-1.4,0.5131,0.01329
0.07,0.414,0.106,230820,1.7,0.9603,0.0113
0.049,0.714,0.107,169639,-2.0,-0.0324,0.02281
0.026,0.46,0.173,260581,8.2,1.0529,0.01637
0.032,0.158,0.176,230964,14.9,1.4665,0.0404
0.013,0.614,0.168,503180,14.6,1.2502,0.03522
0.031,0.718,0.145,508641,7.9,1.065,0.0147
0.043,0.716,0.076,594680,9.6,1.4496,0.03115
0.015,0.379,0.173,711029,-2.6,-0.0776,0.008
0.07,0.499,0.097,458293,9.0,1.4295,0.02467
0.098,0.208,0.09,262314,5.7,1.4565,0.02516
0.017,0.423,0.132,955080,3.1,0.5321,0.00654
0.086,0.482,0.186,767130,1.5,0.9184,0.01088
0.003,0.137,0.094,404069,9.6,0.99,0.02391
0.031,0.535,0.137,451302,-4.9,-0.1368,0.01092
0.016,0.566,0.196,355275,14.5,1.1856,0.03918
0.051,0.772,0.08,731911,-1.9,0.2573,0.01948
0.088,0.467,0.088,742915,-1.7,0.8526,0.00811
0.066,0.692,0.178,137195,0.5,0.3139,0.03888
0.071,0.707,0.17,937147,7.3,1.2688,0.02019
0.059,0.428,0.196,404375,-2.7,0.3345,0.01151
0.057,0.286,0.08,998655,0.6,0.65,0.00853
0.012,0.163,0.176,164740,-3.3,-0.3084,0.01572
0.048,0.576,0.1,334469,14.7,1.4687,0.0629
0.046,0.421,0.128,744028,14.6,1.4703,0.04452
0.078,0.749,0.189,723841,0.9,0.6591,0.02096
0.043,0.3,0.094,307099,-0.6,0.4033,0.00957
0.089,0.285,0.148,522188,-2.5,0.5711,0.01368
0.024,0.6,0.147,797840,4.6,0.8116,0.00857
0.095,0.403,0.179,615272,2.1,0.9732,0.01372
0.027,0.186,0.168,281109,12.6,1.3311,0.02668
0.06,0.695,0.14,385403,5.0,1.1368,0.01319
0.083,0.213,0.118,277846,2.3,0.9493,0.02061
0.022,0.682,0.083,723145,6.7,0.9775,0.01455
0.028,0.144,0.071,278024,-2.3,-0.0033,0.02138
0.068,0.544,0.165,468452,-0.7,0.7332,0.01027
0.015,0.693,0.086,871305,12.6,1.3186,0.03039
0.081,0.289,0.183,530580,-2.1,0.4706,0.01247
0.098,0.433,0.18,276053,7.9,1.6101,0.02311
0.071,0.234,0.169,481045,8.4,1.3413,0.02059
0.045,0.353,0.165,524605,-0.2,0.4231,0.00917
0.028,0.666,0.093,153653,10.1,1.2262,0.05356
0.009,0.582,0.102,998971,6.9,0.8735,0.01151
0.061,0.369,0.184,164861,14.5,1.5723,0.04433
0.01,0.404,0.099,804049,-1.7,-0.0516,0.00563
0.023,0.297,0.11,344439,5.2,0.8432,0.01078
0.051,0.432,0.085,884602,8.5,1.3378,0.01665
0.068,0.446,0.096,842376,10.1,1.501,0.02419
0.043,0.492,0.183,113960,-2.5,-0.149,0.03163
0.083,0.28,0.179,555496,4.6,1.1022,0.01612
0.005,0.784,0.116,595753,6.9,0.8457,0.01278
0.064,0.617,0.14,310993,13.9,1.4991,0.05359
0.008,0.229,0.126,556350,7.2,0.9346,0.01255
0.044,0.116,0.192,695953,-1.8,0.255,0.01158
0.054,0.705,0.106,570880,14.2,1.6335,0.05034
0.054,0.626,0.157,358014,11.4,1.3733,0.0298
0.078,0.184,0.138,898354,-4.4,0.339,0.02235
0.093,0.324,0.191,545465,7.8,1.4453,0.02221
0.017,0.683,0.19,898961,4.5,0.5204,0.00889
0.046,0.53,0.199,817904,3.2,0.6738,0.0094
0.036,0.384,0.197,355344,9.8,1.203,0.01888
0.055,0.383,0.172,507969,4.7,1.0302,0.01157
0.059,0.137,0.117,703234,4.4,0.9623,0.01461
0.041,0.165,0.089,971065,14.6,1.6127,0.03062
0.05,0.244,0.09,201187,8.4,1.3565,0.02095
0.05,0.368,0.184,208371,-1.1,0.3999,0.01391
0.041,0.101,0.089,701612,5.1,0.9224,0.01236
0.084,0.638,0.157,377475,14.5,1.6511,0.06262
0.075,0.785,0.097,719902,13.1,1.8715,0.0565
0.097,0.285,0.13,928007,9.7,1.7138,0.02041
0.05,0.21,0.128,608099,-3.3,0.1818,0.01113
0.01,0.526,0.07,941183,8.6,0.9897,0.02028
0.005,0.255,0.195,786939,10.8,1.1559,0.01678
0.092,0.681,0.078,315715,3.5,1.1139,0.04538
0.077,0.395,0.172,514794,-2.1,0.5326,0.01081
0.084,0.183,0.119,952364,11.5,1.717,0.0242
0.02,0.441,0.143,545073,6.1,0.9489,0.01083
0.076,0.51,0.119,791454,0.5,0.9768,0.00766
0.079,0.416,0.151,274877,10.2,1.687,0.02226
0.0,0.111,0.099,589697,8.6,0.9171,0.0172
0.04,0.529,0.089,925592,5.1,0.9994,0.00997
0.047,0.143,0.152,427767,1.2,0.5455,0.01266
0.099,0.557,0.106,923110,7.4,1.6954,0.01715
0.007,0.148,0.157,906323,10.5,1.1905,0.01506
0.042,0.663,0.157,590959,10.8,1.3036,0.02244
0.003,0.301,0.116,324692,12.8,1.1294,0.03649
0.074,0.501,0.143,674916,4.5,1.2453,0.00938
0.098,0.444,0.106,225550,6.8,1.7331,0.01948
0.065,0.543,0.09,919708,-3.6,0.454,0.00755
0.013,0.444,0.085,488197,13.8,0.9556,0.08953
0.033,0.757,0.141,368502,4.3,0.8129,0.01091
0.054,0.371,0.111,393514,4.6,1.0673,0.01076
0.039,0.568,0.098,968225,6.0,1.0609,0.01162
0.081,0.185,0.19,271151,-4.6,0.3663,0.03389
0.012,0.56,0.15,279534,5.5,0.8508,0.013
0.053,0.117,0.091,361854,6.1,1.1,0.01848
0.027,0.6,0.107,325911,-4.7,-0.2904,0.01454
0.041,0.262,0.111,767219,-1.0,0.3261,0.00825
0.002,0.435,0.128,310346,-4.5,-0.5708,0.01197
0.078,0.182,0.185,635099,2.2,0.7124,0.01636
0.043,0.104,0.158,589990,0.6,0.4664,0.01208
0.02,0.228,0.092,892362,0.0,0.1945,0.00487
0.023,0.323,0.134,918069,14.7,1.4059,0.03296
0.006,0.174,0.114,775051,-1.0,-0.0405,0.00549
0.006,0.584,0.089,904264,12.5,1.2525,0.02574
0.097,0.451,0.086,270007,6.9,1.7461,0.01654
0.096,0.265,0.093,879185,2.0,1.1191,0.01261
0.043,0.128,0.181,906899,11.7,1.3187,0.02542
0.026,0.332,0.118,709262,-1.0,0.1808,0.00637
0.066,0.273,0.071,616218,11.9,1.5831,0.03209
0.008,0.637,0.133,767740,12.1,1.2029,0.02087
0.045,0.64,0.082,421011,9.4,1.3591,0.02874
0.011,0.372,0.11,143544,0.0,0.2343,0.01333
0.013,0.189,0.12,956754,7.1,0.9771,0.0104
0.001,0.517,0.115,747299,2.6,0.2801,0.00644
0.012,0.345,0.146,830949,5.9,0.806,0.00966
0.092,0.242,0.092,854495,8.9,1.6857,0.01725
0.034,0.159,0.186,596729,10.1,1.1794,0.02011
0.093,0.239,0.098,935931,7.0,1.5223,0.01502
0.031,0.676,0.174,320810,4.8,0.7313,0.01175
0.041,0.45,0.153,627087,1.1,0.5601,0.00768
0.095,0.749,0.08,134807,-1.2,0.419,0.05397
0.008,0.119,0.196,239827,2.4,0.2895,0.01238
0.061,0.557,0.078,454325,3.1,1.1259,0.00772
0.006,0.387,0.186,265069,-3.2,-0.2407,0.0118
0.086,0.798,0.124,272136,9.3,1.5831,0.04348
0.068,0.468,0.187,739696,4.4,1.0857,0.01081
0.01,0.431,0.154,432762,8.3,1.0199,0.01517
0.071,0.291,0.154,325984,-2.5,0.456,0.01364
0.028,0.218,0.074,573315,0.8,0.4181,0.00581
0.085,0.386,0.157,751341,5.4,1.2969,0.01302
0.017,0.75,0.198,428869,3.1,0.4015,0.01016
0.038,0.619,0.097,135372,1.9,0.4793,0.02178
0.054,0.557,0.134,572898,1.4,0.8391,0.00788
0.055,0.402,0.139,986114,2.6,0.9019,0.00743
0.068,0.706,0.157,197641,-0.1,0.3826,0.03379
0.035,0.2,0.185,576509,1.6,0.3805,0.00884
0.04,0.643,0.106,726766,1.6,0.7581,0.00613
0.092,0.496,0.135,704404,-0.8,0.9681,0.00896
0.028,0.139,0.095,381621,11.9,1.3807,0.02311
0.076,0.137,0.134,788903,7.3,1.2257,0.02037
0.061,0.334,0.146,642758,6.7,1.2437,0.01244
0.031,0.301,0.081,778564,2.5,0.6277,0.00648
0.055,0.182,0.137,188314,12.4,1.599,0.04146
0.036,0.365,0.104,238318,10.9,1.226,0.03079
0.027,0.481,0.177,849195,10.4,1.2014,0.01685
0.011,0.183,0.095,941686,0.4,0.1417,0.0047
0.012,0.398,0.089,314778,8.0,0.9289,0.02137
0.079,0.74,0.192,972470,1.6,0.8419,0.01552
0.043,0.528,0.101,965597,9.1,1.301,0.01706
0.086,0.169,0.161,861154,1.8,0.8157,0.0158
0.1,0.641,0.108,619793,1.7,1.1168,0.02793
0.051,0.245,0.139,125479,9.9,1.4324,0.03557
0.08,0.66,0.138,549297,6.2,1.394,0.01692
0.055,0.683,0.072,713590,7.2,1.3501,0.02026
0.075,0.547,0.088,484738,-4.2,0.477,0.01191
0.064,0.611,0.091,138098,14.3,1.1107,0.12965
0.026,0.586,0.125,903139,8.0,1.078,0.01312
0.072,0.106,0.186,162340,9.8,1.2772,0.04113
0.004,0.541,0.083,457235,8.0,0.8711,0.02021
0.023,0.437,0.152,778187,3.8,0.6854,0.00784
0.092,0.333,0.109,839535,-1.4,0.781,0.0106
0.017,0.326,0.109,479425,-4.0,-0.2486,0.00998
0.044,0.472,0.156,666113,-0.8,0.4313,0.008
0.083,0.347,0.184,259883,14.2,1.8036,0.04068
0.007,0.29,0.177,380762,1.5,0.193,0.00914
0.054,0.762,0.146,724250,-2.1,0.2413,0.01779
0.042,0.114,0.098,848397,7.9,1.1969,0.01519
0.1,0.505,0.082,498982,-3.4,0.8215,0.01225
0.071,0.527,0.168,986614,-4.5,0.3709,0.00826
0.006,0.606,0.147,815746,2.6,0.3223,0.00681
0.086,0.625,0.126,465337,5.4,1.4522,0.01585
0.049,0.419,0.159,185589,11.0,1.4022,0.02454
0.052,0.114,0.163,589249,13.6,1.4859,0.03613
0.087,0.46,0.184,656026,0.3,0.819,0.01099
0.016,0.776,0.136,596400,3.3,0.5527,0.00812
0.05,0.783,0.178,438688,0.4,0.4089,0.01488
0.094,0.703,0.15,456777,4.5,1.189,0.03189
0.04,0.606,0.146,320632,-2.5,0.0979,0.01467
0.039,0.601,0.172,984410,6.4,1.0102,0.01093
0.083,0.394,0.144,387555,5.1,1.3128,0.01402
0.018,0.254,0.147,235039,14.6,1.1978,0.04654
0.008,0.799,0.103,781208,7.1,0.875,0.01268
0.094,0.794,0.12,705759,4.4,1.3738,0.03431
0.034,0.469,0.104,275720,9.2,1.1548,0.02294
0.084,0.534,0.116,994728,11.8,1.6299,0.04002
0.074,0.474,0.123,174865,-3.0,0.3557,0.02354
0.031,0.281,0.127,857831,14.9,1.4492,0.03758
0.056,0.213,0.127,713530,7.7,1.2739,0.01417
0.083,0.585,0.082,462033,13.5,1.6842,0.06828
0.012,0.675,0.144,862676,2.7,0.4222,0.00699
0.077,0.534,0.12,234835,11.9,1.5363,0.04446
0.044,0.452,0.127,368150,4.0,0.9565,0.00965
0.063,0.741,0.185,354120,2.7,0.7834,0.0158
0.018,0.218,0.187,777426,-4.4,-0.2193,0.00855
0.067,0.167,0.171,422552,13.1,1.5795,0.03601
0.096,0.375,0.075,576730,2.8,1.2864,0.01125
0.051,0.322,0.146,551744,5.0,1.0396,0.01115
0.044,0.506,0.132,949849,13.6,1.4879,0.03221
0.067,0.469,0.086,669549,-4.9,0.2759,0.01095
0.047,0.39,0.182,820632,-0.9,0.3564,0.00873
0.047,0.348,0.136,235464,0.6,0.6641,0.01047
0.047,0.221,0.072,987538,11.7,1.5299,0.02318
0.004,0.418,0.16,327571,8.1,0.9954,0.01662
0.045,0.743,0.197,815294,4.1,0.7243,0.01161
0.09,0.297,0.131,914718,13.3,1.9298,0.02652
0.032,0.193,0.164,941695,3.9,0.7103,0.00948
0.061,0.432,0.12,955839,14.9,1.5802,0.05022
0.006,0.609,0.104,936628,1.4,0.2228,0.00502
0.042,0.134,0.133,637952,5.2,0.9616,0.01303
0.005,0.586,0.102,139029,-4.5,-0.5444,0.01482
0.079,0.198,0.115,210031,4.6,1.1652,0.02257
0.075,0.443,0.076,839380,8.8,1.5167,0.02148
0.067,0.228,0.146,619636,6.0,1.1618,0.01472
0.01,0.612,0.188,770245,8.1,0.9325,0.01279
0.073,0.212,0.085,398120,13.7,1.8271,0.02927
0.046,0.229,0.073,874779,1.1,0.5758,0.009
0.1,0.128,0.12,956567,-1.6,0.701,0.03539
0.069,0.793,0.133,453661,11.9,1.6638,0.04468
0.047,0.226,0.109,165991,1.5,0.6571,0.01231
0.096,0.55,0.095,640346,6.3,1.6859,0.01209
0.02,0.37,0.153,368276,-4.4,-0.2195,0.01104
0.06,0.671,0.112,427755,14.7,1.6134,0.06067
0.038,0.403,0.131,861873,12.2,1.3966,0.02397
0.064,0.553,0.099,560056,14.0,1.5759,0.0537
0.054,0.292,0.077,936679,14.1,1.5401,0.04605
0.07,0.23,0.074,938020,13.4,1.6985,0.03592
0.095,0.186,0.137,604897,3.9,1.0885,0.02066
0.011,0.603,0.18,665902,12.6,1.1929,0.02247
0.09,0.267,0.136,115260,5.0,1.3423,0.02856
0.072,0.79,0.191,736647,-2.0,0.2972,0.0212
0.001,0.706,0.074,917305,0.7,0.0917,0.00408
0.015,0.243,0.11,107100,-1.6,-0.1652,0.01551
0.024,0.405,0.122,444740,13.4,1.263,0.03571
0.072,0.746,0.128,983759,5.5,1.2904,0.0184
0.086,0.544,0.186,341481,11.7,1.6102,0.03609
0.08,0.537,0.176,670237,10.1,1.5514,0.02602
0.03,0.146,0.186,755539,8.4,1.0935,0.01585
0.012,0.357,0.139,342773,9.6,1.0536,0.0185
0.073,0.629,0.197,898007,9.6,1.2955,0.02523
0.025,0.566,0.169,536856,0.8,0.3879,0.00795
0.048,0.483,0.079,107995,9.7,1.3608,0.05038
0.014,0.114,0.083,785744,0.9,0.2551,0.00539
0.028,0.66,0.185,516039,5.9,0.7292,0.0114
0.075,0.385,0.151,963192,6.4,1.3366,0.01178
0.005,0.44,0.156,509906,8.0,1.016,0.01467
0.027,0.222,0.096,281181,2.2,0.5712,0.0091
0.046,0.227,0.175,234343,6.6,1.1207,0.01953
0.094,0.276,0.199,924139,13.4,1.775,0.03987
0.083,0.113,0.138,191037,3.3,0.9122,0.02846
0.045,0.204,0.177,538105,10.4,1.3081,0.02057
0.009,0.763,0.195,493152,14.7,1.1992,0.03486
0.028,0.471,0.15,682293,4.5,0.8949,0.00881
0.098,0.78,0.146,951264,-0.4,0.7622,0.03699
0.081,0.631,0.196,720119,14.3,1.6532,0.0529
0.04,0.623,0.1,889518,11.2,1.4339,0.02318
0.059,0.799,0.11,381902,7.5,1.3685,0.02595
0.002,0.179,0.106,592302,12.9,1.1626,0.02975
0.081,0.499,0.145,535081,13.9,1.6438,0.05054
0.041,0.537,0.16,177866,-0.9,0.1996,0.01937
0.081,0.369,0.185,207924,-3.8,0.4106,0.01841
0.04,0.539,0.088,631240,-2.5,0.2582,0.00749
0.083,0.473,0.142,200525,2.3,1.096,0.01704
0.001,0.617,0.169,962873,13.4,1.2343,0.02101
0.005,0.159,0.157,991510,-4.1,-0.3378,0.00726
0.065,0.676,0.135,553240,6.6,1.2667,0.01641
0.057,0.616,0.17,213171,5.0,0.9911,0.01571
0.028,0.364,0.09,617846,7.2,1.0309,0.01401
0.049,0.547,0.192,875351,-4.4,0.1432,0.00853
0.063,0.713,0.191,513865,5.0,0.9758,0.01565
0.03,0.343,0.198,913042,3.9,0.5597,0.00852
0.014,0.383,0.084,123219,6.5,0.8058,0.02199
0.059,0.653,0.181,303214,2.1,0.6475,0.01698
0.027,0.344,0.091,801960,6.6,0.9784,0.01182
0.075,0.544,0.163,774931,10.7,1.5547,0.02696
0.058,0.492,0.187,726755,9.8,1.3757,0.01988
0.064,0.173,0.154,824376,1.7,0.6919,0.01274
0.007,0.717,0.117,824149,11.4,1.1798,0.01986
0.072,0.234,0.075,844795,-0.5,0.637,0.00317
0.001,0.707,0.076,382079,8.3,0.8304,0.0328
0.0,0.752,0.168,736909,8.2,0.8706,0.01302
0.077,0.251,0.176,330017,5.7,1.1594,0.01918
0.006,0.506,0.088,200558,13.2,0.5983,0.14198
0.058,0.399,0.161,337663,13.2,1.5387,0.03271
0.054,0.614,0.101,439979,-2.2,0.3887,0.01284
0.075,0.527,0.132,333964,12.3,1.5567,0.04119
0.019,0.325,0.071,578966,6.5,0.8776,0.01349
0.093,0.216,0.114,698419,-2.1,0.6172,0.03379
0.091,0.502,0.165,943947,6.5,1.4828,0.0142
0.02,0.399,0.156,434077,3.5,0.6382,0.00975
0.038,0.607,0.091,182885,-3.3,-0.14,0.01948
0.095,0.795,0.107,216959,-0.5,0.5509,0.05768
0.036,0.694,0.16,861253,13.8,1.4605,0.0296
0.087,0.707,0.2,382186,11.3,1.5109,0.03936
0.057,0.304,0.139,463022,0.5,0.6086,0.01078
0.046,0.692,0.142,928881,13.9,1.5518,0.03287
0.007,0.366,0.08,533541,3.8,0.541,0.00858
0.08,0.582,0.074,917545,2.7,1.3531,0.00667
0.028,0.631,0.192,577606,6.2,0.8074,0.01159
0.098,0.353,0.071,979065,9.5,1.7192,0.02509
0.05,0.201,0.189,385607,11.3,1.3752,0.02623
0.036,0.762,0.118,563813,12.0,1.4391,0.02982
0.027,0.226,0.075,351156,-1.5,0.1275,0.00963
0.044,0.773,0.082,271398,-0.4,0.2379,0.01873
0.017,0.111,0.145,816852,6.0,0.8525,0.0114
0.086,0.496,0.199,528463,7.8,1.444,0.02029
0.03,0.641,0.166,516781,9.0,1.0993,0.01628
0.007,0.723,0.14,830301,5.4,0.6668,0.00915
0.088,0.655,0.187,565182,14.2,1.6647,0.05517
0.035,0.74,0.085,352013,11.8,1.2289,0.07274
0.04,0.226,0.161,719258,14.9,1.5986,0.02882
0.028,0.699,0.168,957502,2.2,0.5066,0.00752
0.012,0.16,0.196,806539,3.9,0.3802,0.00849
0.039,0.711,0.18,410498,-0.3,0.3,0.01176
0.016,0.621,0.132,661082,4.7,0.7694,0.00917
0.055,0.15,0.084,578476,-4.0,0.1365,0.03965
0.082,0.16,0.104,756727,14.7,1.8996,0.03591
0.072,0.312,0.188,705459,2.2,0.7263,0.01285
0.069,0.617,0.14,542052,7.6,1.3615,0.01714
0.098,0.319,0.147,854139,-1.7,0.7052,0.01168
0.069,0.17,0.09,316210,11.6,1.7415,0.03332
0.032,0.68,0.163,205622,11.5,1.1956,0.02922
0.021,0.197,0.146,609950,9.8,1.2046,0.01442
0.048,0.317,0.199,683853,10.0,1.3183,0.01798
0.018,0.56,0.119,858418,-1.0,0.1465,0.00579
0.043,0.626,0.193,180498,9.1,1.1544,0.02236
0.035,0.187,0.133,230915,11.6,1.4234,0.02614
0.014,0.756,0.106,323212,7.4,0.9226,0.01774
0.069,0.663,0.199,655118,13.0,1.539,0.04026
0.043,0.227,0.179,860652,12.9,1.503,0.02221
0.067,0.574,0.095,881964,-3.4,0.5243,0.00756
0.039,0.601,0.154,453708,10.8,1.2637,0.02299
0.041,0.439,0.2,117519,3.5,0.946,0.02265
0.07,0.281,0.169,651258,6.8,1.2426,0.01553
0.097,0.77,0.071,557115,8.0,1.6808,0.05214
0.093,0.705,0.102,400428,10.8,1.7005,0.0561
0.026,0.194,0.087,850217,-3.4,-0.076,0.00866
0.02,0.352,0.087,222443,-1.1,0.1254,0.00928
0.099,0.33,0.14,439805,-1.0,0.7906,0.01409
0.055,0.754,0.101,925720,-3.2,0.2143,0.01753
0.084,0.708,0.179,711846,4.4,1.1601,0.01825
0.038,0.674,0.119,359636,-0.7,0.2793,0.01433
0.06,0.781,0.176,683196,-0.3,0.4631,0.01644
0.032,0.517,0.071,383592,-4.5,-0.1706,0.01437
0.01,0.775,0.105,503567,-2.3,-0.18,0.00852
0.06,0.151,0.12,263826,2.4,0.7603,0.01845
0.023,0.388,0.159,781811,4.4,0.744,0.00855
0.005,0.531,0.093,113390,0.9,0.1067,0.01378
0.095,0.374,0.168,747221,9.3,1.6599,0.02131
0.088,0.605,0.183,363559,13.3,1.6365,0.04903
0.054,0.581,0.165,674824,12.2,1.4452,0.03037
0.092,0.461,0.132,392106,8.9,1.7392,0.01836
0.075,0.394,0.093,593286,7.0,1.4879,0.01184
0.02,0.356,0.196,775120,0.1,0.1753,0.00807
0.09,0.565,0.122,197609,-2.3,0.3912,0.03795
0.031,0.424,0.181,834168,-3.7,-0.0143,0.00846
0.031,0.539,0.13,248438,0.7,0.4339,0.01005
0.019,0.135,0.145,902711,4.4,0.6544,0.00934
0.098,0.286,0.197,947905,10.0,1.5949,0.02963
0.079,0.624,0.124,117300,1.3,0.5287,0.04977
0.003,0.157,0.094,399762,0.2,0.0676,0.00623
0.012,0.555,0.155,429843,-1.4,0.0213,0.00822
0.076,0.367,0.187,838426,-1.7,0.478,0.01027
0.093,0.151,0.158,159032,1.0,0.7296,0.03274
0.074,0.208,0.118,588056,1.8,0.8531,0.01387
0.045,0.592,0.159,896625,11.7,1.3993,0.02441
0.061,0.332,0.15,533833,9.9,1.4877,0.01699
0.002,0.747,0.167,527990,8.1,0.9266,0.0144
0.066,0.646,0.084,854313,7.3,1.3929,0.02025
0.085,0.48,0.127,760770,13.1,1.6607,0.04656
0.092,0.415,0.182,757981,-3.7,0.4855,0.01036
0.009,0.761,0.126,617093,0.8,0.2302,0.00617
0.029,0.273,0.081,567879,4.3,0.7786,0.00842
0.056,0.494,0.105,961747,7.6,1.3005,0.01399
0.053,0.302,0.101,144024,0.1,0.5618,0.0138
0.014,0.472,0.106,241193,14.9,0.8757,0.1187
0.094,0.391,0.129,428250,6.9,1.5752,0.01624
0.071,0.575,0.146,738747,1.9,1.0691,0.00807
0.041,0.452,0.188,775968,9.0,1.214,0.01493
0.038,0.388,0.171,832466,7.7,1.1548,0.01137
0.086,0.287,0.092,411797,-2.0,0.6247,0.02719
0.093,0.439,0.161,794411,12.5,1.8354,0.03229
0.054,0.555,0.176,515632,-3.4,0.306,0.0101
0.049,0.39,0.148,858078,4.9,1.0413,0.00893
0.003,0.321,0.114,669268,13.9,1.2115,0.03175
0.028,0.398,0.181,299369,1.1,0.3793,0.01031
0.098,0.409,0.192,226991,9.2,1.6418,0.03016
0.023,0.694,0.125,270423,14.6,1.3343,0.05061
0.039,0.449,0.123,160430,9.6,1.2221,0.02297
0.052,0.543,0.105,840329,2.0,0.8866,0.0059
0.04,0.139,0.087,442772,5.1,0.9137,0.013
0.082,0.793,0.172,233235,6.3,1.3453,0.02626
0.057,0.612,0.18,146545,14.3,1.4292,0.05012
0.034,0.726,0.152,791081,9.6,1.2166,0.0169
0.065,0.417,0.104,583597,11.7,1.5039,0.03291
0.069,0.578,0.13,810457,-0.3,0.8772,0.00748
0.004,0.637,0.099,775593,5.9,0.7423,0.01104
0.099,0.242,0.118,479308,-3.6,0.5307,0.04449
0.02,0.108,0.086,258191,-1.1,0.089,0.01157
0.004,0.491,0.174,367050,7.2,0.8785,0.01505
0.084,0.119,0.184,988228,4.2,0.8593,0.02154
0.071,0.284,0.136,525239,3.0,0.9663,0.01151
0.017,0.661,0.1,704477,-2.1,0.0239,0.0067
0.064,0.721,0.197,508529,-3.5,0.0116,0.02175
0.085,0.597,0.172,638317,2.0,1.1022,0.01126
0.024,0.677,0.137,739222,4.8,0.7847,0.00875
0.02,0.442,0.075,536721,9.0,1.0895,0.02504
0.014,0.301,0.073,656404,-2.7,-0.1578,0.00818
0.01,0.152,0.193,544353,1.0,0.1572,0.00864
0.081,0.638,0.102,105671,12.2,1.6815,0.06524
0.018,0.167,0.148,559475,3.3,0.5319,0.00931
0.059,0.47,0.077,530808,8.5,1.3616,0.02142
0.071,0.433,0.141,826528,3.5,1.0869,0.00872
0.055,0.24,0.116,980210,-2.0,0.3483,0.00909
0.027,0.42,0.141,472209,-3.6,-0.0471,0.00925
0.05,0.129,0.132,500844,13.1,1.5885,0.03103
0.034,0.36,0.199,445592,14.7,1.3505,0.04054
0.099,0.574,0.075,917456,3.4,1.6212,0.00795
0.082,0.78,0.106,789627,11.9,1.8449,0.05112
0.053,0.443,0.195,118083,10.9,1.3282,0.03589
0.05,0.549,0.184,887372,10.4,1.345,0.02114
0.07,0.566,0.08,223252,9.7,1.4451,0.04072
0.019,0.195,0.072,414296,-1.7,0.0068,0.00928
0.004,0.622,0.159,504466,4.6,0.5182,0.0096
0.063,0.141,0.167,364213,13.3,1.5617,0.03837
0.066,0.745,0.178,367341,8.3,1.2925,0.02374
0.015,0.469,0.096,502564,7.5,0.9341,0.01583
0.023,0.673,0.088,356998,9.3,1.17,0.03005
0.097,0.774,0.155,318126,0.2,0.6828,0.04425
0.01,0.212,0.152,127362,1.3,0.3886,0.01639
0.09,0.22,0.104,314636,9.8,1.7829,0.02944
0.069,0.176,0.172,795769,2.0,0.6966,0.01378
0.027,0.185,0.109,124679,-1.1,0.1018,0.01347
0.067,0.405,0.146,166608,9.2,1.564,0.02447
0.014,0.148,0.161,345306,12.6,1.2185,0.02475
0.015,0.441,0.171,975412,5.5,0.7187,0.0087
0.027,0.272,0.099,728268,4.6,0.8169,0.0083
0.012,0.629,0.122,820059,9.7,1.115,0.01592
0.063,0.451,0.136,590669,-0.6,0.6582,0.00865
0.038,0.139,0.132,212555,3.4,0.7632,0.01486
0.078,0.478,0.15,250641,5.6,1.3785,0.01597
0.079,0.134,0.089,115346,-4.4,0.2212,0.05892
0.025,0.198,0.071,647179,-1.7,0.0918,0.00802
0.089,0.225,0.109,732751,0.7,0.8919,0.01447
0.037,0.137,0.145,116450,1.6,0.6883,0.01539
0.082,0.263,0.182,818015,9.4,1.4836,0.02285
0.098,0.731,0.093,686570,10.0,1.7701,0.05281
0.093,0.392,0.075,743309,4.0,1.3966,0.00987
0.03,0.209,0.082,885361,0.7,0.3649,0.00592
0.031,0.702,0.119,928358,-4.8,-0.0966,0.00932
0.038,0.374,0.077,410658,-0.8,0.3509,0.0076
0.072,0.239,0.097,488141,14.4,1.7554,0.0387
0.021,0.612,0.189,942502,2.1,0.3785,0.00774
0.095,0.366,0.15,103673,10.5,0.8303,0.1471
0.063,0.235,0.084,342155,5.0,1.1252,0.01439
0.013,0.286,0.162,279037,10.7,1.1015,0.02095
0.003,0.569,0.194,482283,-0.2,0.0185,0.00889
0.013,0.162,0.171,465985,-3.7,-0.2203,0.00886
0.041,0.14,0.18,651870,-3.1,0.1228,0.01116
0.031,0.228,0.178,343591,8.4,1.1292,0.01763
0.064,0.729,0.107,530185,4.4,1.2076,0.01282
0.075,0.76,0.195,422920,6.7,1.2235,0.02279
0.013,0.557,0.19,459393,8.7,1.0078,0.01568
0.057,0.4,0.163,807129,1.9,0.7127,0.00862
0.074,0.779,0.098,874350,-0.3,0.6633,0.03014
0.098,0.198,0.198,823228,2.5,0.8017,0.01898
0.096,0.377,0.18,971364,6.1,1.3985,0.01664
0.077,0.438,0.114,740506,10.9,1.6157,0.02564
0.033,0.648,0.173,202032,13.5,1.2504,0.03948
0.024,0.285,0.133,120728,5.7,0.9262,0.01875
0.029,0.341,0.145,599353,-4.5,-0.1244,0.00944
0.043,0.671,0.17,697853,3.8,0.7752,0.00978
0.088,0.354,0.151,953792,-3.4,0.5151,0.00961
0.092,0.273,0.177,377819,13.3,1.8161,0.03801
0.016,0.549,0.108,360090,9.6,1.0792,0.0227
0.017,0.439,0.173,605489,-3.8,-0.1592,0.00878
0.023,0.145,0.08,451345,-4.6,-0.3334,0.03367
0.032,0.165,0.104,472790,-2.5,0.0873,0.01091
0.087,0.451,0.101,744478,-2.5,0.7378,0.00859
0.025,0.103,0.138,116670,14.9,0.7166,0.16808
0.072,0.605,0.072,704551,11.7,1.6451,0.05134
0.058,0.518,0.096,121513,-2.5,0.1132,0.0294
0.029,0.137,0.151,873655,7.1,1.0843,0.01284
0.039,0.73,0.087,733340,-3.6,0.0337,0.01302
0.032,0.276,0.138,205325,-0.2,0.3529,0.01067
0.02,0.157,0.137,121002,6.5,0.9394,0.02177
0.0,0.735,0.188,159682,13.8,1.1008,0.03815
0.004,0.764,0.19,504345,2.4,0.2418,0.00891
0.046,0.69,0.148,430145,14.1,1.4491,0.04282
0.09,0.539,0.106,148848,0.7,0.6741,0.04347
0.035,0.158,0.095,819318,14.9,1.5371,0.03523
0.02,0.601,0.175,352589,14.3,1.2294,0.03854
0.033,0.488,0.148,994680,10.5,1.2799,0.01726
0.082,0.157,0.177,574349,7.7,1.0976,0.02632
0.04,0.316,0.126,259019,13.7,1.3297,0.04495
0.005,0.271,0.106,358527,-3.7,-0.4396,0.01056
0.079,0.466,0.194,578165,8.5,1.4553,0.01961
0.09,0.328,0.076,604420,-0.0,0.9146,0.01143
0.086,0.244,0.172,484841,14.7,1.8342,0.041
0.054,0.51,0.189,550917,2.3,0.7365,0.00984
0.021,0.196,0.102,561145,-4.9,-0.329,0.01233
0.053,0.638,0.142,659844,12.1,1.4591,0.02993
0.022,0.124,0.124,487756,-4.2,-0.1915,0.01231
0.001,0.712,0.135,201227,-2.2,-0.3265,0.01217
0.053,0.346,0.126,113069,-1.9,0.2872,0.02179
0.003,0.631,0.159,902430,9.3,1.0745,0.01417
0.012,0.388,0.167,595232,10.9,1.1376,0.01801
0.07,0.324,0.174,770587,8.4,1.3992,0.01632
0.052,0.41,0.183,557627,-4.6,0.1072,0.0104
0.09,0.121,0.073,549074,11.1,1.7704,0.04176
0.014,0.763,0.189,790624,13.9,1.2864,0.026
0.016,0.688,0.127,148827,4.1,0.7178,0.01262
0.023,0.402,0.173,849162,-3.6,-0.0878,0.00819
0.019,0.278,0.192,608095,6.1,0.7961,0.01174
0.033,0.594,0.165,586037,0.9,0.5092,0.00764
0.051,0.288,0.149,197523,7.1,1.2533,0.02022
0.059,0.438,0.105,605224,7.4,1.3602,0.01164
0.006,0.397,0.086,667985,7.3,0.8485,0.01418
0.018,0.225,0.102,786061,10.7,1.2274,0.01883
0.063,0.725,0.159,606693,-2.5,0.2352,0.02073
0.024,0.703,0.135,354183,3.8,0.6825,0.00916
0.058,0.531,0.168,593946,-1.0,0.5862,0.00876
0.016,0.127,0.165,881575,3.6,0.4662,0.00801
0.006,0.692,0.095,604302,-2.4,-0.207,0.00715
0.037,0.613,0.182,705472,1.0,0.5072,0.00762
0.074,0.232,0.117,557641,6.7,1.3232,0.01558
0.033,0.168,0.199,565868,3.1,0.4901,0.01015
0.048,0.152,0.176,174061,-4.9,-0.036,0.02649
0.044,0.395,0.102,866044,0.0,0.5024,0.00674
0.015,0.409,0.141,870045,2.7,0.4315,0.00653
0.089,0.197,0.18,600668,9.8,1.4629,0.03061
0.025,0.734,0.085,902883,0.7,0.4971,0.00502
0.047,0.484,0.184,174383,8.8,1.2465,0.02118
0.088,0.315,0.192,356067,10.9,1.6628,0.02939
0.038,0.767,0.103,431118,10.5,1.4082,0.02951
0.073,0.19,0.081,189725,6.6,1.353,0.02485
0.061,0.61,0.149,777509,3.7,1.0731,0.00828
0.02,0.647,0.136,818373,13.3,1.342,0.02558
0.019,0.758,0.105,148058,11.0,1.1466,0.05634
0.077,0.338,0.195,381956,11.3,1.6341,0.02664
0.058,0.521,0.112,901611,6.1,1.2464,0.00983
0.035,0.696,0.135,266069,7.1,1.0457,0.0154
0.008,0.3,0.099,169086,1.6,0.4122,0.00991
0.037,0.193,0.165,217048,-0.1,0.3389,0.01118
0.018,0.159,0.183,658486,8.8,1.1091,0.01536
0.072,0.452,0.185,820950,7.1,1.3357,0.01421
0.099,0.581,0.094,312415,12.9,1.6685,0.07718
0.047,0.587,0.115,926734,5.6,1.0905,0.0098
0.099,0.424,0.093,748015,4.1,1.4498,0.01023
0.026,0.777,0.178,463575,6.0,0.7727,0.01227
0.036,0.327,0.106,408385,12.4,1.319,0.03285
0.065,0.457,0.183,603226,9.2,1.4131,0.01818
0.08,0.662,0.183,631471,6.2,1.2135,0.01943
0.085,0.428,0.085,776330,-3.7,0.5727,0.00966
0.072,0.397,0.161,949679,14.8,1.7217,0.04398
0.012,0.393,0.126,946270,9.4,1.1129,0.01455
0.002,0.631,0.075,912622,-1.6,-0.1527,0.00517
0.025,0.457,0.073,271360,-2.4,-0.0486,0.01134
0.094,0.691,0.178,620455,11.7,1.6482,0.04389
0.07,0.772,0.115,504420,9.7,1.5849,0.03539
0.015,0.777,0.114,678131,4.8,0.7227,0.00942
0.063,0.125,0.169,833541,1.3,0.6089,0.01481
0.067,0.387,0.081,450037,9.7,1.4613,0.02561
0.041,0.103,0.157,939629,3.8,0.6991,0.01289
0.031,0.617,0.115,781675,13.5,1.4242,0.03061
0.014,0.455,0.191,718805,0.7,0.2018,0.00799
0.031,0.572,0.1,551883,8.7,1.1629,0.01843
0.003,0.668,0.149,809255,13.1,1.2209,0.022
0.015,0.47,0.162,235247,4.5,0.8003,0.01344
0.052,0.544,0.128,105763,-2.9,-0.1038,0.03219
0.089,0.376,0.1,437304,3.5,1.2688,0.01174
0.001,0.786,0.119,728232,10.1,1.0609,0.01767
0.056,0.284,0.161,390567,3.4,0.9097,0.01268
0.033,0.674,0.165,998673,1.0,0.489,0.00668
0.003,0.697,0.126,763976,-4.8,-0.4879,0.00895
0.045,0.698,0.157,514086,11.9,1.3805,0.0277
0.009,0.725,0.175,701399,12.3,1.1854,0.02046
0.002,0.14,0.101,518282,-4.9,-0.6177,0.01138
0.076,0.558,0.087,130342,8.4,1.4202,0.03166
0.085,0.531,0.18,143945,-4.0,-0.0676,0.04605
0.033,0.274,0.173,524428,-4.7,-0.0943,0.01061
0.065,0.697,0.127,419034,1.0,0.6678,0.02278
0.03,0.424,0.122,560797,12.6,1.3065,0.02924
0.061,0.338,0.126,984680,9.4,1.5126,0.01257
0.082,0.543,0.114,550998,11.2,1.5739,0.03933
0.066,0.36,0.159,859400,5.0,1.1287,0.01065
0.012,0.341,0.182,849279,11.2,1.1846,0.01698
0.065,0.538,0.116,544520,-3.6,0.4326,0.00957
0.039,0.511,0.082,720672,-2.2,0.2668,0.00687
0.04,0.556,0.146,466650,0.3,0.5417,0.00831
0.082,0.411,0.071,903017,0.5,0.9712,0.00758
0.068,0.794,0.079,450206,4.0,1.2147,0.02007
0.032,0.604,0.128,295077,11.5,1.2349,0.02997
0.005,0.618,0.17,249437,4.9,0.6316,0.0139
0.095,0.361,0.153,404465,1.6,0.9876,0.01453
0.083,0.482,0.14,845454,14.3,1.6726,0.05389
0.087,0.39,0.157,365552,13.9,1.8287,0.03696
0.095,0.373,0.193,709254,9.9,1.6484,0.02541
0.09,0.529,0.19,620820,5.6,1.262,0.01573
0.033,0.222,0.112,854786,-2.5,0.0927,0.00815
0.053,0.142,0.141,968226,7.6,1.2014,0.01499
0.089,0.384,0.103,464299,3.4,1.2593,0.01134
0.091,0.175,0.135,621046,-0.2,0.7294,0.02582
0.008,0.557,0.077,646387,0.5,0.1901,0.00454
0.092,0.516,0.165,763204,10.0,1.6757,0.02557
0.09,0.576,0.141,732251,-3.5,0.7584,0.00962
0.034,0.675,0.197,922993,11.0,1.2588,0.02032
0.067,0.338,0.182,181229,9.6,1.4955,0.02874
0.047,0.689,0.078,154700,1.5,0.4371,0.0239
0.046,0.463,0.124,471573,-3.0,0.2366,0.00915
0.07,0.311,0.111,212250,12.3,1.742,0.02765
0.026,0.45,0.15,912290,9.0,1.1466,0.01353
0.021,0.761,0.146,652243,5.1,0.7359,0.00966
0.036,0.322,0.172,902227,13.8,1.4652,0.02731
0.0,0.199,0.187,933865,12.8,1.2041,0.01975
0.034,0.445,0.149,748585,-4.2,-0.0226,0.00845
0.092,0.56,0.139,556652,8.5,1.6373,0.02048
0.023,0.309,0.125,688388,7.4,1.0567,0.01131
0.076,0.386,0.132,949897,6.8,1.4097,0.01135
0.079,0.333,0.093,348712,-4.7,0.3147,0.04643
0.096,0.342,0.132,714272,-0.5,0.8435,0.01142
0.031,0.767,0.17,264908,-0.9,0.099,0.01528
0.006,0.495,0.19,461652,-1.3,-0.0405,0.00898
0.052,0.684,0.181,754199,11.9,1.4218,0.028
0.004,0.554,0.18,535753,14.6,1.1905,0.03319
0.09,0.376,0.083,955328,-4.8,0.4633,0.01549
0.076,0.428,0.162,800189,2.0,0.9039,0.01013
0.026,0.299,0.184,146039,14.5,1.2819,0.04248
0.044,0.352,0.171,367031,13.7,1.4484,0.03326
0.054,0.368,0.114,115685,-0.1,0.5688,0.01539
0.087,0.632,0.119,364714,11.7,1.6203,0.05137
0.04,0.184,0.103,719806,3.3,0.7778,0.00932
0.065,0.536,0.18,102493,4.3,0.5884,0.05079
0.042,0.553,0.119,258275,7.2,1.1446,0.01475
0.095,0.306,0.141,744677,8.2,1.5715,0.01868
0.027,0.332,0.098,171724,11.0,1.2412,0.03841
0.012,0.172,0.116,275768,0.8,0.2724,0.00886
0.032,0.686,0.123,624332,14.6,1.4411,0.03994
0.078,0.349,0.123,480586,11.5,1.7441,0.0213
0.081,0.603,0.2,784947,14.8,1.6667,0.05651
0.037,0.711,0.132,145431,11.0,1.272,0.03539
0.065,0.206,0.096,364330,0.4,0.653,0.01664
0.052,0.68,0.086,283225,12.1,1.4337,0.07006
0.098,0.597,0.115,330542,-4.1,0.0442,0.06327
0.037,0.495,0.115,312289,6.2,1.0603,0.01175
0.05,0.187,0.156,570543,13.1,1.5549,0.02628
0.055,0.493,0.196,132053,9.3,1.2937,0.02798
0.078,0.346,0.095,245490,0.5,0.8626,0.01289
0.082,0.671,0.18,274977,5.3,1.1333,0.02333
0.056,0.386,0.119,946416,7.6,1.3456,0.01035
0.041,0.743,0.135,549158,6.1,1.0358,0.0132
0.093,0.553,0.186,628183,-0.6,0.8939,0.0111
0.076,0.554,0.087,844955,8.6,1.4902,0.02465
0.005,0.147,0.129,467770,5.1,0.6892,0.01103
0.051,0.18,0.199,935192,-0.1,0.3852,0.01052
0.019,0.395,0.099,493789,9.0,1.0796,0.01881
0.056,0.223,0.178,366915,10.5,1.4088,0.02398
0.084,0.347,0.085,202916,8.5,1.7116,0.02204
0.038,0.739,0.103,694938,6.0,1.0745,0.01377
0.021,0.472,0.175,537930,8.8,1.0619,0.01469
0.062,0.59,0.085,727025,-0.9,0.7467,0.00723
0.053,0.569,0.098,941873,-3.7,0.3126,0.00733
0.094,0.194,0.166,739705,11.8,1.6529,0.036
0.008,0.773,0.123,361163,4.6,0.6678,0.01067
0.075,0.416,0.161,684443,14.6,1.7141,0.04497
0.086,0.139,0.118,173771,6.1,1.3213,0.03289
0.057,0.692,0.187,344783,6.3,1.0337,0.017
0.041,0.684,0.185,865251,7.0,0.9359,0.01331
0.001,0.389,0.079,501617,9.5,0.9202,0.03297
0.094,0.295,0.125,794103,9.3,1.6835,0.01905
0.043,0.44,0.117,254241,5.7,1.0934,0.01226
0.052,0.584,0.147,978228,-0.4,0.6457,0.00658
0.084,0.297,0.082,149014,-2.9,0.4669,0.04157
0.087,0.548,0.181,600376,0.4,0.9483,0.01075
0.06,0.208,0.173,620147,6.6,1.1172,0.016
0.061,0.37,0.13,697850,-3.2,0.3356,0.00895
0.1,0.465,0.154,781009,14.6,1.8583,0.05396
0.027,0.575,0.154,911491,13.6,1.3943,0.02692
0.021,0.263,0.184,825716,1.5,0.2926,0.00777
0.033,0.376,0.073,489475,3.8,0.7807,0.00778
0.075,0.797,0.124,307732,10.4,1.5921,0.04428
0.077,0.687,0.159,488229,2.8,0.9522,0.02004
0.081,0.633,0.093,304642,-1.6,0.5096,0.03103
0.03,0.128,0.171,787231,3.0,0.5266,0.0089
0.029,0.482,0.155,428845,1.4,0.468,0.00803
0.028,0.384,0.091,290589,-3.5,-0.1165,0.01307
0.099,0.282,0.137,820811,14.4,1.9987,0.03504
0.059,0.141,0.125,127071,6.1,1.1467,0.02796
0.015,0.223,0.1,357735,12.1,1.1904,0.03152
0.023,0.452,0.168,476331,11.7,1.2053,0.02291
0.086,0.556,0.191,639526,-3.2,0.5839,0.01062
0.01,0.423,0.192,576390,0.2,0.1153,0.00845
0.077,0.455,0.164,350887,4.9,1.2583,0.0136
0.024,0.792,0.108,983155,7.8,1.1351,0.01397
0.059,0.649,0.12,169790,-3.7,-0.1815,0.0301
0.011,0.571,0.172,124333,7.7,0.9718,0.02167
0.03,0.115,0.142,567905,9.7,1.1893,0.01837
0.06,0.684,0.087,548789,2.9,1.1297,0.00886
0.051,0.311,0.156,440660,-2.2,0.3095,0.01058
0.076,0.141,0.183,311589,-3.4,0.3989,0.02869
0.022,0.273,0.092,929807,-3.6,-0.1298,0.00791
0.058,0.253,0.099,954492,10.2,1.5826,0.01325
0.066,0.341,0.087,133778,1.3,0.8347,0.01338
0.026,0.409,0.161,956201,5.5,0.9271,0.00908
0.071,0.606,0.159,682370,10.4,1.4753,0.02719
0.077,0.205,0.14,204061,10.7,1.6503,0.03734
0.018,0.367,0.191,397216,2.4,0.3652,0.00977
0.078,0.304,0.151,324636,0.8,0.7671,0.01433
0.058,0.514,0.13,915377,6.4,1.2458,0.00999
0.05,0.468,0.114,991020,14.9,1.5459,0.0445
0.099,0.388,0.178,578930,0.8,0.8798,0.01372
0.085,0.255,0.16,509315,4.8,1.0742,0.01763
0.033,0.375,0.125,167936,14.3,1.2953,0.05211
0.037,0.582,0.109,157031,1.7,0.5029,0.01835
0.059,0.207,0.136,872907,-0.9,0.4708,0.01058
0.083,0.557,0.103,600099,5.7,1.5267,0.01022
0.038,0.531,0.15,740785,13.3,1.4145,0.03039
0.032,0.495,0.192,548941,12.7,1.283,0.02855
0.071,0.357,0.148,269511,1.1,0.814,0.01347
0.073,0.332,0.136,965313,12.8,1.7957,0.02234
0.038,0.294,0.181,398701,-2.0,0.1895,0.01042
0.058,0.601,0.087,788943,3.6,1.1461,0.00659
0.014,0.408,0.147,541924,-0.4,0.1153,0.0071
0.083,0.161,0.177,583972,7.3,1.078,0.0255
0.039,0.372,0.08,494781,8.8,1.2359,0.01994
0.098,0.175,0.139,379642,2.1,0.9219,0.02613
0.072,0.556,0.091,698199,13.7,1.6634,0.05173
0.003,0.613,0.078,153719,2.8,0.426,0.00942
0.068,0.674,0.138,508770,9.3,1.4308,0.02556
0.005,0.577,0.19,420536,-4.1,-0.3022,0.01026
0.06,0.505,0.162,363248,13.9,1.4821,0.04536
0.071,0.698,0.15,884238,5.3,1.2004,0.01531
0.07,0.112,0.193,706934,8.6,0.9553,0.02991
0.08,0.12,0.143,847682,6.8,1.1597,0.02172
0.081,0.773,0.149,759535,-4.2,0.113,0.03107
0.089,0.209,0.162,328999,2.1,0.8345,0.02139
0.086,0.792,0.156,199082,10.7,1.6047,0.04345
0.027,0.772,0.196,155185,8.2,0.9826,0.02052
0.076,0.206,0.089,697151,2.9,1.0135,0.01327
0.073,0.105,0.071,553378,3.8,1.0419,0.02216
0.001,0.457,0.196,106955,13.8,1.1021,0.04565
0.045,0.403,0.181,390646,14.1,1.4207,0.03918
0.056,0.463,0.096,104458,12.6,1.4971,0.06046
0.092,0.467,0.143,463609,-3.0,0.7156,0.01116
0.055,0.488,0.153,870097,5.9,1.1585,0.00956
0.022,0.222,0.131,156970,8.4,1.105,0.02095
0.031,0.396,0.174,299703,11.8,1.2481,0.02543
0.028,0.266,0.13,840275,12.2,1.3688,0.02053
0.062,0.599,0.085,607797,6.9,1.2976,0.01877
0.065,0.74,0.116,942286,7.6,1.4123,0.02206
0.085,0.449,0.108,807914,4.0,1.3267,0.00887
0.027,0.59,0.198,147681,13.0,1.202,0.03599
0.059,0.436,0.139,836981,3.5,1.0066,0.00798
0.078,0.61,0.103,552544,6.5,1.4538,0.01509
0.037,0.438,0.163,958135,12.4,1.3935,0.02365
0.028,0.302,0.159,984788,13.0,1.3995,0.02198
0.046,0.353,0.095,340930,0.5,0.5897,0.00747
0.014,0.654,0.101,805125,5.4,0.7743,0.01031
0.089,0.247,0.103,645338,-4.5,0.3858,0.0489
0.099,0.292,0.146,627748,11.0,1.7947,0.02591
0.053,0.532,0.189,120700,7.6,1.1511,0.02587
0.079,0.543,0.106,558098,8.5,1.5273,0.0206
0.076,0.115,0.115,888465,2.0,0.8741,0.01937
0.041,0.347,0.086,915634,-3.3,0.1127,0.00795
0.029,0.521,0.139,363375,12.4,1.2455,0.03077
0.078,0.117,0.081,145916,5.2,1.1757,0.02241
0.016,0.546,0.159,439507,12.5,1.1912,0.02606
0.046,0.711,0.145,423779,3.9,0.9121,0.01055
0.092,0.561,0.108,411454,8.5,1.6747,0.02175
0.07,0.257,0.189,939221,12.1,1.5948,0.02666
0.001,0.24,0.143,986805,10.8,1.1655,0.01614
0.085,0.673,0.131,550348,1.6,0.918,0.02608
0.033,0.37,0.163,809969,-3.7,-0.0017,0.00848
0.003,0.181,0.139,673253,8.5,1.0288,0.0142
0.055,0.747,0.124,320962,14.5,1.6073,0.05948
0.089,0.374,0.149,152535,12.2,1.5597,0.05988
0.074,0.542,0.105,608719,-4.4,0.4584,0.00997
0.086,0.489,0.108,252037,6.5,1.6252,0.01615
0.025,0.172,0.178,363757,-0.8,0.1384,0.00923
0.086,0.552,0.167,751892,-4.7,0.5189,0.00969
0.059,0.605,0.108,874771,1.5,0.9828,0.00639
0.073,0.159,0.07,384446,8.3,1.5096,0.02423
0.037,0.717,0.176,155760,-4.3,-0.4261,0.02672
0.022,0.1,0.106,203961,5.2,0.7798,0.01623
0.065,0.593,0.1,389654,7.9,1.3465,0.02198
0.049,0.718,0.166,425069,2.0,0.6264,0.01249
0.054,0.158,0.1,909426,10.0,1.4846,0.01629
0.011,0.27,0.177,821868,-3.4,-0.2006,0.0078
0.026,0.182,0.13,462691,4.9,0.86,0.01159
0.023,0.607,0.158,869276,10.0,1.1656,0.01586
0.0,0.546,0.073,702181,9.3,0.8745,0.03678
0.02,0.796,0.157,443571,11.7,1.2033,0.02282
0.063,0.587,0.153,441728,6.5,1.2453,0.01339
0.055,0.107,0.097,187711,6.0,1.1033,0.02583
0.064,0.447,0.125,262153,7.7,1.4397,0.0156
0.02,0.351,0.139,617241,11.9,1.2476,0.02167
0.041,0.227,0.154,507542,5.7,1.0122,0.01298
0.086,0.773,0.103,180928,3.8,1.0237,0.05112
0.073,0.205,0.124,855507,14.2,1.8408,0.02795
0.035,0.194,0.114,181805,1.0,0.5583,0.01063
0.009,0.732,0.146,637474,0.6,0.1944,0.00673
0.027,0.776,0.141,983941,13.4,1.446,0.02493
0.028,0.405,0.105,600302,6.7,1.0061,0.01182
0.083,0.521,0.169,786442,-1.6,0.7473,0.00877
0.032,0.512,0.125,832885,5.5,0.9624,0.00908
0.072,0.602,0.102,880716,-2.4,0.7255,0.0076
0.024,0.668,0.143,915705,-4.2,-0.0885,0.00769
0.062,0.648,0.168,191357,1.5,0.5175,0.02816
0.014,0.327,0.157,970393,-3.3,-0.1636,0.00748
0.037,0.497,0.135,939587,13.9,1.4608,0.03178
0.029,0.744,0.186,807742,5.5,0.7329,0.0107
0.007,0.469,0.088,848320,11.4,1.192,0.02268
0.005,0.508,0.103,988651,10.7,1.1488,0.01753
0.035,0.277,0.165,765441,-0.8,0.2528,0.00786
0.081,0.707,0.075,343408,5.8,1.3677,0.02951
0.037,0.799,0.076,838516,-3.0,0.0101,0.01503
0.078,0.757,0.091,444130,6.2,1.4024,0.02964
0.075,0.558,0.144,362103,11.3,1.5488,0.03261
0.056,0.484,0.107,986231,13.4,1.5563,0.03589
0.035,0.517,0.121,143686,12.2,1.3075,0.04223
0.006,0.213,0.134,876997,-1.3,-0.0673,0.00603
0.091,0.573,0.075,549860,9.7,1.5979,0.04287
0.054,0.334,0.193,109002,7.5,1.1233,0.0359
0.03,0.619,0.131,980131,11.4,1.3294,0.01987
0.041,0.59,0.122,570920,-3.1,0.208,0.00883
0.028,0.364,0.184,857653,5.5,0.8713,0.0098
0.039,0.42,0.125,936672,-1.5,0.2995,0.00698
0.018,0.242,0.195,972906,-0.4,0.1072,0.00762
0.034,0.174,0.14,873388,13.0,1.5255,0.01838
0.058,0.373,0.172,311790,6.9,1.2556,0.01606
0.048,0.277,0.127,125368,14.4,1.4894,0.04563
0.04,0.403,0.179,328504,3.3,0.8759,0.01219
0.004,0.553,0.147,291543,6.3,0.8663,0.01445
0.035,0.755,0.132,896870,14.6,1.5426,0.03496
0.089,0.716,0.176,540991,-1.6,0.4278,0.03057
0.049,0.114,0.104,163802,4.4,0.8962,0.02003
0.034,0.394,0.101,364254,9.5,1.1927,0.02172
0.092,0.502,0.078,638838,14.7,1.6961,0.08542
0.036,0.103,0.095,405156,9.1,1.2486,0.02195
0.075,0.62,0.11,519110,8.0,1.4465,0.02227
0.019,0.292,0.146,504686,6.8,1.0139,0.01181
0.088,0.766,0.129,325215,10.1,1.6423,0.04639
0.087,0.467,0.175,207538,5.9,1.3858,0.02129
0.05,0.54,0.113,259849,8.6,1.2619,0.0203
0.019,0.542,0.096,320558,7.6,0.9628,0.01888
0.075,0.794,0.133,898536,-0.6,0.6321,0.02734
0.059,0.703,0.164,599267,13.2,1.5275,0.03715
0.016,0.153,0.089,717929,-0.8,0.0813,0.00545
0.021,0.376,0.144,493842,-4.8,-0.2425,0.01009
0.003,0.358,0.123,865729,11.4,1.1625,0.01897
0.044,0.385,0.176,930832,9.6,1.3243,0.01426
0.04,0.509,0.186,344573,14.1,1.3363,0.04191
0.014,0.712,0.192,733895,10.1,1.0733,0.01598
0.097,0.394,0.175,466324,11.0,1.7826,0.02687
0.041,0.486,0.116,679991,-2.6,0.2373,0.00757
0.094,0.773,0.099,379192,10.8,1.7445,0.06171
0.044,0.512,0.094,571635,8.2,1.2262,0.01797
0.075,0.236,0.142,711921,-3.8,0.3504,0.01231
0.011,0.55,0.162,760145,9.1,1.0618,0.01417
0.053,0.343,0.147,194494,13.8,1.5315,0.03616
0.093,0.442,0.163,301002,8.6,1.6676,0.02145
0.066,0.688,0.096,680813,7.9,1.4206,0.02373
0.099,0.391,0.081,322171,-3.8,0.5368,0.04301
0.02,0.42,0.172,460083,-1.1,0.1168,0.00862
0.014,0.306,0.187,621463,3.3,0.3815,0.00859
0.077,0.451,0.152,337338,0.1,0.852,0.01195
0.019,0.267,0.186,684451,11.6,1.2392,0.0184
0.012,0.729,0.133,293180,-4.5,-0.5005,0.01386
0.014,0.414,0.15,368585,-4.0,-0.2478,0.01046
0.029,0.771,0.115,832861,-1.7,0.1617,0.00935
0.025,0.531,0.135,436353,1.9,0.5344,0.00731
0.066,0.282,0.157,483395,-4.5,0.2252,0.01252
0.084,0.281,0.165,930744,8.8,1.5096,0.01934
0.057,0.474,0.097,791281,-4.3,0.2334,0.00861
0.047,0.482,0.111,630929,-1.1,0.4646,0.0073
0.019,0.364,0.144,200470,10.9,1.1076,0.02541
0.002,0.628,0.092,599992,10.0,1.0272,0.02209
0.031,0.43,0.14,105725,6.7,1.0607,0.0205
0.07,0.425,0.081,398979,2.5,1.0578,0.00867
0.083,0.646,0.092,315994,7.5,1.4662,0.0286
0.06,0.232,0.104,179039,11.7,1.6991,0.03214
0.037,0.121,0.139,820666,10.9,1.3372,0.01892
0.039,0.123,0.115,625777,1.0,0.4724,0.01165
0.022,0.542,0.084,639502,3.8,0.6935,0.00789
0.054,0.611,0.185,453650,-1.1,0.4324,0.01148
0.098,0.101,0.107,359906,3.6,1.1388,0.03038
0.072,0.145,0.149,605314,7.2,1.1373,0.02102
0.098,0.438,0.198,700489,-3.3,0.5339,0.01129
0.057,0.229,0.096,696831,5.1,1.0889,0.01111
0.098,0.204,0.087,411803,-0.1,0.8347,0.02977
0.073,0.285,0.128,640324,14.7,1.8588,0.03072
0.006,0.499,0.19,653321,-0.9,-0.0086,0.00814
0.011,0.725,0.15,903915,-1.3,0.0489,0.0061
0.099,0.503,0.194,771546,-3.9,0.5782,0.01039
0.067,0.456,0.174,746539,-3.1,0.4019,0.00899
0.091,0.328,0.179,569389,-3.0,0.4921,0.01223
0.041,0.375,0.132,415970,2.0,0.7424,0.0088
0.062,0.636,0.174,584380,12.4,1.4802,0.03454
0.012,0.207,0.09,716502,10.6,1.1728,0.01984
0.014,0.336,0.197,614651,-0.1,0.1068,0.00848
0.03,0.753,0.083,117044,1.7,0.265,0.01825
0.066,0.266,0.18,851121,11.2,1.5411,0.02212
0.069,0.766,0.196,618996,5.5,1.0749,0.01875
0.061,0.288,0.092,542011,7.9,1.4128,0.01362
0.034,0.119,0.164,279923,1.2,0.4451,0.01081
0.004,0.619,0.184,575912,8.3,0.9126,0.01415
0.007,0.732,0.154,354195,12.3,1.1091,0.02628
0.07,0.731,0.153,179837,5.5,1.1146,0.02471
0.035,0.66,0.137,122829,11.2,1.2353,0.03583
0.086,0.276,0.092,189259,2.5,1.0815,0.0187
0.087,0.692,0.075,964348,-0.6,0.9233,0.02045
0.007,0.192,0.126,820096,7.1,0.9307,0.01141
0.01,0.51,0.078,841175,1.3,0.3086,0.00471
0.054,0.316,0.091,620839,5.1,1.0975,0.00993
0.037,0.118,0.181,994226,9.5,1.1686,0.01833
0.055,0.153,0.133,698961,6.0,1.0937,0.01395
0.062,0.21,0.148,601265,12.4,1.6197,0.02473
0.048,0.534,0.158,689229,14.3,1.4856,0.0403
0.012,0.18,0.088,197849,5.0,0.6891,0.01273
0.092,0.153,0.129,835150,13.6,1.7959,0.03928
0.009,0.672,0.085,548533,8.2,0.9512,0.01862
0.095,0.298,0.124,180549,-5.0,0.4268,0.05614
0.042,0.314,0.087,855270,11.2,1.4355,0.02124
0.041,0.767,0.122,530550,-3.9,-0.1073,0.018
0.005,0.114,0.169,679877,1.8,0.2002,0.00753
0.018,0.416,0.074,980467,-3.9,-0.2155,0.0081
0.098,0.681,0.169,600868,-2.2,0.4586,0.03223
0.04,0.276,0.089,590938,-4.8,-0.0768,0.01254
0.007,0.112,0.08,641748,7.8,0.8975,0.01463
0.005,0.636,0.163,829402,-2.5,-0.1617,0.00703
0.031,0.317,0.133,900461,4.3,0.8939,0.00831
0.098,0.655,0.144,602972,7.3,1.5764,0.0249
0.064,0.383,0.072,550328,13.8,1.4842,0.06524
0.035,0.437,0.114,704708,9.6,1.2403,0.01751
0.02,0.352,0.187,191545,6.0,1.0469,0.01787
0.092,0.447,0.099,893328,1.0,1.1336,0.00832
0.032,0.204,0.175,139770,10.3,1.3285,0.03203
0.066,0.614,0.116,453820,10.4,1.4575,0.03182
0.038,0.214,0.172,838899,4.0,0.7836,0.01037
0.009,0.216,0.112,262464,9.7,1.0272,0.02363
0.059,0.756,0.155,679106,12.4,1.5697,0.03387
0.064,0.568,0.173,348927,10.7,1.4138,0.02725
0.065,0.793,0.171,632476,-2.8,0.18,0.0227
0.064,0.269,0.195,211821,13.2,1.6087,0.03986
0.057,0.706,0.13,318958,7.9,1.2869,0.02034
0.041,0.388,0.137,740772,8.2,1.2351,0.01176
0.021,0.756,0.187,492131,-0.7,0.1608,0.00824
0.027,0.335,0.182,860820,9.7,1.209,0.01395
0.058,0.229,0.14,441065,2.8,0.8616,0.01194
0.025,0.707,0.097,327697,5.8,0.9062,0.01459
0.075,0.343,0.133,626657,11.5,1.7153,0.02017
0.015,0.18,0.105,284348,6.3,0.8537,0.01323
0.065,0.438,0.123,930076,1.0,0.8334,0.00769
0.071,0.535,0.104,852071,14.8,1.667,0.05657
0.017,0.124,0.092,668563,3.8,0.6392,0.00887
0.003,0.132,0.127,978769,1.5,0.1702,0.00576
0.055,0.64,0.166,689531,10.8,1.3832,0.0249
0.054,0.231,0.126,167620,7.2,1.2671,0.02322
0.072,0.616,0.074,463966,9.4,1.5135,0.03619
0.048,0.11,0.172,975466,0.6,0.455,0.01236
0.012,0.596,0.131,219104,5.7,0.805,0.01342
0.086,0.745,0.185,506308,-0.1,0.5823,0.0277
0.027,0.638,0.127,716206,-4.3,-0.0802,0.0087
0.085,0.105,0.138,798236,13.6,1.5491,0.04594
0.079,0.487,0.079,986675,-3.1,0.623,0.00763
0.087,0.446,0.186,771326,12.1,1.7323,0.03202
0.012,0.143,0.139,454064,0.8,0.1853,0.00733
0.032,0.318,0.101,795270,-2.1,0.1397,0.00735
0.087,0.373,0.082,361295,11.9,1.6092,0.04784
0.018,0.701,0.13,264624,-4.9,-0.5174,0.01562
0.009,0.36,0.117,121426,0.6,0.3539,0.01429
0.009,0.376,0.162,394704,8.3,1.0346,0.01558
0.064,0.544,0.171,932804,2.6,0.9184,0.00835
0.05,0.29,0.112,187538,13.4,1.4247,0.04401
0.004,0.692,0.095,258271,-3.0,-0.4256,0.00996
0.052,0.489,0.186,968562,0.9,0.5846,0.00814
0.096,0.373,0.109,161311,-0.3,0.9512,0.01901
0.053,0.603,0.179,864302,10.6,1.3737,0.02314
0.024,0.246,0.164,335115,2.0,0.4436,0.01054
0.032,0.302,0.14,916444,-2.2,0.1222,0.00786
0.013,0.605,0.164,766648,13.6,1.2818,0.02533
0.064,0.472,0.192,163183,-0.3,0.4384,0.02251
0.1,0.425,0.143,532249,-1.1,0.8922,0.01111
0.004,0.393,0.08,212993,-4.6,-0.5029,0.01489
0.099,0.685,0.095,650660,8.6,1.6408,0.0443
0.059,0.38,0.084,769136,10.3,1.4763,0.02268
0.011,0.488,0.089,381913,2.6,0.4986,0.0071
0.022,0.565,0.115,480264,-0.8,0.2112,0.0071
0.064,0.516,0.155,708088,8.3,1.3754,0.01513
0.097,0.508,0.133,649958,14.6,1.7234,0.06821
0.052,0.252,0.147,260913,14.4,1.632,0.03307
0.037,0.593,0.18,902217,12.0,1.3469,0.0238
0.093,0.308,0.134,591312,-0.4,0.7983,0.0128
0.084,0.524,0.089,597448,11.2,1.6064,0.04265
0.088,0.234,0.159,401820,10.2,1.6061,0.02783
0.081,0.303,0.114,558869,0.4,0.8259,0.01176
0.083,0.337,0.12,908585,8.1,1.5624,0.01373
0.003,0.58,0.146,331212,10.6,1.0262,0.0216
0.09,0.625,0.165,392669,-2.4,0.3672,0.03021
0.048,0.192,0.09,818442,-3.6,0.1184,0.01291
0.073,0.149,0.14,433757,8.7,1.3635,0.02415
0.082,0.301,0.135,510530,-1.6,0.6284,0.01216
0.098,0.188,0.073,455487,10.7,1.9114,0.03109
0.065,0.77,0.169,258820,5.2,1.1326,0.01877
0.006,0.774,0.168,395328,-3.6,-0.3184,0.01037
0.027,0.449,0.109,632862,7.7,1.0662,0.01413
0.068,0.674,0.174,400473,14.9,1.5587,0.05553
0.08,0.578,0.117,498401,1.1,1.136,0.01054
0.029,0.151,0.091,477791,-4.1,-0.1471,0.01736
0.014,0.175,0.168,520212,11.4,1.2001,0.01849
0.038,0.522,0.173,914195,-0.0,0.4382,0.00724
0.05,0.294,0.141,697943,10.2,1.4463,0.01484
0.006,0.676,0.122,806852,6.1,0.8079,0.01076
0.031,0.569,0.183,667531,-0.1,0.36,0.00782
0.029,0.238,0.136,661595,8.8,1.2106,0.01268
0.056,0.259,0.12,604645,-4.0,0.1761,0.0116
0.04,0.381,0.093,661396,4.2,0.9034,0.00781
0.028,0.352,0.179,821766,-2.5,0.0523,0.00838
0.017,0.156,0.112,732547,-1.2,0.0492,0.00607
0.086,0.692,0.182,950027,-4.9,0.1596,0.02154
0.041,0.66,0.198,109325,8.3,1.1345,0.02515
0.046,0.415,0.16,480287,10.1,1.3441,0.0175
0.048,0.731,0.175,271220,11.5,1.3196,0.02998
0.043,0.391,0.091,906751,11.8,1.4532,0.02388
0.05,0.571,0.112,269875,8.0,1.2386,0.01852
0.094,0.644,0.199,829875,12.9,1.5934,0.04644
0.097,0.645,0.169,300655,10.0,1.6315,0.03511
0.019,0.191,0.157,106689,5.1,0.8857,0.02097
0.072,0.568,0.117,305850,6.3,1.424,0.01325
0.064,0.283,0.086,132863,5.1,1.179,0.01969
0.009,0.354,0.099,619900,5.8,0.7667,0.01121
0.065,0.199,0.173,295521,0.6,0.5834,0.01536
0.015,0.786,0.105,745156,7.1,0.9511,0.01342
0.081,0.107,0.118,405808,-2.6,0.4533,0.03905
0.011,0.477,0.078,355419,-4.5,-0.4575,0.01274
0.088,0.473,0.166,434333,-4.0,0.5435,0.01208
0.06,0.763,0.085,452780,6.8,1.3579,0.02482
0.083,0.203,0.094,791667,12.3,1.8502,0.02348
0.084,0.7,0.143,602428,11.5,1.6546,0.04291
0.056,0.459,0.102,825447,11.0,1.4634,0.02488
0.048,0.449,0.155,548453,-4.1,0.1394,0.00963
0.032,0.226,0.148,712406,8.7,1.1987,0.01306
0.061,0.342,0.185,322603,8.7,1.3718,0.01954
0.063,0.62,0.105,378182,6.9,1.3118,0.01643
0.031,0.774,0.075,302591,3.4,0.8054,0.00991
0.037,0.368,0.132,869905,0.3,0.4228,0.00665
0.046,0.632,0.195,378609,12.4,1.3262,0.03242
0.055,0.585,0.191,663795,6.2,0.9727,0.01349
0.064,0.782,0.127,223985,5.1,1.1467,0.02058
0.083,0.186,0.153,786635,14.5,1.8029,0.03904
0.056,0.658,0.136,883003,5.3,1.1022,0.01132
0.057,0.275,0.159,270509,-2.3,0.3545,0.01364
0.01,0.703,0.168,597242,11.2,1.1254,0.01877
0.006,0.258,0.182,371938,9.3,1.0669,0.01756
0.076,0.671,0.129,121292,2.4,0.6347,0.04875
0.086,0.26,0.132,418309,0.8,0.8266,0.01524
0.07,0.565,0.081,150578,5.7,1.3188,0.01943
0.095,0.351,0.097,327466,-0.1,0.9311,0.00348
0.049,0.286,0.191,135933,6.4,1.192,0.02555
0.065,0.192,0.099,115059,-4.5,0.0555,0.06155
0.092,0.299,0.133,661540,2.2,1.0171,0.01338
0.019,0.164,0.163,673381,14.9,1.4092,0.02925
0.045,0.481,0.099,446050,4.0,0.9742,0.00813
0.008,0.286,0.084,527244,6.0,0.7443,0.01253
0.004,0.486,0.179,749053,6.6,0.6949,0.01049
0.046,0.422,0.072,829355,0.1,0.5513,0.00581
0.086,0.558,0.178,576346,3.7,1.1873,0.01241
0.035,0.569,0.137,424703,11.0,1.255,0.02407
0.051,0.792,0.151,845279,-2.0,0.2664,0.01615
0.097,0.713,0.14,767429,7.3,1.5618,0.03075
0.092,0.149,0.119,359455,-0.1,0.739,0.03075
0.072,0.648,0.194,138842,13.2,1.5289,0.04508
0.051,0.478,0.186,438239,1.5,0.6571,0.01021
0.036,0.306,0.125,577963,0.8,0.4841,0.0072
0.002,0.731,0.121,783832,2.7,0.2993,0.00645
0.066,0.668,0.135,273447,2.7,0.827,0.0242
0.012,0.732,0.154,224607,-4.4,-0.5126,0.0162
0.056,0.339,0.182,829133,2.3,0.6301,0.00904
0.079,0.672,0.076,685597,11.0,1.7081,0.04558
0.041,0.109,0.081,297172,4.3,0.8263,0.01497
0.075,0.609,0.14,728367,1.2,1.098,0.00858
0.061,0.236,0.156,799374,13.1,1.6687,0.02432
0.022,0.728,0.163,322383,0.8,0.3147,0.00915
0.045,0.193,0.195,941953,-1.7,0.2405,0.00982
0.08,0.234,0.135,604101,10.6,1.6368,0.02252
0.097,0.747,0.154,523119,11.3,1.7452,0.05065
0.017,0.623,0.102,676791,-2.0,0.0342,0.00653
0.075,0.278,0.173,165949,2.7,0.9932,0.01892
0.088,0.378,0.082,237957,9.2,1.7634,0.02054
0.042,0.79,0.122,777471,9.2,1.3788,0.02028
0.071,0.606,0.113,433947,-2.8,0.4126,0.01774
0.083,0.337,0.151,723729,-3.8,0.4456,0.01062
0.042,0.496,0.178,799514,5.9,1.0199,0.01024
0.002,0.564,0.152,324499,-0.9,-0.0625,0.00864
0.056,0.446,0.104,351697,-1.9,0.4549,0.00993
0.05,0.453,0.106,290365,-3.9,0.145,0.01375
0.048,0.568,0.188,913683,14.8,1.5114,0.04136
0.018,0.512,0.111,783293,9.2,1.1155,0.01602
0.08,0.302,0.104,534246,-1.8,0.6247,0.01244
0.016,0.558,0.14,405959,9.2,1.0438,0.01712
0.061,0.599,0.123,725711,2.7,1.0964,0.00733
0.013,0.292,0.075,370866,0.5,0.2871,0.00597
0.044,0.512,0.138,129895,3.1,0.7878,0.01886
0.081,0.496,0.158,462949,-1.4,0.7724,0.01065
0.098,0.306,0.108,791440,-1.5,0.7975,0.0123
0.039,0.499,0.186,908462,2.9,0.6231,0.00822
0.027,0.783,0.167,188149,3.3,0.6318,0.0135
0.016,0.218,0.158,605919,7.2,1.0283,0.01254
0.087,0.562,0.199,377224,6.0,1.224,0.0191
0.024,0.286,0.151,610996,12.6,1.3216,0.02277
0.047,0.499,0.182,726774,-2.9,0.2484,0.00856
0.084,0.298,0.176,971150,13.9,1.8467,0.03291
0.009,0.426,0.114,652681,3.4,0.5232,0.00759
0.063,0.284,0.125,861628,-4.8,0.1634,0.0104
0.085,0.332,0.077,410806,5.8,1.4548,0.01411
0.022,0.796,0.149,695895,-4.0,-0.2391,0.01112
0.064,0.319,0.072,281998,-1.3,0.5415,0.01301
0.008,0.281,0.175,286818,15.0,1.1478,0.0441
0.07,0.373,0.115,166862,8.2,1.5623,0.02307
0.014,0.453,0.089,240101,2.8,0.5431,0.0083
0.002,0.276,0.099,291264,0.8,0.1728,0.00793
0.001,0.564,0.126,696494,7.4,0.9069,0.01298
0.059,0.319,0.101,347601,14.6,1.4379,0.06645
0.084,0.336,0.089,798530,2.5,1.1156,0.01048
0.088,0.43,0.199,229547,0.6,0.8315,0.01792
0.081,0.503,0.122,464445,10.3,1.6282,0.02488
0.087,0.246,0.163,622566,-1.8,0.5546,0.01357
0.062,0.61,0.107,991946,12.5,1.6122,0.03406
0.086,0.57,0.129,160540,-4.0,-0.09,0.06613
0.084,0.463,0.17,606245,8.3,1.53,0.01758
0.05,0.698,0.108,200341,14.3,1.4635,0.07925
0.017,0.187,0.185,516490,-2.1,-0.0386,0.00858
0.009,0.249,0.198,168917,8.9,1.1139,0.02345
0.059,0.126,0.122,529910,-1.7,0.3957,0.02344
0.078,0.137,0.128,492157,-3.9,0.3741,0.04125
0.033,0.232,0.175,272577,9.5,1.2332,0.02074
0.077,0.556,0.159,684351,11.2,1.5689,0.03075
0.024,0.251,0.182,521142,10.1,1.1877,0.01653
0.092,0.248,0.163,971918,3.7,1.0296,0.01513
0.096,0.768,0.112,784845,-0.2,0.78,0.04293
0.087,0.65,0.129,595411,9.5,1.5851,0.0324
0.084,0.367,0.084,229914,12.9,1.5416,0.06512
0.076,0.247,0.112,871846,11.9,1.7716,0.01971
0.038,0.341,0.123,432327,-2.1,0.2088,0.00912
0.064,0.61,0.159,603342,3.2,1.0425,0.00924
0.049,0.442,0.139,437266,10.1,1.3607,0.01878
0.015,0.196,0.197,261393,5.1,0.6892,0.01598
0.035,0.14,0.124,256886,-0.3,0.3379,0.01214
0.005,0.572,0.096,832515,-0.7,0.0014,0.00484
0.067,0.477,0.086,706101,7.8,1.3836,0.01844
0.07,0.276,0.141,722921,10.1,1.5641,0.01798
0.044,0.268,0.121,174413,13.7,1.4369,0.03966
0.028,0.562,0.073,869745,-4.1,-0.0692,0.00848
0.095,0.213,0.117,276476,12.0,1.1476,0.12301
0.05,0.294,0.161,989778,14.9,1.6476,0.03249
0.099,0.343,0.086,917735,13.6,1.7627,0.05859
0.052,0.753,0.123,423949,0.8,0.5701,0.01922
0.043,0.504,0.195,412016,10.8,1.2586,0.02376
0.039,0.653,0.13,424581,6.9,1.0711,0.01371
0.009,0.57,0.121,610323,9.2,1.0432,0.01643
0.04,0.591,0.115,785011,3.0,0.8647,0.006
0.07,0.177,0.179,329929,-3.7,0.3276,0.02535
0.075,0.384,0.113,704973,5.3,1.3032,0.01049
0.008,0.698,0.107,718089,12.6,1.2407,0.02526
0.081,0.114,0.174,897960,12.2,1.2872,0.04223
0.053,0.41,0.133,237204,14.5,1.3828,0.05853
0.044,0.734,0.127,405369,13.7,1.4898,0.04368
0.074,0.45,0.114,864905,14.2,1.6149,0.05288
0.064,0.132,0.147,184149,3.0,0.7653,0.02137
0.071,0.257,0.127,671234,-2.9,0.4125,0.01147
0.005,0.41,0.083,601446,2.7,0.4419,0.00699
0.04,0.746,0.082,840627,7.9,1.3246,0.01835
0.008,0.698,0.171,634023,-2.3,-0.0989,0.00761
0.053,0.545,0.189,895457,0.0,0.5545,0.0078
0.031,0.283,0.174,141479,13.4,1.3437,0.03568
0.029,0.19,0.074,700101,8.7,1.1768,0.01523
0.037,0.251,0.185,506204,-2.5,0.1314,0.0102
0.062,0.148,0.176,357830,-4.4,0.2041,0.02579
0.073,0.561,0.135,759913,4.4,1.2824,0.00868
0.005,0.156,0.176,514161,-3.9,-0.3029,0.00888
0.058,0.247,0.185,471478,-2.0,0.3425,0.01176
0.061,0.499,0.089,823145,2.2,0.9924,0.00588
0.042,0.57,0.131,641431,10.5,1.3106,0.0215
0.085,0.456,0.072,932996,14.3,1.6728,0.0727
0.024,0.475,0.149,924958,1.1,0.3883,0.0065
0.007,0.142,0.122,223652,0.6,0.184,0.00986
0.093,0.207,0.186,338302,11.2,1.5991,0.03727
0.02,0.487,0.196,144458,13.2,1.1773,0.03645
0.023,0.673,0.157,644019,7.3,0.9606,0.0122
0.085,0.154,0.103,511027,12.3,1.7999,0.03438
0.087,0.512,0.154,715800,9.5,1.6293,0.02148
0.05,0.41,0.125,657288,2.1,0.8162,0.00743
0.057,0.155,0.121,737750,-0.2,0.5128,0.01295
0.037,0.502,0.149,603614,14.5,1.412,0.03999
0.034,0.62,0.155,481963,7.2,1.0214,0.01309
0.096,0.632,0.178,988164,13.3,1.6893,0.04938
0.063,0.756,0.075,215261,-2.5,0.1194,0.02771
0.014,0.312,0.089,299810,-1.1,0.0191,0.00748
0.048,0.128,0.129,721218,7.2,1.1414,0.01539
0.009,0.171,0.14,219874,9.6,1.0479,0.02038
0.045,0.165,0.112,456601,10.6,1.45,0.0206
0.099,0.302,0.134,188520,10.2,1.806,0.03659
0.007,0.278,0.183,813170,0.7,0.1203,0.00751
0.065,0.772,0.154,348365,12.6,1.5748,0.04376
0.071,0.687,0.125,295225,2.6,0.8496,0.02805
0.019,0.561,0.134,190043,0.1,0.1812,0.01232
0.085,0.734,0.193,337696,2.6,0.8258,0.02673
0.071,0.419,0.11,554949,-0.5,0.746,0.00879
0.006,0.672,0.111,468636,7.7,0.8914,0.01565
0.057,0.565,0.179,533090,5.5,1.0738,0.01184
0.096,0.556,0.092,192242,0.3,0.773,0.03971
0.073,0.479,0.087,199812,1.9,1.028,0.01389
0.082,0.309,0.094,796929,-3.4,0.4929,0.01161
0.082,0.373,0.143,188771,11.8,1.8467,0.0314
0.085,0.161,0.15,505919,-3.9,0.4433,0.03829
0.067,0.122,0.097,278063,12.9,1.5154,0.06068
0.093,0.653,0.118,462348,2.8,1.1045,0.03097
0.076,0.393,0.078,218571,13.5,1.5013,0.07192
0.061,0.563,0.116,380782,1.8,0.9552,0.01015
0.032,0.549,0.117,642897,2.3,0.7191,0.00607
0.018,0.141,0.146,172355,-0.2,0.1784,0.01213
0.079,0.239,0.078,245491,9.7,1.7285,0.02662
0.017,0.466,0.095,804009,1.8,0.4528,0.00537
0.013,0.372,0.13,928133,14.9,1.3511,0.03264
0.055,0.414,0.185,945681,0.9,0.5663,0.00898
0.075,0.468,0.071,701676,-2.6,0.6136,0.00836
0.026,0.547,0.085,922008,-0.7,0.2801,0.00511
0.046,0.252,0.144,760562,10.9,1.4634,0.0157
0.04,0.37,0.139,669401,4.8,0.982,0.0092
0.066,0.471,0.18,817856,8.0,1.3623,0.01486
0.03,0.512,0.155,861347,-4.2,-0.0495,0.00793
0.087,0.146,0.103,537291,-0.9,0.6646,0.03135
0.048,0.493,0.183,870969,7.8,1.1919,0.01322
0.048,0.745,0.195,350120,8.6,1.0857,0.02009
0.088,0.637,0.099,607717,14.5,1.7792,0.07403
0.011,0.56,0.179,907591,9.0,1.0793,0.01366
0.066,0.396,0.132,856367,-3.3,0.3856,0.00846
0.017,0.286,0.164,347450,13.9,1.227,0.03465
0.055,0.216,0.199,585735,14.8,1.5754,0.03753
0.078,0.583,0.125,810595,3.2,1.309,0.00802
0.071,0.4,0.075,432701,14.8,1.5147,0.08341
0.037,0.127,0.188,505244,10.6,1.1673,0.02517
0.0,0.192,0.126,172629,4.3,0.6432,0.01364
0.054,0.254,0.175,997570,9.1,1.3336,0.0153
0.093,0.228,0.106,730567,9.8,1.7115,0.02101
0.066,0.335,0.146,608290,5.5,1.1707,0.01208
0.089,0.414,0.076,406326,-1.7,0.8098,0.01149
0.092,0.492,0.146,839318,5.4,1.4425,0.01158
0.007,0.725,0.102,796802,14.3,1.3099,0.03168
0.053,0.741,0.167,747348,4.2,0.915,0.01205
0.012,0.179,0.082,941917,2.5,0.455,0.00637
0.061,0.303,0.198,117338,0.5,0.7448,0.02031
0.044,0.458,0.089,604718,-1.5,0.3768,0.00719
0.024,0.212,0.147,183280,12.9,1.2922,0.03004
0.067,0.308,0.197,210825,-1.4,0.4736,0.01625
0.011,0.795,0.186,116102,11.5,1.087,0.03183
0.052,0.643,0.117,556467,1.4,0.8555,0.00868
0.037,0.258,0.186,423491,6.4,1.0402,0.01496
0.03,0.578,0.156,237971,14.7,1.2654,0.0485
0.016,0.664,0.116,900315,6.7,0.9157,0.01144
0.031,0.698,0.165,959183,14.2,1.4618,0.02934
0.008,0.383,0.167,114910,15.0,1.1626,0.05461
0.084,0.616,0.075,382352,6.0,1.4285,0.02076
0.079,0.664,0.129,109639,-4.3,-0.4319,0.10225
0.013,0.333,0.168,965296,13.0,1.2821,0.02099
0.07,0.717,0.133,490729,-1.3,0.4305,0.02613
0.073,0.731,0.2,671984,-0.9,0.4089,0.01927
0.04,0.789,0.077,457310,-2.8,-0.0305,0.01546
0.075,0.556,0.197,360744,14.4,1.5732,0.0527
0.072,0.206,0.097,214087,2.0,0.8628,0.01985
0.07,0.111,0.12,851008,-4.6,0.2326,0.04465
0.073,0.39,0.125,378650,2.3,1.0097,0.01049
0.02,0.312,0.185,605032,-2.3,-0.0151,0.00845
0.018,0.659,0.105,573087,1.1,0.3867,0.00571
0.023,0.577,0.09,350137,-2.8,-0.0854,0.01071
0.036,0.129,0.073,731839,13.6,1.4827,0.03417
0.025,0.257,0.135,560593,-2.2,0.0506,0.00817
0.09,0.407,0.149,688817,10.2,1.733,0.02023
0.049,0.339,0.191,220051,3.6,1.0046,0.01637
0.012,0.746,0.169,130430,10.4,1.033,0.02731
0.056,0.765,0.152,628472,3.0,0.9272,0.011
0.042,0.794,0.173,245028,6.0,0.9694,0.01662
0.082,0.268,0.177,812749,8.1,1.3999,0.01971
0.056,0.781,0.147,298998,3.5,0.8973,0.01619
0.072,0.653,0.093,711518,10.3,1.5908,0.03364
0.026,0.471,0.093,885132,3.2,0.6938,0.00619
0.043,0.283,0.157,199616,1.5,0.7558,0.01355
0.005,0.431,0.186,784232,0.7,0.1109,0.00763
0.077,0.281,0.073,229209,1.9,0.9504,0.01512
0.073,0.106,0.096,518021,8.1,1.4127,0.02706
0.009,0.582,0.106,857824,12.5,1.2528,0.02354
0.082,0.506,0.096,545167,2.7,1.2779,0.00834
0.016,0.752,0.179,961259,-3.5,-0.1111,0.00726
0.06,0.359,0.114,569427,0.6,0.6993,0.00916
0.085,0.673,0.074,791733,13.7,1.779,0.08189
0.026,0.529,0.118,350825,2.0,0.6397,0.00759
0.022,0.143,0.11,916104,12.6,1.3954,0.0204
0.071,0.47,0.1,608732,-3.0,0.5278,0.00882
0.06,0.131,0.154,687544,12.5,1.5049,0.0308
0.061,0.482,0.154,240036,11.3,1.4776,0.02686
0.085,0.213,0.145,515690,2.4,0.8992,0.01651
0.078,0.657,0.092,292291,-2.3,0.2813,0.0351
0.003,0.596,0.171,840070,9.0,1.0005,0.01373
0.027,0.297,0.161,258918,11.1,1.2439,0.02138
0.046,0.393,0.146,768208,-0.4,0.4567,0.00809
0.045,0.265,0.199,720940,11.1,1.3539,0.02056
0.075,0.428,0.1,971860,-1.6,0.6881,0.00746
0.045,0.361,0.196,628405,14.4,1.476,0.03642
0.071,0.546,0.104,263235,1.6,0.959,0.01545
0.067,0.634,0.09,248100,5.8,1.3442,0.01416
0.08,0.351,0.114,491981,0.7,0.88,0.01103
0.076,0.555,0.123,483930,1.8,1.1429,0.00984
0.048,0.559,0.092,622672,8.7,1.2975,0.02009
0.011,0.541,0.088,879882,1.5,0.3297,0.00484
0.099,0.567,0.168,308160,6.3,1.3959,0.02471
0.007,0.281,0.167,918356,1.8,0.2262,0.00698
0.041,0.614,0.131,233210,1.9,0.6082,0.01388
0.053,0.415,0.148,581539,-3.0,0.2887,0.00914
0.002,0.775,0.119,966241,-4.2,-0.4198,0.00769
0.09,0.453,0.084,932148,-1.2,0.9145,0.00756
0.021,0.669,0.186,748835,12.4,1.2518,0.0225
0.01,0.501,0.168,877185,8.5,1.0559,0.01318
0.091,0.528,0.148,106520,3.1,0.6468,0.06497
0.048,0.575,0.119,713930,13.6,1.4845,0.03803
0.013,0.153,0.156,880396,-3.0,-0.1617,0.00702
0.049,0.128,0.171,279987,12.9,1.4453,0.03734
0.06,0.198,0.101,801500,5.1,1.1035,0.0115
0.017,0.128,0.186,690374,1.3,0.2398,0.00804
0.019,0.275,0.154,785073,-0.7,0.1142,0.00685
0.094,0.436,0.091,995580,-2.9,0.7581,0.00837
0.038,0.316,0.173,376907,-4.6,-0.0336,0.01184
0.073,0.241,0.188,307069,-4.3,0.2888,0.01745
0.01,0.248,0.116,705653,-3.4,-0.2362,0.00785
0.039,0.751,0.115,958993,-2.0,0.2567,0.01028
0.052,0.798,0.171,142945,2.3,0.5569,0.0256
0.044,0.177,0.078,216421,5.2,0.962,0.01619
0.025,0.428,0.169,960233,5.4,0.8668,0.00894
0.098,0.37,0.176,177033,11.0,1.3873,0.06551
0.051,0.125,0.116,889185,9.3,1.3486,0.01716
0.066,0.451,0.126,851443,14.8,1.5866,0.05269
0.082,0.683,0.192,658608,12.4,1.5392,0.0404
0.036,0.268,0.087,989113,0.9,0.4748,0.00574
0.007,0.385,0.146,700167,-3.2,-0.2269,0.00747
0.004,0.57,0.183,605123,10.7,1.099,0.0176
0.009,0.188,0.162,381444,14.5,1.205,0.03646
0.05,0.736,0.093,467621,7.8,1.3212,0.02255
0.052,0.626,0.095,379138,13.2,1.5206,0.05089
0.033,0.516,0.199,826261,9.2,1.1352,0.01578
0.018,0.326,0.103,479237,7.7,0.9852,0.01499
0.036,0.49,0.154,324658,-1.3,0.2939,0.01019
0.078,0.331,0.189,908018,12.6,1.7173,0.02832
0.073,0.721,0.168,281904,-4.7,-0.1634,0.03375
0.083,0.581,0.115,404762,2.5,1.2412,0.01355
0.036,0.34,0.077,959269,2.9,0.7176,0.00625
0.012,0.312,0.101,521793,8.6,1.0062,0.0168
0.022,0.278,0.15,353194,-4.6,-0.2217,0.01176
0.081,0.383,0.141,319074,-2.4,0.606,0.01292
0.094,0.752,0.197,532524,7.7,1.4242,0.03161
0.012,0.391,0.126,389469,11.6,1.128,0.02545
0.082,0.176,0.146,157446,-0.8,0.6243,0.02869
0.007,0.523,0.163,467549,-1.6,-0.0593,0.00815
0.06,0.243,0.09,706203,6.8,1.2892,0.01221
0.027,0.507,0.102,931881,14.3,1.4477,0.03219
0.017,0.287,0.145,995145,0.4,0.2019,0.00628
0.019,0.655,0.183,207719,1.7,0.3698,0.01216
0.058,0.725,0.156,673441,6.7,1.1715,0.01654
0.083,0.588,0.13,807532,-1.6,0.9037,0.00842
0.045,0.647,0.149,410709,3.9,0.8927,0.00974
0.036,0.235,0.166,252098,9.0,1.2475,0.02072
0.091,0.7,0.19,744763,7.1,1.336,0.02662
0.078,0.34,0.103,827322,2.7,1.0703,0.01024
0.044,0.292,0.117,367334,-2.0,0.2698,0.01022
0.062,0.705,0.15,817182,6.8,1.2216,0.01677
0.001,0.705,0.119,985627,0.3,0.0449,0.00531
0.002,0.772,0.142,704081,7.1,0.8316,0.01201
0.033,0.177,0.084,446304,13.4,1.38,0.03797
0.049,0.261,0.083,710058,6.8,1.208,0.01075
0.012,0.459,0.105,942527,9.7,1.1218,0.01597
0.002,0.669,0.195,227067,10.3,1.0124,0.02298
0.091,0.793,0.156,414714,1.5,0.8647,0.03614
0.016,0.659,0.104,174941,-2.2,-0.2792,0.01333
0.005,0.463,0.136,981155,11.2,1.1758,0.01693
0.075,0.437,0.115,308567,4.3,1.282,0.01229
0.057,0.712,0.148,356758,-0.2,0.4145,0.02156
0.025,0.628,0.136,105111,4.5,0.7949,0.01612
0.059,0.547,0.103,349071,6.7,1.3033,0.01316
0.094,0.546,0.195,940294,0.6,0.9584,0.0102
0.02,0.11,0.18,143784,3.1,0.671,0.01833
0.053,0.599,0.085,594632,8.2,1.3212,0.02096
0.092,0.43,0.103,284415,2.0,1.2147,0.01291
0.035,0.362,0.091,812477,12.0,1.4028,0.02419
0.081,0.521,0.176,674986,12.2,1.6437,0.03593
0.066,0.563,0.177,179709,8.3,1.347,0.02217
0.01,0.169,0.134,184740,7.2,0.9178,0.01774
0.056,0.523,0.136,989455,9.9,1.3956,0.01946
0.087,0.489,0.074,152527,11.3,1.5672,0.0613
0.029,0.371,0.124,711604,5.5,0.9556,0.00891
0.04,0.379,0.165,787268,-4.5,-0.0069,0.00898
0.087,0.556,0.138,657509,8.0,1.5731,0.01763
0.019,0.621,0.158,431154,10.2,1.1027,0.01885
0.074,0.398,0.2,684450,2.3,0.7701,0.01232
0.092,0.208,0.195,757034,3.6,0.8586,0.01909
0.063,0.768,0.136,741172,0.7,0.714,0.0187
0.001,0.63,0.182,908456,7.0,0.6713,0.01009
0.074,0.261,0.122,590998,10.4,1.6384,0.01925
0.048,0.535,0.171,133149,-1.8,0.0037,0.02983
0.007,0.685,0.089,646041,-3.0,-0.2736,0.00779
0.09,0.671,0.131,884477,9.4,1.6083,0.03417
0.01,0.381,0.187,769504,-3.9,-0.2336,0.00843
0.055,0.565,0.081,393925,2.2,0.9523,0.00849
0.043,0.573,0.165,137943,14.3,1.3276,0.04997
0.007,0.392,0.142,575882,10.7,1.1067,0.01844
0.046,0.255,0.155,898563,-1.0,0.3517,0.00912
0.085,0.766,0.148,725714,5.0,1.3365,0.02273
0.041,0.168,0.082,306214,-0.3,0.3874,0.01247
0.073,0.477,0.166,389737,10.4,1.5455,0.02298
0.002,0.32,0.089,678462,-2.2,-0.2325,0.0063
0.089,0.605,0.143,798440,2.1,1.2907,0.0095
0.046,0.268,0.19,147522,-4.8,-0.0561,0.02226
0.002,0.268,0.155,498238,-0.4,-0.0179,0.00744
0.038,0.711,0.176,604577,2.0,0.585,0.00876
0.039,0.242,0.079,638408,4.7,0.8986,0.00929
0.049,0.257,0.133,483677,8.1,1.2775,0.01502
0.096,0.138,0.13,930830,0.5,0.8377,0.02555
0.075,0.649,0.176,945286,-2.2,0.6736,0.00905
0.051,0.258,0.12,948186,14.9,1.5959,0.03974
0.067,0.606,0.081,138245,3.5,0.8725,0.03586
0.017,0.423,0.094,470884,-0.1,0.211,0.00566
0.04,0.308,0.114,358368,2.8,0.7586,0.00969
0.033,0.415,0.151,562105,-3.9,-0.0092,0.00915
0.01,0.215,0.084,373598,7.9,0.9096,0.01867
0.084,0.505,0.119,116400,5.8,1.0801,0.05197
0.059,0.274,0.109,532334,14.3,1.5597,0.04517
0.01,0.258,0.185,951532,-0.1,0.0754,0.00732
0.019,0.689,0.074,761784,-2.4,-0.0135,0.00737
0.037,0.666,0.19,932786,11.6,1.3255,0.02243
0.068,0.494,0.12,905231,10.0,1.4909,0.02214
0.018,0.352,0.199,128273,5.7,1.0625,0.02243
0.094,0.198,0.164,542551,14.4,1.8046,0.04599
0.061,0.258,0.187,643660,0.6,0.5175,0.01183
0.045,0.338,0.147,679847,0.1,0.464,0.00825
0.021,0.58,0.193,167662,-4.7,-0.484,0.0225
0.058,0.177,0.107,764018,5.0,1.0678,0.01189
0.098,0.489,0.147,464745,-4.7,0.6096,0.01244
0.014,0.623,0.105,669321,10.3,1.1597,0.01985
0.057,0.401,0.189,327715,12.6,1.492,0.03007
0.05,0.362,0.153,111528,1.6,0.7726,0.01792
0.068,0.65,0.168,540328,6.0,1.1662,0.01558
0.079,0.126,0.136,326516,5.0,1.0436,0.02402
0.084,0.433,0.077,294229,1.0,1.0543,0.01096
0.046,0.221,0.091,735095,9.8,1.447,0.01393
0.042,0.191,0.135,125051,11.5,1.4091,0.04453
0.014,0.68,0.154,607349,-0.7,0.1371,0.00691
0.072,0.537,0.161,488039,3.7,1.1314,0.01071
0.051,0.634,0.171,633185,-0.6,0.5738,0.00855
0.075,0.598,0.178,635868,11.4,1.5308,0.03342
0.001,0.192,0.131,169039,5.7,0.7515,0.01573
0.046,0.485,0.15,700003,13.8,1.4627,0.03644
0.0,0.397,0.143,266340,-1.6,-0.1818,0.00962
0.002,0.343,0.141,780482,10.0,1.1065,0.016
0.091,0.608,0.1,627142,-2.6,0.8761,0.01112
0.083,0.384,0.131,415958,6.7,1.4717,0.01505
0.033,0.208,0.122,534712,-1.9,0.1584,0.00919
0.06,0.358,0.132,444852,7.1,1.3147,0.01344
0.081,0.663,0.186,972018,3.1,1.0596,0.01237
0.072,0.546,0.13,541112,3.9,1.2604,0.00886
0.025,0.548,0.147,137190,-4.8,-0.486,0.02253
0.087,0.218,0.08,349718,-3.3,0.4177,0.04505
0.067,0.151,0.125,145039,5.5,1.1548,0.02621
0.062,0.429,0.131,805446,1.4,0.8221,0.00807
0.01,0.562,0.089,704330,3.8,0.5867,0.00822
0.019,0.66,0.078,646525,11.6,1.1684,0.04569
0.014,0.194,0.19,891649,-4.3,-0.2503,0.00801
0.044,0.34,0.125,390345,6.6,1.1501,0.01248
0.075,0.735,0.155,245960,0.7,0.5791,0.03365
0.075,0.207,0.195,251121,-0.3,0.5556,0.01783
0.06,0.151,0.189,708236,5.2,0.9732,0.01602
0.089,0.578,0.111,599707,12.6,1.6693,0.05466
0.08,0.282,0.142,418359,-1.6,0.597,0.01353
0.068,0.122,0.192,407167,-1.2,0.4411,0.01953
0.033,0.468,0.175,649153,9.2,1.1681,0.01516
0.041,0.595,0.152,178302,13.4,1.2977,0.04409
0.031,0.212,0.135,155438,5.6,0.9473,0.01826
0.019,0.598,0.093,158194,12.0,0.9163,0.09051
0.07,0.69,0.088,377509,6.4,1.3217,0.02358
0.054,0.725,0.173,770034,0.8,0.6244,0.0101
0.005,0.31,0.074,316790,0.5,0.1657,0.00685
0.009,0.604,0.18,251725,-4.6,-0.4482,0.01495
0.004,0.771,0.198,741903,12.9,1.1668,0.02204
0.05,0.47,0.077,579686,-3.9,0.1875,0.00967
0.015,0.545,0.141,845854,13.1,1.2983,0.02356
0.055,0.103,0.156,394847,11.9,1.4003,0.03399
0.063,0.538,0.131,855481,4.5,1.1826,0.00774
0.034,0.445,0.093,252402,-2.5,0.0878,0.01208
0.026,0.602,0.119,638209,10.2,1.2054,0.01958
0.045,0.482,0.166,868287,3.0,0.7316,0.0076
0.027,0.183,0.19,850982,8.4,1.1275,0.01445
0.032,0.459,0.099,670062,13.4,1.3864,0.0341
0.095,0.383,0.089,471646,10.8,1.8077,0.02563
0.08,0.564,0.088,629678,-4.1,0.5776,0.01025
0.037,0.594,0.078,248196,-0.9,0.2496,0.01381
0.077,0.694,0.128,810943,12.2,1.6923,0.04212
0.068,0.398,0.15,128453,6.5,1.3418,0.02563
0.087,0.32,0.104,287466,9.9,1.8202,0.02324
0.077,0.162,0.129,936602,13.4,1.7554,0.03069
0.037,0.569,0.126,967376,13.0,1.4431,0.02703
0.032,0.262,0.114,740570,-4.3,-0.0935,0.00922
0.079,0.711,0.172,466155,5.1,1.1992,0.01866
0.067,0.681,0.101,281504,-3.6,0.0157,0.03031
0.021,0.573,0.156,648945,6.1,0.9202,0.01073
0.056,0.379,0.119,782561,9.9,1.4654,0.01586
0.045,0.122,0.117,334830,7.8,1.1843,0.02098
0.06,0.644,0.085,846083,-3.7,0.4481,0.00845
0.045,0.416,0.143,772066,10.9,1.3892,0.0194
0.027,0.726,0.172,832467,14.6,1.4321,0.03121
0.08,0.594,0.105,389649,12.6,1.5979,0.05586
0.04,0.459,0.107,227466,11.1,1.2572,0.03343
0.059,0.792,0.091,466093,7.4,1.414,0.02663
0.08,0.569,0.185,900626,4.4,1.1275,0.01209
0.017,0.467,0.17,330376,1.0,0.2829,0.00924
0.004,0.634,0.119,432277,6.4,0.8076,0.01303
0.076,0.648,0.124,579999,14.6,1.6913,0.06179
0.042,0.306,0.172,937510,7.9,1.1987,0.01177
0.039,0.551,0.16,698497,0.3,0.5186,0.00738
0.049,0.306,0.158,781087,-1.2,0.3675,0.00913
0.04,0.419,0.134,519058,10.2,1.2956,0.0186
0.016,0.659,0.092,961619,2.7,0.552,0.00631
0.047,0.639,0.197,137542,6.3,1.0256,0.01992
0.088,0.265,0.108,860781,3.6,1.1751,0.01267
0.067,0.646,0.158,971789,1.2,0.9704,0.00742
0.081,0.71,0.152,598921,3.7,1.0757,0.02211
0.079,0.555,0.183,155160,10.9,1.5344,0.03462
0.067,0.534,0.182,274957,8.9,1.3742,0.02111
0.035,0.111,0.16,132487,-4.0,-0.1474,0.02497
0.04,0.231,0.124,917598,3.2,0.8224,0.00861
0.011,0.326,0.106,197108,7.9,0.9075,0.0207
0.009,0.706,0.128,916655,-3.9,-0.2676,0.00734
0.016,0.77,0.119,409691,3.3,0.5647,0.00829
0.013,0.617,0.108,882243,6.0,0.8291,0.01066
0.092,0.334,0.139,693983,9.5,1.6816,0.01941
0.004,0.738,0.124,929057,2.8,0.3357,0.00637
0.021,0.499,0.135,782342,11.7,1.2599,0.02048
0.049,0.177,0.122,453730,4.4,0.9291,0.01304
0.084,0.633,0.197,120880,1.2,0.3183,0.05526
0.059,0.28,0.189,941488,-0.4,0.4314,0.01024
0.069,0.194,0.147,439118,-2.8,0.4019,0.02316
0.007,0.702,0.182,556614,6.7,0.7309,0.01158
0.058,0.247,0.158,432529,8.2,1.2996,0.01793
0.048,0.286,0.09,569173,6.1,1.1315,0.01082
0.014,0.35,0.09,750633,-4.9,-0.4089,0.01003
0.029,0.18,0.158,430499,-0.7,0.193,0.0082
0.081,0.275,0.096,809254,14.8,1.7062,0.05664
0.08,0.493,0.16,549634,7.1,1.4382,0.01443
0.023,0.565,0.108,224962,0.5,0.387,0.01044
0.069,0.496,0.147,311166,8.2,1.4518,0.01657
0.042,0.286,0.096,726383,0.7,0.4956,0.00656
0.076,0.294,0.186,748538,13.2,1.717,0.03073
0.092,0.404,0.143,681809,-0.4,0.8554,0.01036
0.054,0.252,0.096,946882,11.4,1.5458,0.0204
0.094,0.442,0.104,701367,6.1,1.5783,0.01174
0.056,0.238,0.199,573608,7.0,1.0976,0.0172
0.026,0.768,0.09,278269,6.7,1.017,0.02049
0.089,0.427,0.112,391627,10.0,1.7648,0.02022
0.018,0.149,0.138,143402,-0.6,0.1447,0.01393
0.02,0.423,0.176,836661,0.1,0.2166,0.00743
0.055,0.742,0.154,901043,7.9,1.2619,0.01787
0.091,0.728,0.199,316139,2.9,0.8722,0.02918
0.03,0.211,0.101,928143,-2.0,0.1108,0.00775
0.032,0.573,0.16,678267,14.1,1.3972,0.03343
0.076,0.448,0.127,593619,10.7,1.6383,0.02171
0.099,0.225,0.126,323820,11.1,1.8217,0.03389
0.039,0.135,0.157,732520,2.7,0.6268,0.01008
0.001,0.577,0.167,146429,12.3,1.0725,0.03419
0.027,0.622,0.135,247095,8.1,1.0321,0.01735
0.032,0.13,0.182,727675,10.0,1.1625,0.01945
0.03,0.588,0.142,512935,13.1,1.321,0.03092
0.095,0.141,0.095,837389,14.0,1.9016,0.04122
0.02,0.797,0.14,673393,0.3,0.3431,0.00612
0.03,0.278,0.075,895848,13.2,1.344,0.03821
0.008,0.569,0.159,904061,7.8,0.9591,0.01222
0.016,0.286,0.128,676225,10.5,1.1827,0.0174
0.037,0.397,0.15,130817,11.8,1.2904,0.03092
0.019,0.579,0.144,674610,1.2,0.3721,0.00667
0.031,0.522,0.116,676436,6.6,1.0223,0.01162
0.061,0.454,0.155,466491,-3.7,0.3144,0.01038
0.02,0.222,0.186,804893,3.1,0.3953,0.0082
0.011,0.304,0.113,530796,1.3,0.27,0.00655
0.037,0.406,0.08,810921,2.2,0.6795,0.00563
0.039,0.293,0.197,747544,-3.3,0.0685,0.00969
0.015,0.197,0.171,945708,1.7,0.2767,0.00716
0.089,0.658,0.174,538588,5.9,1.3173,0.02025
0.073,0.24,0.181,644547,1.4,0.6592,0.01364
0.061,0.386,0.178,809434,14.7,1.6322,0.04045
0.088,0.165,0.075,486474,0.0,0.7745,0.02961
0.049,0.254,0.121,628149,13.7,1.5727,0.02924
0.054,0.353,0.198,446167,9.5,1.3301,0.01897
0.036,0.231,0.183,564456,12.1,1.367,0.02194
0.064,0.714,0.145,928790,4.5,1.1038,0.01275
0.016,0.261,0.127,939549,9.2,1.1405,0.01376
0.049,0.42,0.08,173931,-0.7,0.4527,0.01309
0.028,0.142,0.079,605710,3.1,0.6283,0.00887
0.001,0.662,0.151,872089,-0.0,0.0139,0.00643
0.053,0.127,0.167,607005,7.8,1.1221,0.0192
0.06,0.243,0.091,142494,5.6,1.1721,0.02073
0.025,0.524,0.174,923979,6.1,0.9462,0.01006
0.077,0.406,0.117,311344,10.5,1.688,0.02092
0.052,0.72,0.185,267063,-2.0,0.0606,0.02322
0.023,0.282,0.172,976199,8.5,1.178,0.01186
0.065,0.74,0.082,798368,11.3,1.7284,0.04047
0.093,0.58,0.144,744779,11.8,1.6893,0.04117
0.048,0.102,0.145,193253,6.8,1.062,0.02411
0.005,0.798,0.198,126737,13.0,1.1135,0.03658
0.027,0.486,0.11,359505,1.9,0.6182,0.00737
0.038,0.236,0.099,421001,3.5,0.7756,0.01001
0.042,0.74,0.141,920086,1.3,0.6737,0.00679
0.096,0.577,0.097,445233,-4.1,0.679,0.01534
0.058,0.283,0.2,282246,12.5,1.5611,0.03021
0.024,0.692,0.075,367871,5.1,0.8414,0.01443
0.095,0.54,0.144,810095,1.7,1.2495,0.00925
0.029,0.497,0.133,943701,1.2,0.477,0.00607
0.064,0.306,0.136,469799,-1.9,0.4619,0.0107
0.075,0.571,0.144,819659,8.6,1.4638,0.01911
0.085,0.654,0.083,410924,6.0,1.458,0.0207
0.046,0.682,0.081,924183,-3.8,0.2648,0.00862
0.048,0.464,0.139,126891,12.3,1.3328,0.039
0.045,0.102,0.19,219433,0.8,0.4821,0.0145
0.066,0.637,0.102,172839,-2.3,0.0771,0.03263
0.054,0.34,0.121,160797,-4.0,0.0858,0.02411
0.005,0.159,0.174,935889,0.4,0.0779,0.00703
0.057,0.586,0.128,998861,8.9,1.3467,0.01814
0.097,0.365,0.188,607161,1.0,0.822,0.01446
0.005,0.321,0.095,798814,6.5,0.7954,0.01166
0.098,0.315,0.098,112050,4.0,1.3696,0.02473
0.05,0.401,0.101,732306,-1.8,0.386,0.00751
0.092,0.672,0.13,982996,14.8,1.8573,0.06667
0.018,0.371,0.187,715498,9.2,1.123,0.01428
0.045,0.561,0.163,798148,2.9,0.774,0.00781
0.04,0.463,0.119,622521,-1.6,0.3201,0.00745
0.027,0.309,0.108,586046,-2.1,0.0884,0.00783
0.069,0.509,0.075,183806,-0.7,0.5969,0.02058
0.094,0.439,0.149,790265,-3.6,0.6206,0.00941
0.022,0.779,0.12,392936,2.7,0.6116,0.00828
0.033,0.225,0.13,140103,14.9,1.318,0.05369
0.082,0.45,0.161,910339,15.0,1.7364,0.05379
0.049,0.664,0.095,563078,11.5,1.4968,0.03275
0.065,0.209,0.144,678385,11.4,1.5757,0.02225
0.09,0.29,0.078,448813,0.9,0.9688,0.01416
0.052,0.382,0.126,739555,-2.6,0.3114,0.00824
0.093,0.771,0.07,394765,4.5,1.4203,0.03249
0.014,0.738,0.198,140780,9.1,1.0009,0.02347
0.055,0.471,0.084,542096,10.9,1.4307,0.03015
0.043,0.525,0.198,473221,0.6,0.4949,0.00969
0.071,0.563,0.137,688226,-2.5,0.642,0.00857
0.095,0.79,0.152,595349,-3.3,0.2736,0.03889
0.04,0.548,0.155,346125,-1.1,0.368,0.01046
0.031,0.66,0.163,814061,4.4,0.7215,0.00905
0.035,0.211,0.109,553414,1.4,0.5655,0.00808
0.019,0.549,0.106,706391,9.1,1.1133,0.01675
0.037,0.216,0.152,495569,2.4,0.6568,0.01044
0.001,0.542,0.114,975911,2.9,0.3051,0.00624
0.059,0.417,0.144,134716,1.0,0.7437,0.01678
0.022,0.412,0.178,721365,-0.7,0.1642,0.00788
0.054,0.49,0.094,189447,2.3,0.8746,0.01301
0.089,0.32,0.13,314570,2.4,1.0534,0.01552
0.05,0.459,0.102,369434,-1.6,0.4283,0.00924
0.081,0.775,0.172,513186,1.3,0.7442,0.02671
0.037,0.462,0.129,301512,-2.4,0.1797,0.01072
0.048,0.291,0.146,839312,12.5,1.5701,0.01978
0.093,0.569,0.106,358355,12.0,1.6235,0.05888
0.044,0.136,0.183,863127,-2.2,0.2119,0.01044
0.062,0.613,0.186,697704,9.0,1.3141,0.02139
0.004,0.372,0.092,201521,0.2,0.1248,0.01007
0.053,0.375,0.179,635151,6.5,1.1429,0.01241
0.068,0.505,0.087,338581,-0.8,0.7346,0.01054
0.07,0.533,0.114,311172,13.8,1.5072,0.06122
0.031,0.231,0.179,832031,-4.3,-0.0871,0.00942
0.039,0.661,0.104,778323,2.2,0.8155,0.00583
0.1,0.279,0.186,485065,3.6,0.9827,0.01996
0.084,0.57,0.16,467314,0.3,0.9882,0.01198
0.055,0.179,0.185,851326,5.9,1.041,0.01434
0.016,0.573,0.147,821068,-3.9,-0.1761,0.00758
0.091,0.275,0.132,993005,13.2,1.9198,0.02687
0.025,0.256,0.176,459728,11.6,1.2685,0.01989
0.092,0.316,0.116,960152,12.9,1.9523,0.02377
0.037,0.313,0.138,730780,-4.1,-0.0105,0.00891
0.011,0.289,0.082,574574,-3.2,-0.267,0.00905
0.057,0.146,0.168,138938,3.4,0.8546,0.02021
0.092,0.577,0.098,177893,9.3,1.6521,0.03267
0.047,0.781,0.148,610006,4.6,0.9697,0.01226
0.091,0.468,0.165,940827,0.7,0.9436,0.00975
0.083,0.471,0.182,257030,-3.4,0.4945,0.01651
0.051,0.781,0.135,632592,13.8,1.6198,0.04209
0.082,0.535,0.199,286544,11.5,1.5617,0.03462
0.048,0.434,0.181,447261,6.3,1.1001,0.01264
0.071,0.729,0.189,167368,7.4,1.2544,0.02535
0.071,0.592,0.081,377446,6.6,1.3229,0.02147
0.002,0.611,0.163,772947,10.2,1.1274,0.01588
0.041,0.277,0.083,655941,7.2,1.1777,0.01075
0.05,0.323,0.115,272475,12.3,1.434,0.03184
0.025,0.608,0.121,974466,3.3,0.6904,0.00663
0.009,0.259,0.092,829261,0.8,0.1803,0.00484
0.065,0.448,0.076,377814,1.3,0.9015,0.00773
0.05,0.123,0.092,632891,12.4,1.6296,0.02501
0.013,0.421,0.13,446705,8.0,0.9908,0.01475
0.051,0.347,0.098,783046,6.6,1.2313,0.00976
0.019,0.22,0.156,347067,-5.0,-0.2985,0.01268
0.046,0.406,0.082,220116,13.8,1.2648,0.08459
0.006,0.783,0.085,105242,2.0,0.2237,0.01405
0.014,0.161,0.123,438996,-1.3,0.0012,0.00675
0.029,0.138,0.096,448050,-0.4,0.2641,0.00963
0.083,0.478,0.141,526075,3.1,1.1913,0.0105
0.016,0.431,0.183,581207,14.1,1.2515,0.03172
0.094,0.781,0.163,398168,-4.1,0.0772,0.04035
0.014,0.491,0.131,280873,14.9,1.2285,0.04813
0.1,0.421,0.144,370182,-2.8,0.7594,0.01321
0.04,0.72,0.166,240897,-4.6,-0.3562,0.023
0.088,0.389,0.076,561023,13.1,1.6216,0.06335
0.088,0.358,0.168,823453,1.8,0.8947,0.0123
0.067,0.593,0.097,665873,4.6,1.3047,0.00805
0.055,0.4,0.177,106955,8.0,1.0719,0.03956
0.013,0.546,0.104,861997,6.3,0.8498,0.01119
0.071,0.674,0.079,319266,10.9,1.6394,0.06077
0.009,0.378,0.18,336477,-0.4,0.0533,0.00951
0.045,0.472,0.198,329412,-1.4,0.344,0.01178
0.015,0.567,0.141,958111,13.2,1.3161,0.02317
0.037,0.721,0.078,402509,9.4,1.3497,0.04036
0.089,0.374,0.198,348042,14.7,1.795,0.04636
0.02,0.429,0.172,790862,-3.0,-0.058,0.00797
0.074,0.702,0.196,537203,9.5,1.3283,0.0277
0.028,0.145,0.108,496264,-2.0,0.099,0.00995
0.035,0.214,0.084,416087,12.9,1.3489,0.03771
0.068,0.37,0.179,876933,-4.5,0.2298,0.00951
0.062,0.475,0.186,765459,-4.0,0.2713,0.00914
0.036,0.157,0.152,810846,3.1,0.6783,0.00984
0.034,0.352,0.144,299812,5.4,0.9883,0.01265
0.084,0.305,0.118,723364,3.7,1.146,0.0125
0.038,0.544,0.077,943765,11.4,1.4336,0.02717
0.073,0.778,0.106,207142,-0.8,0.3744,0.03948
0.086,0.458,0.174,456169,11.0,1.6779,0.02665
0.088,0.687,0.097,861613,-4.8,0.4132,0.02035
0.04,0.596,0.177,752686,-2.8,0.2303,0.00801
0.089,0.525,0.152,887020,4.5,1.3435,0.01072
0.002,0.242,0.182,590837,-0.1,0.0083,0.00802
0.042,0.37,0.115,529485,-3.0,0.1646,0.00888
0.034,0.715,0.167,126943,2.1,0.3532,0.02255
0.079,0.731,0.136,544584,8.1,1.4811,0.02805
0.065,0.492,0.137,894846,6.6,1.3203,0.01034
0.098,0.166,0.121,510496,-4.3,0.4298,0.05402
0.027,0.771,0.169,200871,-1.9,-0.0974,0.01857
0.099,0.665,0.186,799747,7.4,1.4164,0.02833
0.02,0.741,0.103,732854,-2.2,0.0247,0.00791
0.08,0.134,0.175,857913,8.4,1.1229,0.02672
0.094,0.272,0.147,696795,6.8,1.4097,0.01819
0.047,0.152,0.073,474480,5.9,1.0554,0.01398
0.088,0.599,0.124,558946,14.2,1.6947,0.0665
0.021,0.49,0.092,752694,4.7,0.7658,0.00908
0.058,0.585,0.111,986952,12.6,1.5731,0.0322
0.003,0.244,0.072,266793,-2.6,-0.3334,0.00856
0.038,0.339,0.095,423019,8.6,1.2148,0.0177
0.004,0.35,0.119,849789,-1.1,-0.0624,0.00556
0.052,0.549,0.198,414496,9.5,1.2427,0.02167
0.051,0.427,0.118,332522,4.0,1.012,0.01032
0.009,0.288,0.142,923635,0.6,0.1433,0.00615
0.023,0.749,0.093,938639,7.1,1.0599,0.01345
0.072,0.602,0.163,806790,6.1,1.2258,0.01399
0.087,0.494,0.177,604095,7.5,1.4831,0.01731
0.031,0.8,0.197,918441,11.6,1.1768,0.01962
0.075,0.657,0.153,439947,6.6,1.3233,0.01783
0.02,0.192,0.087,328783,5.7,0.8231,0.01175
0.009,0.301,0.137,797373,3.2,0.4205,0.00716
0.083,0.116,0.135,128294,9.6,1.2704,0.06306
0.052,0.334,0.085,685107,-2.8,0.2754,0.00876
0.097,0.179,0.11,667240,8.0,1.5172,0.02285
0.069,0.487,0.171,181998,-2.0,0.3406,0.02252
0.098,0.633,0.145,271368,4.3,1.1074,0.03975
0.046,0.269,0.188,477315,-1.4,0.2912,0.01077
0.021,0.294,0.192,208874,9.1,1.1386,0.02082
0.013,0.761,0.136,325478,11.5,1.1277,0.026
0.094,0.625,0.13,211779,2.8,0.8966,0.04558
0.046,0.446,0.091,563133,2.2,0.7927,0.00655
0.01,0.707,0.191,519870,1.9,0.2603,0.00883
0.078,0.72,0.135,799956,8.4,1.4962,0.02748
0.037,0.323,0.089,679131,11.1,1.3606,0.02282
0.021,0.412,0.131,887828,8.9,1.1277,0.01384
0.001,0.211,0.144,811730,14.0,1.2392,0.02576
0.076,0.332,0.139,675120,4.6,1.1629,0.01169
0.056,0.439,0.152,160897,8.2,1.3903,0.02098
0.027,0.394,0.17,558240,-1.7,0.1314,0.00858
0.022,0.155,0.199,691871,9.8,1.1266,0.01789
0.049,0.293,0.172,179016,4.2,1.008,0.01777
0.001,0.445,0.166,932858,-0.4,-0.0257,0.0068
0.069,0.264,0.181,608900,0.1,0.5466,0.01228
0.006,0.535,0.091,612983,14.7,1.0779,0.0677
0.078,0.226,0.191,123474,5.7,1.2092,0.03001
0.053,0.377,0.118,449855,-1.6,0.4251,0.00921
0.068,0.561,0.089,796281,-4.9,0.3532,0.00924
0.07,0.366,0.083,953864,-3.2,0.43,0.00861
0.017,0.231,0.167,582491,14.3,1.3208,0.02987
0.022,0.238,0.19,252309,6.2,1.0138,0.01786
0.08,0.117,0.157,317214,2.1,0.7369,0.02486
0.005,0.626,0.139,792975,11.7,1.1736,0.01886
0.083,0.508,0.139,298961,10.1,1.6547,0.02379
0.091,0.331,0.15,387262,5.9,1.3801,0.0174
0.047,0.533,0.18,160018,4.4,0.9554,0.01697
0.048,0.626,0.13,397498,-2.1,0.2589,0.01424
0.056,0.547,0.135,434580,13.5,1.4543,0.04391
0.083,0.335,0.126,455881,6.2,1.3918,0.01489
0.066,0.398,0.073,161101,4.6,1.211,0.015
0.015,0.174,0.091,465180,2.6,0.5179,0.00779
0.041,0.257,0.195,170633,8.7,1.2681,0.02628
0.082,0.688,0.166,840352,12.1,1.6207,0.04002
0.021,0.337,0.081,816686,-1.2,0.1178,0.00582
0.083,0.442,0.099,906064,10.1,1.6008,0.02659
0.095,0.557,0.128,610764,8.1,1.6705,0.01895
0.068,0.662,0.184,907196,-3.9,0.3514,0.01028
0.037,0.521,0.097,716842,-3.2,0.1393,0.00757
0.017,0.159,0.083,597664,-2.9,-0.1438,0.00947
0.018,0.201,0.139,689069,-2.6,-0.0716,0.00725
0.093,0.195,0.08,463113,8.5,1.6849,0.02351
0.031,0.384,0.096,408924,-4.3,-0.1234,0.01192
0.013,0.41,0.173,260021,2.2,0.3728,0.01114
0.085,0.48,0.119,331092,2.8,1.2622,0.01149
0.075,0.626,0.159,132418,13.9,1.5575,0.05723
0.017,0.267,0.168,317789,-3.3,-0.1509,0.01004
0.049,0.717,0.073,673570,2.4,0.9966,0.00675
0.087,0.125,0.144,411468,11.8,1.5866,0.04097
0.056,0.211,0.153,844307,10.5,1.4544,0.01839
0.021,0.368,0.149,473873,2.7,0.5387,0.00882
0.075,0.737,0.197,784040,6.3,1.1523,0.02088
0.038,0.176,0.182,871524,8.2,1.1324,0.0149
0.087,0.596,0.159,927074,2.3,1.2434,0.00886
0.052,0.371,0.186,349745,8.3,1.2787,0.01708
0.071,0.253,0.126,125951,-4.9,0.1627,0.05624
0.097,0.786,0.196,413982,6.9,1.4405,0.03219
0.076,0.205,0.136,415164,6.8,1.2838,0.01899
0.096,0.423,0.184,927852,9.3,1.6625,0.02264
0.009,0.462,0.16,698888,-4.6,-0.3331,0.00854
0.033,0.569,0.146,258211,5.2,0.9409,0.01178
0.047,0.795,0.109,773036,6.6,1.2524,0.01732
0.047,0.703,0.119,717349,-4.3,0.0241,0.01418
0.003,0.291,0.184,434446,12.6,1.1148,0.02482
0.061,0.459,0.119,323064,6.8,1.3493,0.01297
0.091,0.628,0.141,249655,9.8,1.654,0.03191
0.002,0.144,0.197,936926,14.0,1.2402,0.02413
0.08,0.103,0.095,422827,12.3,1.2069,0.09868
0.026,0.742,0.168,374293,1.9,0.4903,0.00918
0.02,0.438,0.168,665956,-2.1,0.0302,0.00798
0.094,0.409,0.165,906138,14.6,1.905,0.04446
0.007,0.392,0.115,775822,7.3,0.912,0.01247
0.051,0.577,0.187,866379,2.4,0.7182,0.0085
0.098,0.441,0.09,822791,2.3,1.3104,0.00917
0.09,0.377,0.132,630502,11.6,1.821,0.02334
0.013,0.265,0.188,943265,-3.8,-0.2127,0.00801
0.053,0.441,0.181,715375,0.5,0.5531,0.00897
0.05,0.195,0.116,304153,11.2,1.5654,0.0254
0.059,0.239,0.092,693884,-1.5,0.438,0.01062
0.084,0.113,0.171,673427,-4.9,0.3732,0.03985
0.087,0.46,0.188,667097,4.2,1.1119,0.01357
0.006,0.466,0.089,993584,10.2,1.1194,0.01679
0.029,0.594,0.172,687993,13.6,1.3559,0.02971
0.084,0.673,0.072,980745,8.7,1.6466,0.03306
0.0,0.558,0.127,407981,2.4,0.2675,0.00812
0.033,0.327,0.145,190730,6.2,1.0495,0.01638
0.067,0.114,0.199,436498,-0.1,0.4889,0.01868
0.029,0.393,0.162,294850,6.5,1.041,0.01367
0.094,0.652,0.179,981205,7.5,1.4078,0.0258
0.06,0.262,0.119,396449,1.9,0.7651,0.01229
0.034,0.734,0.129,672889,14.7,1.4854,0.03948
0.07,0.506,0.092,129797,8.4,1.4773,0.02277
0.071,0.569,0.105,882550,3.1,1.2556,0.00694
0.011,0.226,0.128,238542,14.1,1.1876,0.04297
0.033,0.366,0.089,191845,9.4,1.1732,0.02872
0.087,0.591,0.163,764434,0.4,1.0467,0.00957
0.016,0.719,0.109,868110,13.3,1.3528,0.027
0.005,0.475,0.118,967903,1.7,0.2252,0.00546
0.099,0.167,0.163,819780,8.4,1.2973,0.02886
0.013,0.626,0.137,661767,4.3,0.6483,0.0085
0.094,0.726,0.135,359677,-1.2,0.5145,0.04323
0.076,0.498,0.182,853576,2.8,0.966,0.01021
0.011,0.51,0.071,716328,-1.5,-0.0258,0.00568
0.054,0.298,0.091,509939,14.3,1.4675,0.05524
0.009,0.668,0.16,722337,-3.9,-0.2527,0.00796
0.078,0.216,0.085,106298,-1.7,0.5243,0.03518
0.0,0.312,0.145,129477,-0.8,-0.1726,0.0157
0.016,0.585,0.071,515395,2.9,0.5408,0.00692
0.048,0.768,0.188,694321,13.1,1.4005,0.03061
0.046,0.474,0.076,984091,2.5,0.8328,0.0053
0.003,0.173,0.143,117070,7.8,0.9045,0.02288
0.079,0.28,0.154,573854,10.8,1.6523,0.02255
0.085,0.205,0.176,902063,12.7,1.6722,0.03542
0.065,0.137,0.187,440708,0.0,0.5234,0.0161
0.019,0.583,0.182,122384,7.9,1.0165,0.02204
0.023,0.642,0.195,809034,15.0,1.3634,0.03448
0.097,0.332,0.124,991736,0.4,0.9511,0.01092
0.053,0.149,0.17,175784,13.6,1.3397,0.05928
0.099,0.619,0.078,587655,8.6,1.6196,0.04173
0.008,0.648,0.088,358441,10.4,1.0286,0.04022
0.057,0.681,0.185,215600,-1.7,0.0814,0.02768
0.006,0.312,0.103,675687,10.5,1.1028,0.02044
0.021,0.282,0.1,687169,5.7,0.872,0.00912
0.021,0.474,0.114,196962,12.8,1.2429,0.04682
0.085,0.279,0.165,788209,-4.9,0.3252,0.0118
0.053,0.708,0.071,378698,-1.7,0.2285,0.02095
0.042,0.414,0.14,285963,2.0,0.772,0.01007
0.057,0.667,0.113,279095,0.1,0.4579,0.02373
0.096,0.355,0.113,919193,2.6,1.184,0.01121
0.045,0.374,0.106,207251,13.7,1.353,0.05235
0.089,0.664,0.102,938032,14.9,1.8982,0.06822
0.028,0.676,0.17,855409,-2.8,0.11,0.00738
0.052,0.727,0.084,267064,11.8,1.3878,0.0824
0.021,0.698,0.091,259270,5.9,0.8632,0.01624
0.009,0.472,0.113,930455,14.3,1.3268,0.02882
0.065,0.53,0.133,662231,-0.4,0.771,0.00797
0.034,0.579,0.149,630669,-0.3,0.4239,0.00725
0.038,0.184,0.186,686447,9.4,1.1793,0.01802
0.045,0.479,0.108,148327,-0.9,0.2954,0.01841
0.037,0.487,0.195,791501,0.2,0.3745,0.00822
0.038,0.46,0.199,519680,-0.4,0.3437,0.00961
0.047,0.794,0.177,728643,3.2,0.7742,0.01116
0.059,0.131,0.175,430691,0.9,0.5644,0.01524
0.099,0.654,0.07,963029,5.4,1.4749,0.02952
0.055,0.654,0.13,837248,7.6,1.2553,0.01585
0.078,0.356,0.154,323479,-3.3,0.4683,0.01357
0.014,0.358,0.194,814577,11.4,1.189,0.01806
0.046,0.496,0.194,698504,1.9,0.5978,0.00903
0.082,0.141,0.142,640863,-4.9,0.3526,0.04492
0.036,0.415,0.114,230528,9.8,1.1921,0.0239
0.012,0.397,0.108,313852,8.0,0.9396,0.01797
0.046,0.674,0.076,608133,13.5,1.1147,0.15829
0.029,0.395,0.121,136977,5.8,0.9676,0.01603
0.061,0.766,0.155,357764,-4.6,-0.1777,0.02743
0.028,0.482,0.168,198361,5.9,0.9911,0.01497
0.048,0.502,0.119,940834,1.6,0.7583,0.00619
0.068,0.427,0.149,502766,7.6,1.3957,0.01378
0.011,0.791,0.199,978916,13.6,1.2591,0.02313
0.064,0.724,0.093,757919,5.3,1.2488,0.01739
0.03,0.156,0.16,452756,3.5,0.6974,0.01185
0.097,0.659,0.19,582505,7.4,1.391,0.02748
0.058,0.632,0.121,531607,4.7,1.1653,0.0092
0.072,0.353,0.129,809670,12.0,1.7292,0.02072
0.022,0.426,0.149,626201,-2.3,0.0323,0.00778
0.096,0.244,0.11,711792,11.8,1.8681,0.0253
0.016,0.752,0.14,111383,14.1,1.1286,0.0683
0.076,0.427,0.083,856986,11.2,1.5992,0.0324
0.081,0.528,0.075,226272,-1.1,0.6887,0.02148
0.044,0.487,0.112,912968,-3.3,0.1992,0.00724
0.015,0.32,0.128,177069,3.0,0.6516,0.01228
0.097,0.595,0.157,653163,13.2,1.7294,0.05241
0.028,0.432,0.124,996175,11.2,1.305,0.01864
0.023,0.751,0.175,589885,-4.4,-0.2863,0.01181
0.001,0.543,0.077,402371,-1.5,-0.2513,0.00636
0.093,0.531,0.128,506413,14.5,1.6784,0.07094
0.072,0.726,0.127,387541,11.5,1.5952,0.04305
0.023,0.122,0.187,415016,10.6,1.1069,0.02321
0.079,0.166,0.107,998467,9.1,1.5395,0.0185
0.065,0.33,0.172,681466,7.4,1.288,0.01455
0.028,0.627,0.083,223377,7.2,1.0339,0.02377
0.029,0.359,0.17,966112,13.5,1.3948,0.02572
0.099,0.594,0.133,489881,5.1,1.5326,0.01699
0.061,0.533,0.085,460513,0.9,0.8712,0.00776
0.028,0.691,0.12,745943,-3.5,0.0105,0.00868
0.032,0.196,0.096,784403,7.4,1.1095,0.01084
0.07,0.216,0.16,742928,11.8,1.6043,0.02522
0.081,0.552,0.077,486015,-2.2,0.781,0.01017
0.002,0.431,0.195,677410,12.4,1.1537,0.0212
0.045,0.447,0.075,453030,-0.5,0.487,0.00712
0.015,0.559,0.199,244352,-4.3,-0.3122,0.01524
0.076,0.243,0.156,723978,-1.4,0.5343,0.01183
0.044,0.505,0.126,304228,7.3,1.1806,0.01362
0.013,0.776,0.146,692482,13.2,1.2712,0.02484
0.088,0.21,0.119,367090,14.3,1.9255,0.04147
0.06,0.221,0.182,122779,7.1,1.2352,0.03092
0.023,0.258,0.091,372609,3.1,0.6217,0.00858
0.021,0.3,0.137,841088,5.1,0.8484,0.00891
0.085,0.557,0.105,361716,4.1,1.4445,0.0129
0.022,0.687,0.097,130256,8.9,1.1225,0.03791
0.014,0.323,0.103,344035,2.5,0.5408,0.00824
0.045,0.303,0.111,921850,13.8,1.5191,0.0325
0.046,0.488,0.089,932331,3.6,0.9444,0.00643
0.094,0.174,0.143,290653,-4.9,0.4617,0.05152
0.09,0.606,0.135,775259,-0.1,1.1321,0.00934
0.034,0.466,0.132,401693,3.8,0.861,0.00898
0.022,0.626,0.085,637434,9.1,1.1621,0.02015
0.099,0.29,0.11,534592,3.3,1.213,0.01511
0.053,0.45,0.177,408180,-2.1,0.373,0.01064
0.068,0.787,0.122,801112,-0.6,0.5741,0.02523
0.053,0.696,0.135,558591,4.6,1.0464,0.01111
0.076,0.23,0.101,842472,-4.0,0.3342,0.03996
0.054,0.622,0.095,235618,6.5,1.209,0.01671
0.041,0.641,0.195,246412,2.5,0.5746,0.01329
0.004,0.478,0.138,906013,2.4,0.2756,0.0063
0.093,0.725,0.158,619466,9.6,1.6247,0.03745
0.098,0.335,0.129,783510,13.8,1.9872,0.03172
0.07,0.386,0.11,835120,9.9,1.5972,0.01613
0.093,0.207,0.073,545320,-2.7,0.4956,0.04339
0.08,0.662,0.159,908446,1.6,1.0899,0.01012
0.014,0.76,0.116,472580,-0.1,0.1761,0.00716
0.019,0.297,0.127,623707,10.7,1.2018,0.01831
0.033,0.615,0.175,882071,2.0,0.5332,0.00759
0.025,0.266,0.161,622662,13.8,1.374,0.02748
0.008,0.785,0.078,199504,6.7,0.7984,0.026
0.045,0.611,0.132,224007,12.4,1.326,0.04009
0.033,0.233,0.144,532284,4.2,0.8835,0.01097
0.004,0.608,0.159,546497,3.3,0.356,0.00814
0.027,0.76,0.186,627907,8.2,0.9154,0.01389
0.049,0.105,0.196,549075,-2.4,0.2646,0.01474
0.004,0.208,0.07,266571,5.5,0.6337,0.01567
0.07,0.501,0.17,452529,-1.5,0.6356,0.01054
0.047,0.535,0.174,207297,0.1,0.4151,0.01644
0.004,0.489,0.193,281541,-4.3,-0.3672,0.01273
0.036,0.256,0.1,423784,14.4,1.3508,0.05086
0.092,0.33,0.081,551407,2.2,1.1476,0.012
0.068,0.545,0.148,945739,7.5,1.3653,0.01369
0.003,0.77,0.109,850673,9.4,1.0305,0.01568
0.055,0.579,0.136,454189,1.8,0.895,0.00903
0.022,0.742,0.089,430845,-2.4,-0.0981,0.01105
0.007,0.788,0.095,274866,-2.4,-0.3414,0.00947
0.02,0.131,0.089,926193,6.5,0.9182,0.0098
0.069,0.163,0.191,616195,3.0,0.6933,0.01644
0.079,0.26,0.101,570831,9.2,1.6292,0.01785
0.058,0.465,0.091,534655,6.4,1.2918,0.01103
0.069,0.591,0.17,326648,12.7,1.5044,0.03989
0.06,0.723,0.103,994171,-4.6,0.1788,0.0152
0.089,0.239,0.157,777072,-2.2,0.5467,0.01301
0.025,0.62,0.132,465917,8.4,1.0619,0.01565
0.004,0.3,0.118,370594,0.1,0.054,0.00687
0.093,0.42,0.133,786910,-0.9,0.8635,0.00931
0.061,0.296,0.146,335381,9.3,1.4858,0.01962
0.01,0.204,0.156,498103,-2.5,-0.1409,0.00785
0.09,0.776,0.104,563970,-3.2,0.3012,0.04169
0.021,0.184,0.161,630153,5.3,0.7978,0.01145
0.02,0.145,0.125,335101,-3.3,-0.126,0.01216
0.008,0.41,0.169,949490,10.3,1.1471,0.01504
0.008,0.181,0.107,631348,2.1,0.3281,0.00671
0.04,0.124,0.099,420077,9.6,1.3311,0.02144
0.056,0.312,0.099,332776,-2.8,0.3096,0.0131
0.069,0.511,0.116,549421,-2.7,0.5624,0.00902
0.057,0.708,0.177,930894,-0.4,0.5707,0.00938
0.097,0.134,0.196,615661,11.5,1.2385,0.04873
0.034,0.611,0.188,267276,-3.5,-0.1733,0.01788
0.038,0.25,0.071,240007,1.5,0.568,0.00842
0.027,0.175,0.151,538531,2.4,0.5155,0.00923
0.066,0.668,0.144,728775,-1.2,0.572,0.01333
0.006,0.306,0.119,510332,-2.2,-0.1624,0.00693
0.083,0.258,0.117,713228,8.9,1.5798,0.0175
0.034,0.25,0.177,253821,2.7,0.6889,0.01423
0.072,0.193,0.089,326304,-3.9,0.2967,0.04404
0.067,0.38,0.175,836548,14.2,1.6984,0.03559
0.025,0.597,0.13,119943,6.6,0.961,0.0175
0.016,0.591,0.103,884937,7.2,0.9516,0.01247
0.085,0.438,0.081,205522,4.5,1.4167,0.01499
0.06,0.125,0.16,768352,7.1,1.1295,0.01806
0.052,0.427,0.079,923262,-4.5,0.1295,0.00861
0.057,0.275,0.145,529016,5.2,1.065,0.01262
0.006,0.256,0.119,400597,4.6,0.6932,0.01049
0.095,0.198,0.111,863241,-3.0,0.5439,0.0414
0.021,0.664,0.181,325265,3.8,0.5442,0.01074
0.02,0.368,0.194,967859,4.4,0.5189,0.00805
0.023,0.143,0.082,303851,5.4,0.8039,0.013
0.057,0.282,0.122,299182,8.1,1.386,0.01804
0.059,0.593,0.106,147408,-2.8,0.0428,0.03004
0.018,0.184,0.173,879472,7.9,1.0385,0.0125
0.078,0.244,0.187,688037,1.3,0.6635,0.01405
0.068,0.29,0.162,287824,9.7,1.5324,0.02338
0.021,0.642,0.198,555009,-1.2,0.1388,0.0085
0.062,0.319,0.179,694910,10.9,1.5149,0.02019
0.055,0.732,0.118,818967,7.5,1.3113,0.01872
0.001,0.633,0.097,109830,-0.7,-0.0275,0.0137
0.016,0.716,0.092,786992,14.9,1.3441,0.04571
0.015,0.505,0.161,190162,-2.4,-0.1401,0.01444
0.008,0.278,0.095,248475,4.9,0.6678,0.01136
0.059,0.472,0.177,369793,1.0,0.7273,0.01109
0.017,0.587,0.101,986651,13.0,1.378,0.02337
0.047,0.224,0.075,321058,1.4,0.6082,0.01124
0.089,0.243,0.179,957369,0.6,0.7112,0.01339
0.011,0.521,0.117,114810,0.9,0.3314,0.01581
0.048,0.324,0.19,534580,7.7,1.1734,0.01493
0.01,0.794,0.143,807840,6.5,0.8096,0.01051
0.009,0.791,0.118,220872,-3.7,-0.5045,0.01256
0.055,0.791,0.128,667094,2.9,0.9803,0.01072
0.005,0.323,0.096,426096,2.9,0.488,0.00811
0.045,0.192,0.168,440213,1.0,0.4525,0.00943
0.037,0.769,0.119,949769,9.3,1.336,0.01796
0.003,0.596,0.12,234794,-0.2,0.002,0.00926
0.087,0.778,0.171,273860,5.3,1.2964,0.02652
0.095,0.191,0.181,523516,4.5,0.9577,0.02333
0.004,0.162,0.126,857663,6.3,0.7761,0.0103
0.033,0.227,0.189,774563,6.3,0.9797,0.01251
0.014,0.375,0.127,298073,-0.3,0.1212,0.00795
0.003,0.583,0.116,260810,12.9,1.0716,0.04591
0.085,0.162,0.152,746522,1.1,0.7673,0.02019
0.036,0.368,0.113,674134,12.6,1.3689,0.02881
0.02,0.717,0.082,861412,-1.8,0.1002,0.00651
0.023,0.469,0.188,563630,2.4,0.424,0.00846
0.021,0.5,0.196,396946,11.1,1.1192,0.02242
0.023,0.168,0.192,890025,11.8,1.2708,0.01915
0.024,0.515,0.118,478685,4.5,0.813,0.0088
0.045,0.317,0.076,121267,12.3,1.3392,0.07255
0.079,0.356,0.12,212265,12.5,1.8015,0.02982
0.053,0.729,0.186,129654,3.6,0.657,0.02566
0.061,0.39,0.139,168769,-0.5,0.5988,0.01501
0.033,0.749,0.183,816148,-3.2,-0.0151,0.00977
0.067,0.617,0.086,434098,-1.5,0.5961,0.01552
0.021,0.232,0.184,682652,14.7,1.3695,0.03063
0.058,0.419,0.196,575503,8.9,1.3221,0.01723
0.074,0.752,0.161,786211,11.7,1.6327,0.03708
0.015,0.2,0.144,647578,1.4,0.2659,0.00696
0.007,0.345,0.158,309258,4.0,0.5579,0.01181
0.049,0.64,0.165,314775,-2.5,0.068,0.01966
0.049,0.235,0.184,743957,2.2,0.5778,0.00961
0.038,0.4,0.109,783159,10.4,1.3139,0.01947
0.068,0.168,0.131,659847,12.0,1.6257,0.02577
0.096,0.235,0.102,508067,4.0,1.2422,0.01717
0.008,0.134,0.11,742610,7.5,0.9371,0.01198
0.026,0.76,0.126,767422,14.6,1.4518,0.03517
0.033,0.498,0.163,277487,12.5,1.2463,0.03209
0.087,0.422,0.074,701193,4.6,1.4281,0.00949
0.014,0.744,0.165,818297,7.2,0.8968,0.01119
0.024,0.764,0.109,580752,14.0,1.4139,0.03807
0.049,0.462,0.179,988900,-0.7,0.4281,0.00779
0.044,0.529,0.112,330040,-5.0,-0.0597,0.01493
0.048,0.271,0.159,227449,10.8,1.4695,0.02495
0.094,0.349,0.164,552501,2.3,0.9824,0.01452
0.088,0.211,0.1,361251,6.8,1.4713,0.02094
0.066,0.351,0.101,153303,12.5,1.4971,0.04461
0.052,0.622,0.073,841781,12.8,1.46,0.06392
0.085,0.384,0.195,978382,11.5,1.6999,0.02719
0.003,0.709,0.157,738072,14.5,1.2463,0.02901
0.073,0.261,0.08,491261,-4.5,0.2469,0.04692
0.022,0.462,0.128,842551,0.5,0.3122,0.0059
0.076,0.602,0.113,850175,1.9,1.2245,0.0075
0.008,0.463,0.169,277841,0.2,0.1086,0.00978
0.037,0.429,0.109,251756,1.8,0.6743,0.00909
0.046,0.273,0.082,311379,1.6,0.6528,0.00883
0.084,0.382,0.189,491467,-3.3,0.4371,0.01186
0.089,0.204,0.094,724929,1.7,0.9914,0.01818
0.092,0.319,0.151,792436,5.8,1.345,0.01513
0.092,0.213,0.159,560924,10.5,1.6034,0.02941
0.01,0.384,0.169,762128,14.3,1.2779,0.02835
0.05,0.518,0.076,315881,-4.9,-0.0086,0.02032
0.08,0.283,0.185,754658,4.1,1.047,0.01434
0.052,0.265,0.155,334575,-2.3,0.3073,0.01213
0.067,0.625,0.182,379505,8.3,1.2861,0.02096
0.029,0.335,0.184,396648,10.1,1.1976,0.01779
0.029,0.782,0.146,666511,1.2,0.5193,0.00692
0.046,0.78,0.11,339883,1.1,0.5452,0.01974
0.038,0.791,0.095,457226,5.8,1.0887,0.0163
0.008,0.697,0.162,569510,-4.8,-0.3947,0.0098
0.019,0.35,0.171,302647,-4.4,-0.2236,0.01212
0.041,0.611,0.151,331513,-3.5,-0.0343,0.016
0.039,0.779,0.131,822600,0.3,0.5205,0.00918
0.011,0.627,0.084,375685,-4.1,-0.4437,0.01181
0.068,0.578,0.191,165877,14.5,1.511,0.05166
0.024,0.592,0.175,722182,12.9,1.2974,0.0252
0.015,0.529,0.079,601852,12.4,1.0345,0.05996
0.032,0.715,0.155,181029,6.5,0.9695,0.01576
0.026,0.431,0.152,769479,-4.6,-0.1529,0.00851
0.019,0.655,0.15,491434,2.9,0.5186,0.00816
0.027,0.221,0.126,475957,-3.5,-0.0601,0.01004
0.039,0.27,0.166,478729,9.8,1.2837,0.01676
0.04,0.75,0.181,361281,-1.4,0.1331,0.01534
0.002,0.236,0.17,332176,-3.9,-0.3733,0.01084
0.057,0.302,0.084,425319,9.2,1.4298,0.01863
0.019,0.653,0.188,599286,-4.8,-0.2293,0.0098
0.042,0.738,0.156,264869,0.6,0.3708,0.01739
0.089,0.106,0.104,263595,4.1,1.1498,0.03039
0.041,0.573,0.157,498742,9.1,1.1951,0.01729
0.073,0.629,0.2,273379,1.7,0.595,0.02371
0.032,0.601,0.108,341077,5.4,0.9424,0.01117
0.084,0.137,0.128,249428,12.2,1.6519,0.05252
0.053,0.548,0.156,974891,6.0,1.1286,0.01008
0.063,0.584,0.091,409718,9.1,1.3946,0.0278
0.007,0.348,0.101,419930,10.6,1.0866,0.02579
0.055,0.656,0.152,256655,1.2,0.5422,0.02098
0.005,0.534,0.173,454407,14.6,1.1753,0.03576
0.07,0.267,0.087,745552,11.3,1.6467,0.023
0.064,0.39,0.172,994279,12.5,1.6434,0.02475
0.092,0.228,0.102,946475,12.7,1.9176,0.02458
0.061,0.258,0.136,544220,-3.4,0.2815,0.01163
0.016,0.557,0.099,329506,6.1,0.8246,0.01412
0.096,0.78,0.137,503932,-2.1,0.4441,0.04307
0.075,0.246,0.161,812869,8.9,1.4411,0.019
0.099,0.775,0.142,607701,14.3,1.8964,0.07813
0.014,0.223,0.076,857046,8.1,0.9902,0.01401
0.028,0.269,0.194,384386,12.7,1.299,0.02566
0.006,0.541,0.148,856359,10.3,1.1249,0.01561
0.009,0.62,0.136,475683,4.6,0.6626,0.0099
0.076,0.44,0.083,634448,1.6,1.0395,0.00751
0.066,0.737,0.132,524836,8.6,1.425,0.02559
0.029,0.682,0.13,690019,13.6,1.3932,0.03117
0.054,0.655,0.079,173226,4.3,0.9942,0.02056
0.044,0.684,0.161,505825,10.8,1.3043,0.02354
0.01,0.438,0.071,873559,0.8,0.2452,0.00413
0.084,0.268,0.106,863477,10.6,1.7516,0.01813
0.04,0.553,0.171,218938,7.8,1.1129,0.01706
0.028,0.102,0.108,123408,9.4,1.1795,0.03808
0.028,0.423,0.087,822191,5.5,0.8936,0.01037
0.012,0.611,0.096,276366,3.5,0.5921,0.0089
0.096,0.635,0.159,873235,-2.9,0.7821,0.01182
0.056,0.589,0.15,956868,14.4,1.5787,0.04051
0.08,0.515,0.109,211561,7.2,1.5689,0.01732
0.002,0.308,0.128,112039,10.2,1.01,0.03799
0.099,0.708,0.107,248210,4.2,1.1771,0.05175
0.05,0.261,0.19,900256,9.0,1.2716,0.01582
0.052,0.397,0.165,444135,8.6,1.3087,0.01508
0.014,0.632,0.131,987031,13.6,1.3454,0.02433
0.1,0.267,0.153,421369,14.7,1.9532,0.04327
0.063,0.467,0.095,357002,3.6,1.1266,0.00945
0.069,0.338,0.147,594248,10.8,1.6109,0.01885
0.009,0.159,0.109,383103,13.3,1.1856,0.03581
0.071,0.597,0.085,819012,13.5,1.7082,0.04928
0.093,0.477,0.114,431210,-3.7,0.6783,0.01223
0.07,0.768,0.18,336896,9.2,1.3894,0.02832
0.027,0.602,0.094,173524,-2.5,-0.1654,0.01556
0.056,0.741,0.152,911843,-4.9,-0.0248,0.01718
0.03,0.265,0.136,784224,6.1,1.0228,0.01008
0.037,0.321,0.167,470832,3.1,0.7629,0.0108
0.064,0.567,0.166,508630,-4.1,0.3183,0.01118
0.047,0.668,0.175,622340,9.7,1.2521,0.02014
0.052,0.184,0.161,826247,2.0,0.6285,0.01156
0.073,0.325,0.153,773348,-4.1,0.3257,0.01006
0.038,0.216,0.099,707550,-3.2,0.0717,0.00963
0.035,0.512,0.164,606145,-2.6,0.1673,0.00839
0.073,0.626,0.096,426963,0.8,0.8308,0.01966
0.048,0.772,0.089,617480,6.0,1.2192,0.01775
0.018,0.746,0.076,517890,1.2,0.397,0.00601
0.033,0.247,0.158,173290,12.7,1.4008,0.02972
0.022,0.304,0.136,834549,-0.7,0.1546,0.00636
0.073,0.583,0.174,135895,8.8,1.4204,0.02802
0.026,0.678,0.131,888388,13.6,1.4132,0.02716
0.064,0.427,0.072,299723,12.5,1.4705,0.06599
0.035,0.349,0.115,648966,10.5,1.2947,0.01933
0.037,0.303,0.089,727250,-3.2,0.0729,0.0086
0.012,0.341,0.091,410377,10.1,1.0905,0.0259
0.093,0.348,0.084,937538,5.3,1.4746,0.01092
0.057,0.154,0.074,989230,-0.9,0.4408,0.02205
0.045,0.494,0.14,167020,7.7,1.2331,0.01739
0.066,0.149,0.175,649653,-1.0,0.4732,0.01383
0.069,0.793,0.156,432922,5.7,1.2494,0.02022
0.079,0.131,0.117,604612,12.8,1.7119,0.036
0.037,0.73,0.168,472781,11.2,1.2731,0.02351
0.047,0.702,0.177,529249,-0.9,0.3507,0.01216
0.032,0.406,0.071,498723,-2.9,0.0571,0.00942
0.068,0.39,0.15,586970,8.9,1.479,0.0153
0.015,0.675,0.101,576880,11.7,1.2356,0.02705
0.096,0.719,0.175,860770,1.4,0.9015,0.02656
0.065,0.69,0.179,210928,3.5,0.7747,0.02321
0.07,0.289,0.088,889416,-0.5,0.6582,0.0097
0.019,0.308,0.156,203176,2.0,0.516,0.01324
0.065,0.218,0.085,786302,6.9,1.3331,0.01294
0.063,0.296,0.129,245454,-2.9,0.3597,0.01581
0.009,0.281,0.14,304118,11.6,1.0956,0.0254
0.018,0.5,0.157,951371,10.2,1.1611,0.01528
0.031,0.775,0.102,913060,6.9,1.1276,0.01423
0.089,0.593,0.118,234925,10.5,1.6475,0.03723
0.013,0.199,0.077,918376,2.6,0.479,0.00633
0.048,0.407,0.118,613758,13.6,1.4456,0.03942
0.027,0.341,0.126,582056,1.7,0.5134,0.00738
0.045,0.222,0.095,496246,6.1,1.0804,0.0124
0.093,0.523,0.145,833810,-0.8,0.9861,0.00856
0.085,0.498,0.171,465316,12.0,1.6751,0.03376
0.051,0.612,0.093,354756,10.6,1.4086,0.03407
0.031,0.397,0.198,775670,5.9,0.9229,0.01076
0.024,0.403,0.147,704379,4.8,0.8752,0.00907
0.077,0.212,0.096,626548,14.9,1.9342,0.0303
0.029,0.349,0.146,996286,10.9,1.3035,0.01648
0.095,0.352,0.153,589314,2.2,1.0156,0.01387
0.097,0.141,0.13,143335,7.4,1.4383,0.04424
0.065,0.662,0.12,147803,-0.6,0.2655,0.03608
0.058,0.405,0.138,365569,4.3,1.0806,0.0114
0.05,0.697,0.086,226063,12.1,1.2851,0.09564
0.039,0.509,0.148,198457,12.9,1.2697,0.03971
0.014,0.687,0.153,972050,5.2,0.6518,0.00828
0.088,0.258,0.121,916047,-2.8,0.5569,0.01232
0.056,0.567,0.099,659239,14.2,1.5662,0.04877
0.006,0.221,0.142,169842,-1.7,-0.1942,0.01287
0.022,0.751,0.158,575275,13.2,1.3014,0.02703
0.057,0.325,0.088,982459,-4.3,0.1637,0.00913
0.015,0.772,0.107,511519,10.9,1.206,0.02508
0.035,0.433,0.17,668074,14.0,1.3913,0.03426
0.023,0.452,0.132,718551,12.7,1.3036,0.02525
0.091,0.363,0.104,340230,5.1,1.4375,0.01494
0.098,0.538,0.174,527078,3.2,1.2692,0.01349
0.01,0.622,0.121,839851,8.7,1.0331,0.01425
0.082,0.474,0.16,231859,4.3,1.2671,0.01659
0.05,0.615,0.115,967749,6.4,1.162,0.01213
0.049,0.599,0.111,449891,8.6,1.2634,0.02032
0.067,0.533,0.074,598152,10.5,1.5042,0.03581
0.093,0.45,0.074,229549,14.2,1.6502,0.09228
0.064,0.205,0.142,934100,1.9,0.7567,0.01159
0.071,0.161,0.135,424493,12.7,1.6733,0.03343
0.03,0.76,0.116,161057,-4.0,-0.365,0.01783
0.096,0.378,0.179,991798,7.8,1.5423,0.01918
0.045,0.65,0.137,376180,-0.1,0.4416,0.01361
0.075,0.553,0.182,515578,5.8,1.185,0.01423
0.094,0.444,0.198,299664,10.5,1.6903,0.02914
0.066,0.421,0.113,712108,4.6,1.1951,0.00896
0.044,0.773,0.125,738518,12.5,1.5561,0.031
0.089,0.711,0.148,399043,-1.3,0.4672,0.03671
0.001,0.762,0.112,373706,1.7,0.2199,0.00747
0.039,0.708,0.157,611280,9.1,1.1901,0.01731
0.06,0.647,0.123,427138,6.3,1.2444,0.01379
0.036,0.705,0.16,147225,15.0,1.3617,0.05369
0.095,0.385,0.08,963570,11.9,1.5863,0.04309
0.085,0.107,0.088,422570,3.5,1.0892,0.02685
0.078,0.705,0.087,423013,5.7,1.3718,0.0222
0.006,0.472,0.148,653849,-2.4,-0.1539,0.00723
0.053,0.311,0.186,587537,13.5,1.5661,0.02841
0.052,0.232,0.15,485386,12.7,1.5726,0.02387
0.016,0.458,0.136,362924,-0.2,0.1653,0.00765
0.017,0.462,0.191,429639,0.1,0.1916,0.00927
0.067,0.415,0.198,192080,10.0,1.4909,0.02706
0.096,0.517,0.191,379721,14.0,1.7391,0.05281
0.051,0.596,0.124,144964,2.1,0.5774,0.02597
0.088,0.252,0.152,456496,11.1,1.7002,0.02737
0.044,0.205,0.112,578602,-3.3,0.1231,0.01116
0.088,0.513,0.076,541825,11.4,1.6212,0.05005
0.007,0.553,0.144,621459,14.8,1.2498,0.03514
0.052,0.757,0.089,302906,-2.1,0.0896,0.02139
0.021,0.406,0.077,800381,3.8,0.6686,0.00722
0.039,0.694,0.105,611879,11.4,1.4242,0.02795
0.08,0.719,0.134,896598,11.3,1.6859,0.03937
0.054,0.456,0.102,655171,5.1,1.1515,0.00861
0.002,0.535,0.187,600691,12.5,1.1407,0.02206
0.048,0.642,0.178,896374,9.5,1.2751,0.01891
0.067,0.187,0.148,213765,9.9,1.5138,0.03191
0.019,0.583,0.156,468758,9.2,1.056,0.01622
0.098,0.231,0.181,573513,11.1,1.6365,0.03458
0.036,0.155,0.096,328002,3.9,0.7708,0.0123
0.04,0.727,0.084,677153,2.7,0.8717,0.00761
0.01,0.227,0.07,677347,0.0,0.1343,0.00435
0.059,0.285,0.084,686131,3.1,0.9284,0.00891
0.032,0.549,0.17,888226,12.1,1.3285,0.02282
0.083,0.229,0.128,279555,-2.3,0.5545,0.03023
0.042,0.49,0.078,343807,5.5,1.0331,0.01277
0.045,0.203,0.074,354739,4.2,0.8785,0.01186
0.036,0.735,0.096,525648,6.9,1.135,0.01673
0.098,0.298,0.136,913031,4.4,1.245,0.01454
0.033,0.125,0.142,874048,12.1,1.3993,0.02003
0.069,0.38,0.152,803938,-0.8,0.6026,0.00911
0.059,0.294,0.096,311011,10.9,1.5582,0.02101
0.034,0.259,0.166,591076,13.4,1.4521,0.0244
0.017,0.136,0.12,110347,-0.1,0.3482,0.01506
0.086,0.163,0.144,745145,8.8,1.359,0.02473
0.042,0.741,0.081,141879,8.6,1.3275,0.05682
0.067,0.197,0.116,743047,2.2,0.8418,0.01259
0.022,0.4,0.102,666986,3.4,0.6845,0.00708
0.073,0.497,0.117,366634,8.7,1.538,0.01709
0.05,0.29,0.174,814036,4.1,0.9537,0.01065
0.053,0.182,0.074,500289,2.2,0.7342,0.01231
0.06,0.274,0.082,287356,-4.3,0.153,0.04313
0.036,0.761,0.173,719405,-2.5,0.0765,0.01105
0.019,0.547,0.188,980143,12.0,1.2312,0.01987
0.005,0.184,0.185,667456,10.0,1.1184,0.01588
0.083,0.435,0.09,638560,11.4,1.6081,0.03873
0.035,0.603,0.119,987838,7.8,1.136,0.01344
0.044,0.427,0.155,455202,6.7,1.1289,0.01187
0.023,0.282,0.096,688072,11.8,1.2902,0.0238
0.078,0.603,0.177,134578,7.7,1.2266,0.03515
0.006,0.553,0.095,335289,5.7,0.7058,0.0137
0.047,0.692,0.176,140042,-1.5,-0.027,0.03076
0.087,0.335,0.158,578608,13.2,1.856,0.02951
0.097,0.746,0.117,891487,-0.8,0.7383,0.03923
0.04,0.65,0.122,913686,0.9,0.6861,0.00576
0.05,0.719,0.143,257013,7.1,1.1678,0.01697
0.038,0.369,0.196,144921,-1.0,0.2399,0.01619
0.016,0.545,0.17,707487,2.9,0.4375,0.00765
0.055,0.108,0.14,665295,7.1,1.0551,0.01845
0.079,0.169,0.08,833584,13.0,1.8796,0.02335
0.084,0.359,0.137,871439,-2.2,0.6225,0.00945
0.051,0.166,0.072,570167,13.6,1.55,0.03887
0.087,0.596,0.178,785979,9.5,1.5334,0.02827
0.089,0.624,0.088,555966,11.9,1.7033,0.0555
0.017,0.545,0.165,621316,14.0,1.2849,0.03038
0.079,0.617,0.192,986728,9.2,1.3324,0.02517
0.041,0.784,0.121,289540,9.3,1.2912,0.02576
0.071,0.733,0.157,761458,11.2,1.5709,0.0333
0.061,0.346,0.089,552525,-1.6,0.4963,0.00893
0.008,0.76,0.137,938323,6.1,0.7689,0.00985
0.052,0.152,0.149,992045,4.3,0.9858,0.01161
0.034,0.753,0.183,643519,-4.7,-0.2667,0.01395
0.087,0.433,0.08,906391,-0.1,0.9787,0.00758
0.057,0.662,0.199,699460,-3.6,0.1717,0.0118
0.079,0.62,0.086,821662,5.5,1.3949,0.0145
0.019,0.623,0.081,588276,2.1,0.5294,0.00532
0.055,0.346,0.156,772366,-3.7,0.2066,0.00917
0.085,0.237,0.14,723405,10.9,1.6757,0.0238
0.053,0.699,0.127,625287,6.9,1.1995,0.01578
0.057,0.63,0.117,280905,4.0,1.049,0.01348
0.049,0.395,0.075,381622,0.7,0.6411,0.00672
0.009,0.604,0.12,258798,-4.8,-0.5741,0.01379
0.024,0.322,0.104,500257,5.9,0.9147,0.00997
0.014,0.171,0.152,204197,-3.6,-0.3134,0.01327
0.035,0.294,0.194,950420,13.7,1.4562,0.02539
0.014,0.716,0.121,440755,9.5,1.0665,0.01933
0.041,0.683,0.154,314561,0.6,0.4247,0.01424
0.034,0.458,0.136,739026,-3.3,0.0722,0.00786
0.081,0.653,0.073,122638,2.2,0.6727,0.05128
0.074,0.535,0.105,274148,8.0,1.5195,0.01741
0.013,0.773,0.08,750045,-5.0,-0.4705,0.01088
0.013,0.261,0.129,265618,13.7,1.181,0.03928
0.068,0.232,0.165,894251,3.5,0.8562,0.01288
0.05,0.627,0.071,559265,2.5,0.9702,0.00612
0.045,0.104,0.134,548967,3.7,0.7509,0.01466
0.013,0.609,0.099,354990,2.0,0.4996,0.00684
0.093,0.434,0.102,703012,5.2,1.4935,0.01089
0.063,0.707,0.118,640179,-1.8,0.4241,0.01919
0.06,0.15,0.19,942540,1.3,0.5384,0.0129
0.023,0.295,0.17,747957,12.5,1.3147,0.02102
0.061,0.135,0.078,330503,8.2,1.3859,0.02586
0.081,0.281,0.186,712783,10.6,1.573,0.02513
0.099,0.344,0.187,936350,1.2,0.8387,0.01384
0.094,0.348,0.103,182988,4.9,1.4528,0.01963
0.041,0.707,0.107,263734,-4.8,-0.3736,0.01991
0.024,0.272,0.188,297845,9.6,1.152,0.01905
0.074,0.373,0.128,138071,3.6,1.1448,0.019
0.055,0.571,0.109,592975,10.3,1.4031,0.02572
0.013,0.605,0.158,184449,13.0,1.1296,0.03574
0.058,0.28,0.182,623783,-1.6,0.3604,0.0106
0.012,0.237,0.125,631871,9.3,1.0974,0.01543
0.005,0.113,0.194,535499,-1.1,-0.0486,0.00868
0.028,0.286,0.107,154584,4.9,0.8524,0.01478
0.075,0.676,0.094,266815,7.7,1.4034,0.031
0.065,0.154,0.137,161315,11.5,1.4473,0.05156
0.014,0.772,0.195,488618,5.6,0.5615,0.01105
0.028,0.393,0.151,558857,5.8,0.9958,0.01039
0.06,0.463,0.095,416681,2.9,1.0221,0.00832
0.032,0.122,0.157,234056,14.7,1.4794,0.04414
0.045,0.401,0.17,303109,14.4,1.4046,0.04382
0.078,0.362,0.139,608041,3.7,1.1119,0.0111
0.076,0.105,0.117,332508,-3.9,0.3439,0.04249
0.017,0.141,0.19,220480,0.9,0.2255,0.01208
0.001,0.341,0.118,436960,14.8,1.1383,0.04729
0.055,0.34,0.188,287322,11.7,1.4941,0.02542
0.02,0.171,0.162,618089,-4.6,-0.2181,0.00987
0.03,0.35,0.151,953027,7.9,1.1518,0.01094
0.068,0.397,0.119,161036,4.6,1.2212,0.0173
0.087,0.384,0.143,451302,13.4,1.8402,0.03256
0.083,0.624,0.18,648393,6.5,1.273,0.01891
0.045,0.369,0.14,597124,-3.0,0.1939,0.00896
0.056,0.271,0.071,717842,6.1,1.2058,0.01042
0.052,0.212,0.088,283248,14.6,1.4469,0.0625
0.02,0.499,0.087,711101,-3.8,-0.1618,0.00848
0.077,0.294,0.145,232304,9.2,1.6092,0.02563
0.061,0.219,0.16,714587,-2.9,0.305,0.01088
0.077,0.747,0.096,820456,7.2,1.5003,0.02867
0.042,0.362,0.128,551055,0.9,0.5899,0.00738
0.064,0.628,0.085,682182,-3.3,0.5046,0.00961
0.02,0.561,0.197,475481,5.5,0.7263,0.01132
0.039,0.755,0.149,313757,-4.6,-0.3142,0.02083
0.036,0.361,0.076,830331,-3.4,0.0509,0.00815
0.072,0.662,0.083,457299,-0.6,0.6317,0.02335
0.008,0.579,0.158,731420,9.7,1.08,0.01514
0.036,0.213,0.101,924277,1.0,0.4523,0.00713
0.02,0.588,0.159,678427,12.3,1.2577,0.02252
0.076,0.417,0.197,560467,14.5,1.679,0.04552
0.027,0.7,0.094,262903,10.0,1.2564,0.0371
0.055,0.431,0.084,304333,8.5,1.2965,0.02266
0.029,0.762,0.19,111859,-1.3,-0.159,0.02805
0.082,0.755,0.186,282608,13.1,1.6023,0.05098
0.054,0.762,0.178,740182,4.7,0.9369,0.01348
0.071,0.773,0.123,793198,14.5,1.8282,0.05956
0.036,0.678,0.144,970469,-3.5,0.1542,0.00743
0.089,0.723,0.156,197928,-4.4,-0.1026,0.04655
0.065,0.36,0.082,781219,-4.3,0.2592,0.01041
0.012,0.336,0.113,532149,10.8,1.1363,0.02133
0.083,0.295,0.193,991948,9.1,1.481,0.02171
0.072,0.596,0.111,353240,8.0,1.4434,0.02003
0.005,0.246,0.163,858044,7.7,0.8803,0.01166
0.043,0.502,0.123,418090,12.9,1.3568,0.03754
0.029,0.571,0.137,128363,11.6,1.1964,0.03618
0.048,0.512,0.127,559600,-4.4,0.1299,0.00951
0.036,0.556,0.163,212135,7.3,1.0659,0.01596
0.032,0.772,0.131,400815,-0.0,0.299,0.01271
0.049,0.143,0.13,351944,2.0,0.635,0.01476
0.096,0.24,0.132,933308,-3.6,0.5259,0.01423
0.013,0.721,0.189,772139,1.1,0.2207,0.00775
0.055,0.22,0.095,303466,5.5,1.0984,0.0152
0.025,0.602,0.159,612046,6.2,0.9106,0.01083
0.022,0.767,0.147,229404,10.6,1.1244,0.02514
0.1,0.715,0.183,522305,14.3,1.7659,0.06582
0.016,0.787,0.191,966283,-0.6,0.0974,0.00726
0.053,0.61,0.19,767731,7.3,1.0226,0.01512
0.027,0.301,0.155,519206,13.1,1.3401,0.02644
0.045,0.248,0.124,372218,-1.4,0.3293,0.01054
0.094,0.146,0.119,764505,-0.2,0.7888,0.02796
0.09,0.541,0.13,533266,-4.0,0.669,0.01107
0.086,0.273,0.115,972963,7.2,1.4804,0.01394
0.058,0.643,0.156,192119,0.9,0.4342,0.02761
0.01,0.199,0.184,873309,11.9,1.2266,0.01771
0.042,0.269,0.1,649032,9.8,1.3578,0.017
0.057,0.641,0.11,953244,6.5,1.232,0.01401
0.032,0.442,0.177,484487,0.1,0.3523,0.00887
0.036,0.241,0.084,129749,7.0,1.0981,0.02042
0.01,0.122,0.162,541082,11.9,1.1938,0.01987
0.026,0.736,0.107,196178,-1.8,-0.1421,0.01519
0.004,0.506,0.186,656534,-0.3,0.0205,0.00795
0.02,0.475,0.14,833927,6.9,0.996,0.01112
0.069,0.123,0.071,389821,7.4,1.3675,0.02679
0.001,0.468,0.179,150942,7.3,0.9751,0.02128
0.008,0.568,0.093,876607,-1.2,-0.0092,0.00505
0.017,0.681,0.2,422300,11.4,1.1024,0.02243
0.056,0.268,0.088,423145,8.6,1.4235,0.01501
0.034,0.135,0.161,238963,-4.0,-0.0251,0.01675
0.016,0.328,0.124,595242,6.6,0.9384,0.01115
0.07,0.378,0.156,904879,1.3,0.778,0.00965
0.015,0.146,0.156,720635,11.7,1.2653,0.01709
0.073,0.539,0.136,134724,-1.0,0.3198,0.03765
0.054,0.568,0.089,942976,13.2,1.619,0.03452
0.021,0.531,0.104,553916,2.3,0.598,0.0062
0.069,0.357,0.101,717430,-1.4,0.5975,0.00863
0.027,0.656,0.163,947357,-0.4,0.3384,0.00627
0.042,0.557,0.129,358184,11.5,1.3066,0.02965
0.077,0.319,0.111,992102,12.6,1.7706,0.02505
0.0,0.604,0.107,644568,6.9,0.8113,0.01315
0.035,0.575,0.177,611626,0.9,0.4981,0.00792
0.064,0.36,0.188,644167,12.1,1.5787,0.02511
0.022,0.456,0.182,751252,7.0,1.0125,0.01159
0.018,0.163,0.185,218749,2.0,0.3746,0.01294
0.01,0.647,0.111,278364,10.8,1.1217,0.03111
0.019,0.784,0.173,310242,14.2,1.2128,0.03779
0.071,0.449,0.108,245832,7.0,1.4902,0.01533
0.018,0.131,0.137,830110,-0.6,0.1051,0.00637
0.095,0.391,0.162,962845,4.5,1.2155,0.01375
0.011,0.103,0.106,145077,-3.4,-0.4125,0.01684
0.049,0.518,0.124,500251,1.7,0.8182,0.00715
0.076,0.592,0.152,875448,6.4,1.3216,0.01399
0.006,0.207,0.198,614860,0.5,0.0844,0.00846
0.074,0.75,0.089,810743,11.1,1.7748,0.04118
0.012,0.351,0.108,178664,4.9,0.7265,0.01248
0.068,0.337,0.141,274520,5.2,1.2158,0.01557
0.088,0.505,0.178,355937,-4.3,0.5005,0.01436
0.047,0.676,0.167,266145,-3.6,-0.1524,0.02307
0.041,0.591,0.081,600213,10.7,1.3939,0.02964
0.022,0.268,0.173,530715,11.9,1.2663,0.02013
0.041,0.407,0.108,930585,14.5,1.4907,0.03887
0.068,0.411,0.178,219225,-3.8,0.3017,0.01673
0.014,0.519,0.112,165075,-2.0,-0.2097,0.01377
0.027,0.121,0.181,740566,1.1,0.3007,0.00792
0.026,0.368,0.135,127633,0.2,0.4752,0.01448
0.07,0.531,0.104,810762,3.3,1.2239,0.0068
0.046,0.303,0.143,117399,4.7,1.0066,0.02049
0.071,0.305,0.153,541543,8.3,1.4202,0.01683
0.074,0.392,0.081,711972,13.7,1.6092,0.05464
0.077,0.731,0.102,176825,1.2,0.6259,0.04556
0.037,0.453,0.131,341588,-4.9,-0.1013,0.01267
0.021,0.484,0.113,966087,5.2,0.8441,0.00893
0.044,0.229,0.081,294660,6.9,1.1519,0.01533
0.096,0.294,0.127,503254,3.2,1.1403,0.01552
0.065,0.377,0.112,865630,13.8,1.577,0.04336
0.064,0.436,0.122,569411,7.7,1.4069,0.01231
0.032,0.79,0.187,444674,-3.8,-0.2188,0.01487
0.065,0.584,0.163,424703,1.3,0.881,0.01095
0.081,0.434,0.141,834586,10.4,1.6849,0.01934
0.054,0.563,0.138,785218,-3.8,0.3033,0.0081
0.019,0.201,0.099,879204,-0.2,0.163,0.00519
0.016,0.126,0.102,217107,8.7,1.046,0.01951
0.006,0.665,0.174,465171,-1.3,-0.0349,0.00829
0.067,0.433,0.176,916588,-2.0,0.4583,0.00858
0.026,0.102,0.18,734462,13.9,1.3018,0.03263
0.08,0.457,0.15,400579,-1.2,0.7557,0.01112
0.061,0.107,0.12,784261,14.5,1.6776,0.03723
0.08,0.143,0.113,418621,-1.0,0.5982,0.03014
0.04,0.35,0.089,883858,6.2,1.0869,0.00937
0.059,0.335,0.12,591422,-1.3,0.4917,0.00912
0.033,0.165,0.124,776019,2.3,0.5931,0.00865
0.066,0.749,0.126,229248,0.2,0.4757,0.03316
0.025,0.145,0.133,621430,13.5,1.4559,0.02156
0.003,0.159,0.18,261640,10.2,1.0297,0.0214
0.056,0.626,0.144,564319,-0.3,0.6662,0.00953
0.088,0.331,0.172,492619,11.4,1.7328,0.02656
0.038,0.388,0.197,733642,1.6,0.4328,0.00874
0.076,0.647,0.084,750956,9.5,1.5896,0.03168
0.042,0.328,0.155,908855,3.4,0.8535,0.00868
0.043,0.409,0.133,925486,4.1,0.9537,0.0077
0.063,0.295,0.15,332956,14.7,1.7096,0.03495
0.032,0.629,0.131,924553,11.2,1.3263,0.02003
0.08,0.618,0.124,983197,-4.2,0.6254,0.00833
0.046,0.754,0.084,699297,11.0,1.576,0.03249
0.084,0.597,0.078,946944,10.1,1.6597,0.03488
0.031,0.355,0.187,321719,-2.6,0.084,0.01115
0.054,0.61,0.098,251671,13.1,1.5281,0.05822
0.099,0.292,0.102,393357,3.6,1.2666,0.01642
0.058,0.215,0.176,456173,-0.7,0.448,0.01211
0.059,0.696,0.186,705619,7.8,1.1392,0.01854
0.078,0.208,0.089,142819,8.2,1.5363,0.03481
0.018,0.64,0.091,350233,8.8,1.0731,0.02396
0.04,0.569,0.098,918868,6.4,1.0953,0.01257
0.083,0.665,0.138,943854,-4.3,0.5495,0.01127
0.048,0.758,0.141,573528,-2.2,0.1602,0.01751
0.074,0.68,0.096,626126,6.8,1.3875,0.02333
0.084,0.711,0.125,351162,-3.5,0.134,0.03851
0.023,0.543,0.074,148618,-0.9,-0.0204,0.01177
0.041,0.223,0.132,704280,0.7,0.4549,0.00809
0.048,0.578,0.116,440672,13.2,1.4274,0.04163
0.004,0.303,0.143,952279,1.6,0.1899,0.00622
0.1,0.505,0.138,831534,12.8,1.8031,0.04419
0.004,0.195,0.085,208845,5.7,0.6674,0.01593
0.078,0.797,0.114,937857,0.9,0.873,0.03008
0.034,0.388,0.199,159023,13.7,1.3009,0.03839
0.012,0.231,0.126,780438,13.7,1.2983,0.02694
0.063,0.11,0.095,748860,9.5,1.4807,0.02357
0.035,0.544,0.075,223734,4.7,0.9135,0.0114
0.077,0.167,0.109,174968,0.3,0.6893,0.0276
0.029,0.559,0.136,245576,15.0,1.3127,0.05108
0.069,0.363,0.194,767001,3.9,0.9992,0.01185
0.064,0.703,0.142,459087,0.5,0.595,0.02107
0.01,0.593,0.071,371635,7.6,0.876,0.02871
0.084,0.571,0.112,618982,8.9,1.5644,0.02468
0.07,0.38,0.16,338188,-3.0,0.4323,0.01242
0.045,0.112,0.072,773532,9.0,1.3348,0.01791
0.072,0.711,0.159,738359,14.7,1.6928,0.05182
0.09,0.711,0.153,800547,5.7,1.39,0.02209
0.099,0.435,0.101,455957,5.1,1.5521,0.01276
0.048,0.692,0.167,225083,4.4,0.897,0.01413
0.025,0.53,0.094,463586,-2.0,0.1047,0.00782
0.073,0.787,0.187,896065,-1.9,0.3617,0.02057
0.059,0.251,0.167,392783,4.3,0.9595,0.01426
0.05,0.156,0.111,722567,0.4,0.5155,0.01209
0.058,0.119,0.101,292108,12.6,1.602,0.0467
0.074,0.219,0.083,796820,14.7,1.7267,0.04794
0.029,0.79,0.132,895166,5.3,0.9018,0.01054
0.078,0.617,0.079,989230,3.5,1.3952,0.00703
0.038,0.166,0.102,319178,11.8,1.4763,0.02261
0.018,0.405,0.12,884118,3.8,0.6791,0.00729
0.052,0.143,0.163,650092,6.0,1.0261,0.01503
0.072,0.587,0.092,742481,-1.1,0.8472,0.00774
0.088,0.115,0.163,302723,-1.0,0.5672,0.03149
0.094,0.405,0.194,944819,-2.9,0.5098,0.01056
0.032,0.693,0.095,347722,12.7,1.3411,0.05178
0.032,0.269,0.074,483922,9.9,1.24,0.02457
0.082,0.769,0.088,340901,3.0,1.0323,0.043
0.066,0.748,0.194,770475,14.1,1.5493,0.04235
0.02,0.703,0.098,849961,13.6,1.4336,0.02874
0.064,0.187,0.152,873850,5.2,1.0739,0.01311
0.027,0.313,0.182,758537,7.7,1.1243,0.01207
0.022,0.59,0.103,843762,-0.4,0.2735,0.00536
0.066,0.147,0.176,496895,9.5,1.2823,0.02701
0.045,0.249,0.095,699452,-1.3,0.333,0.00858
0.022,0.544,0.19,128373,-0.1,0.0408,0.02086
0.047,0.668,0.11,791694,3.3,0.962,0.00741
0.077,0.188,0.171,385457,10.3,1.4715,0.02941
0.085,0.65,0.141,296735,-3.6,0.1456,0.03645
0.015,0.141,0.152,919978,4.0,0.5345,0.00827
0.087,0.725,0.157,696131,13.7,1.7643,0.05637
0.027,0.464,0.108,642816,14.2,1.3574,0.03844
0.068,0.613,0.19,573391,0.4,0.7257,0.01082
0.007,0.794,0.132,231149,10.2,1.017,0.02503
0.002,0.78,0.132,955089,2.2,0.2443,0.00619
0.084,0.223,0.189,532518,-4.1,0.3464,0.01491
0.076,0.637,0.199,579668,-2.0,0.3863,0.01687
0.015,0.131,0.189,138368,4.3,0.7793,0.02042
0.078,0.63,0.155,402050,13.1,1.593,0.04767
0.045,0.383,0.183,154007,0.5,0.5269,0.01544
0.037,0.573,0.181,979874,-1.2,0.3325,0.00704
0.061,0.276,0.086,902664,0.4,0.6606,0.00923
0.083,0.643,0.093,911682,-3.9,0.7206,0.00894
0.089,0.141,0.19,694531,-1.9,0.462,0.02832
0.066,0.639,0.072,401333,12.6,1.163,0.11618
0.045,0.427,0.15,806143,-3.0,0.2078,0.00809
0.01,0.468,0.179,437535,4.2,0.5122,0.00996
0.089,0.543,0.199,352412,0.7,0.8098,0.01714
0.084,0.617,0.164,475456,6.4,1.3559,0.01783
0.031,0.476,0.091,400232,-4.2,-0.1149,0.01195
0.046,0.612,0.174,649928,1.2,0.6528,0.00786
0.092,0.522,0.071,372473,4.8,1.5963,0.01123
0.042,0.285,0.126,984100,-2.4,0.1976,0.00802
0.03,0.233,0.109,915653,11.5,1.3725,0.01889
0.083,0.725,0.124,753576,13.6,1.816,0.05776
0.037,0.435,0.182,251265,-3.2,0.0822,0.01334
0.044,0.136,0.083,937235,11.5,1.5812,0.01543
0.029,0.222,0.116,591680,0.3,0.31,0.00644
0.015,0.207,0.135,926485,6.2,0.8885,0.00978
0.094,0.227,0.125,712650,7.1,1.4168,0.01928
0.019,0.7,0.154,759002,13.2,1.3185,0.02473
0.096,0.369,0.106,752488,1.7,1.1241,0.01086
0.054,0.403,0.171,901060,5.7,1.1103,0.01016
0.019,0.75,0.134,194069,-1.4,-0.0985,0.01586
0.022,0.543,0.168,485741,9.9,1.1073,0.01764
0.018,0.341,0.199,260125,10.5,1.1115,0.02169
0.016,0.52,0.111,120279,6.1,0.8321,0.01654
0.05,0.267,0.158,610769,-2.9,0.221,0.01003
0.05,0.787,0.18,243601,1.4,0.5,0.01743
0.007,0.11,0.082,488176,-4.9,-0.5247,0.01339
0.018,0.408,0.151,442182,14.6,1.247,0.04096
0.037,0.465,0.123,431872,-5.0,-0.0884,0.01123
0.092,0.144,0.157,106204,7.0,1.308,0.04362
0.092,0.236,0.186,932546,8.8,1.4565,0.02576
0.018,0.124,0.149,916877,4.8,0.6829,0.00969
0.059,0.401,0.121,966071,-4.9,0.1552,0.00865
0.065,0.164,0.197,586867,13.1,1.4649,0.03901
0.017,0.128,0.158,298933,-2.0,-0.0414,0.00929
0.022,0.161,0.178,197535,-0.8,0.1109,0.01197
0.025,0.741,0.084,965183,-1.9,0.1624,0.00704
0.098,0.364,0.185,423810,5.8,1.3582,0.01914
0.077,0.173,0.194,581177,-3.4,0.3461,0.01778
0.041,0.666,0.159,366010,7.2,1.0586,0.01476
0.031,0.235,0.12,492486,2.8,0.7067,0.00932
0.036,0.798,0.09,512023,11.9,1.4974,0.04248
0.037,0.759,0.119,545308,10.0,1.3369,0.02264
0.026,0.63,0.104,582639,6.5,0.9724,0.01323
0.043,0.791,0.087,278012,6.4,1.1656,0.02148
0.067,0.622,0.101,921822,7.8,1.3882,0.02029
0.011,0.334,0.181,932892,5.0,0.5454,0.00816
0.02,0.43,0.193,645571,10.6,1.1486,0.01787
0.018,0.565,0.12,546700,2.4,0.5292,0.00665
0.007,0.383,0.088,698642,2.9,0.4786,0.00696
0.064,0.444,0.189,306539,5.8,1.1888,0.01529
0.045,0.202,0.115,698253,11.5,1.5256,0.01643
0.046,0.557,0.143,573926,11.8,1.3761,0.0273
0.04,0.12,0.122,578404,9.1,1.2507,0.01875
0.079,0.252,0.187,932340,8.8,1.4081,0.02142
0.062,0.585,0.197,625145,-3.4,0.3363,0.00999
0.032,0.566,0.151,272120,-1.7,0.1721,0.01251
0.07,0.574,0.172,917670,10.3,1.4915,0.02538
0.098,0.449,0.082,628066,0.6,1.1742,0.00894
0.079,0.644,0.101,635863,-4.1,0.5323,0.01313
0.043,0.4,0.115,114529,-0.9,0.2755,0.01845
0.05,0.426,0.195,202167,10.1,1.342,0.02364
0.1,0.693,0.081,186947,9.4,1.6193,0.06165
0.032,0.254,0.193,113452,3.8,0.9778,0.02279
0.087,0.512,0.112,780818,-3.9,0.6412,0.00891
0.018,0.279,0.095,758594,14.8,1.334,0.04145
0.032,0.251,0.141,897161,1.6,0.4596,0.00708
0.04,0.688,0.184,566841,-1.1,0.3131,0.00945
0.018,0.524,0.181,896537,11.4,1.1967,0.01836
0.01,0.473,0.117,375788,-3.1,-0.2413,0.00943
0.003,0.342,0.164,948114,10.8,1.1659,0.01581
0.006,0.167,0.193,943688,14.7,1.2914,0.02692
0.1,0.22,0.108,651026,2.2,1.0804,0.0188
0.086,0.76,0.093,765340,11.1,1.8267,0.04979
0.069,0.471,0.138,490233,2.9,1.0779,0.0092
0.048,0.52,0.19,583421,-4.1,0.1512,0.00975
0.011,0.234,0.093,884978,3.7,0.597,0.00733
0.006,0.565,0.16,796320,13.8,1.252,0.025
0.089,0.323,0.092,716123,4.5,1.3333,0.01148
0.037,0.286,0.193,196865,6.0,1.1186,0.01966
0.062,0.152,0.138,442006,1.3,0.6664,0.01629
0.017,0.629,0.075,360358,2.9,0.568,0.00714
0.024,0.594,0.184,999372,8.4,1.0496,0.01287
0.065,0.173,0.178,679540,6.4,1.0951,0.01761
0.017,0.641,0.137,752114,6.4,0.9057,0.01097
0.048,0.677,0.129,110473,1.3,0.3322,0.0329
0.042,0.125,0.11,946175,-0.8,0.3281,0.01053
0.003,0.527,0.112,891473,2.0,0.2367,0.00561
0.035,0.191,0.09,125447,-4.4,-0.3335,0.05091
0.062,0.487,0.165,518254,-3.6,0.3478,0.01002
0.01,0.606,0.16,321654,13.8,1.1517,0.0356
0.017,0.555,0.082,609881,10.1,1.1665,0.0252
0.026,0.597,0.187,373911,-1.7,0.1421,0.01028
0.037,0.25,0.147,614430,8.7,1.2241,0.01368
0.028,0.367,0.193,557281,-4.5,-0.1105,0.01005
0.018,0.108,0.103,225590,6.6,0.8809,0.01723
0.072,0.507,0.179,130358,-0.4,0.2189,0.04186
0.085,0.26,0.177,988847,5.7,1.234,0.01583
0.079,0.559,0.187,836815,6.8,1.2346,0.01657
0.099,0.733,0.18,588675,5.1,1.3286,0.02656
0.062,0.197,0.147,170109,11.2,1.5769,0.03947
0.0,0.151,0.105,393271,0.6,0.0749,0.00648
0.092,0.723,0.149,998945,-3.3,0.3935,0.02914
0.09,0.269,0.112,759701,12.0,1.867,0.02305
0.068,0.408,0.163,344211,14.2,1.6331,0.04084
0.005,0.184,0.143,906267,11.5,1.1958,0.0172
0.059,0.295,0.182,551252,3.1,0.8818,0.0119
0.071,0.718,0.173,277737,8.0,1.3235,0.02399
0.092,0.445,0.137,670989,-0.8,0.8891,0.00948
0.075,0.36,0.078,493644,5.6,1.363,0.01159
0.064,0.279,0.132,345723,14.8,1.7474,0.03423
0.033,0.277,0.175,733310,1.7,0.4057,0.00801
0.006,0.292,0.121,735671,5.3,0.7027,0.0096
0.01,0.239,0.153,126206,12.5,1.128,0.03612
0.079,0.716,0.124,956166,-0.7,0.7158,0.02135
0.056,0.45,0.086,241953,5.2,1.1906,0.01176
0.065,0.582,0.084,913114,9.1,1.4847,0.02284
0.031,0.663,0.097,799441,9.7,1.2896,0.0194
0.044,0.464,0.155,302492,13.2,1.352,0.03777
0.072,0.602,0.082,856330,2.3,1.2357,0.00673
0.081,0.206,0.151,259880,3.5,0.9554,0.02064
0.073,0.219,0.196,822858,8.2,1.2714,0.02169
0.07,0.163,0.096,770572,-2.3,0.4205,0.03263
0.088,0.524,0.151,915479,-3.3,0.6884,0.00835
0.018,0.145,0.177,938032,13.7,1.3754,0.02177
0.016,0.767,0.155,751873,3.8,0.5545,0.00821
0.036,0.434,0.103,130705,-2.8,-0.0624,0.02008
0.007,0.722,0.101,365998,14.0,0.5989,0.14051
0.07,0.633,0.08,590768,3.0,1.2715,0.00805
0.064,0.427,0.137,925351,-4.2,0.2893,0.00838
0.015,0.233,0.077,648553,3.0,0.5289,0.00698
0.0,0.535,0.189,194298,11.3,1.0253,0.02681
0.034,0.193,0.129,802330,14.1,1.5304,0.0257
0.046,0.623,0.128,519180,9.0,1.2569,0.01919
0.032,0.632,0.163,837151,2.6,0.6009,0.00764
0.094,0.574,0.14,583272,0.5,1.1527,0.01114
0.094,0.254,0.083,887431,8.6,1.7038,0.01625
0.083,0.465,0.09,712576,-2.7,0.6891,0.00869
0.083,0.483,0.118,761044,1.8,1.1357,0.00844
0.043,0.761,0.119,219840,12.9,1.5158,0.05015
0.083,0.311,0.09,855878,-2.8,0.5625,0.01039
0.067,0.217,0.176,163913,11.6,1.4818,0.04475
0.072,0.579,0.098,568099,-3.8,0.5171,0.01027
0.024,0.457,0.12,228288,-4.6,-0.3276,0.01566
0.032,0.741,0.16,503908,12.4,1.322,0.02641
0.016,0.169,0.161,807535,6.5,0.8738,0.01128
0.005,0.174,0.132,104496,-1.9,-0.3972,0.01684
0.032,0.247,0.105,686240,10.7,1.3251,0.01878
0.075,0.756,0.092,135624,8.2,1.4382,0.04213
0.009,0.501,0.158,285240,1.7,0.2786,0.00951
0.016,0.637,0.142,587934,1.3,0.3527,0.00684
0.083,0.484,0.167,738601,3.8,1.1476,0.01121
0.022,0.214,0.194,712808,14.6,1.3765,0.0294
0.026,0.316,0.184,779187,10.9,1.257,0.01653
0.074,0.743,0.154,303712,-2.0,0.24,0.03302
0.1,0.192,0.079,896225,6.5,1.5332,0.01764
0.018,0.164,0.126,213585,-4.4,-0.3885,0.01815
0.038,0.337,0.13,552354,4.7,0.9438,0.00973
0.032,0.221,0.089,837094,1.8,0.5683,0.00689
0.037,0.767,0.101,169080,5.9,1.0261,0.01727
0.098,0.441,0.158,209197,5.8,1.4901,0.02202
0.053,0.224,0.182,226712,7.1,1.1676,0.02147
0.038,0.458,0.131,569818,-3.6,0.0851,0.00874
0.017,0.116,0.134,237968,-3.1,-0.1881,0.01202
0.006,0.517,0.126,858046,9.7,1.0855,0.01563
0.098,0.417,0.183,644529,8.2,1.5846,0.02105
0.046,0.638,0.145,454539,4.7,0.9591,0.01013
0.027,0.222,0.15,907363,12.3,1.4,0.01786
0.073,0.651,0.085,720463,-3.8,0.5693,0.01077
0.062,0.512,0.192,216714,7.7,1.2806,0.01951
0.079,0.343,0.2,567906,7.0,1.2972,0.01826
0.069,0.343,0.152,198359,2.7,0.9979,0.01536
0.098,0.422,0.098,656808,13.7,1.6893,0.06876
0.013,0.792,0.123,105297,-0.8,-0.2477,0.01762
0.032,0.168,0.082,480949,7.3,1.0756,0.0131
0.003,0.661,0.135,173214,7.5,0.856,0.01927
0.019,0.311,0.136,977851,11.6,1.2764,0.01805
0.022,0.726,0.155,289941,12.3,1.1875,0.02955
0.004,0.339,0.146,147754,-1.6,-0.2292,0.01447
0.083,0.514,0.192,369670,1.3,0.926,0.01361
0.028,0.639,0.163,536914,6.6,0.9296,0.01187
0.07,0.588,0.144,981010,5.7,1.2541,0.01135
0.024,0.367,0.074,351234,-0.1,0.3196,0.0061
0.095,0.294,0.129,882164,-1.6,0.7213,0.01179
0.024,0.267,0.118,350537,-0.3,0.2265,0.00729
0.076,0.508,0.126,918261,-0.0,0.9146,0.00742
0.062,0.317,0.165,939855,15.0,1.7468,0.03433
0.028,0.393,0.189,287685,3.5,0.6999,0.01291
0.082,0.32,0.101,617615,-3.8,0.4626,0.01423
0.013,0.11,0.13,881874,7.8,1.0386,0.01208
0.017,0.243,0.15,743970,-2.2,-0.0435,0.00704
0.034,0.314,0.114,182068,1.1,0.5734,0.01042
0.033,0.515,0.116,646697,8.0,1.1219,0.0145
0.043,0.522,0.17,113579,-2.4,-0.1422,0.03135
0.024,0.718,0.173,419064,-0.8,0.1644,0.00916
0.022,0.467,0.1,732113,10.1,1.2013,0.01898
0.083,0.639,0.161,134181,6.2,1.0363,0.04667
0.043,0.45,0.107,733138,0.8,0.6292,0.00563
0.056,0.29,0.128,608358,14.9,1.5949,0.04312
0.053,0.321,0.076,884838,0.1,0.5765,0.00759
0.003,0.195,0.106,971571,-2.5,-0.2193,0.00591
0.054,0.667,0.113,995069,9.9,1.4484,0.02217
0.002,0.503,0.098,501632,14.1,1.0573,0.05494
0.028,0.128,0.17,333118,13.8,1.3668,0.03304
0.031,0.418,0.145,559326,6.3,1.0331,0.01047
0.083,0.557,0.105,703296,-4.6,0.5559,0.00974
0.059,0.76,0.196,309266,6.1,1.048,0.01857
0.046,0.436,0.162,186373,0.0,0.4809,0.01342
0.032,0.777,0.177,447235,-2.3,-0.02,0.01316
0.053,0.721,0.094,919194,8.1,1.4017,0.01986
0.091,0.726,0.105,890666,10.0,1.7382,0.04397
0.072,0.181,0.074,231266,-1.4,0.491,0.03237
0.091,0.472,0.154,346835,5.2,1.435,0.01477
0.014,0.255,0.124,844359,6.2,0.918,0.00985
0.041,0.562,0.19,414623,-2.3,0.2409,0.01069
0.095,0.306,0.181,879818,-2.3,0.5413,0.0119
0.012,0.366,0.194,438611,10.5,1.0938,0.01903
0.092,0.212,0.151,777972,11.0,1.666,0.02853
0.099,0.34,0.123,491341,11.1,1.9074,0.02353
0.075,0.682,0.19,986444,-2.3,0.436,0.01376
0.077,0.302,0.154,732717,-0.5,0.6351,0.01098
0.088,0.546,0.193,614935,-3.3,0.5972,0.01074
0.086,0.464,0.125,178646,14.3,1.6661,0.06156
0.035,0.523,0.097,866495,6.8,1.0798,0.01298
0.034,0.74,0.169,791283,9.9,1.2082,0.01735
0.069,0.549,0.098,830731,14.3,1.6706,0.05115
0.088,0.388,0.146,969559,4.8,1.2876,0.01158
0.033,0.292,0.171,181880,10.3,1.299,0.02388
0.011,0.188,0.2,539743,-4.8,-0.2931,0.00944
0.048,0.523,0.101,185503,9.1,1.2278,0.02759
0.016,0.516,0.121,825410,2.1,0.4194,0.00577
0.032,0.75,0.169,866187,12.6,1.376,0.02352
0.002,0.409,0.167,751640,14.5,1.2378,0.02831
0.019,0.436,0.183,184862,-2.7,-0.0988,0.01488
0.05,0.486,0.089,151645,2.5,0.8222,0.01558
0.012,0.258,0.111,666930,-0.0,0.1169,0.00545
0.025,0.518,0.19,888413,4.1,0.5579,0.00828
0.012,0.713,0.096,422042,-3.8,-0.3762,0.01084
0.07,0.426,0.193,648093,1.4,0.7172,0.01109
0.016,0.186,0.141,869518,2.9,0.4394,0.00737
0.049,0.274,0.076,488080,-0.7,0.4422,0.00906
0.003,0.572,0.163,987528,3.2,0.3291,0.00708
0.027,0.161,0.159,633394,14.5,1.4738,0.02669
0.037,0.226,0.072,142596,-4.4,-0.2787,0.05499
0.074,0.329,0.199,259681,-2.9,0.4002,0.0156
0.047,0.372,0.196,180467,10.3,1.3537,0.02589
0.074,0.152,0.189,946230,2.8,0.72,0.01563
0.067,0.281,0.183,487428,0.5,0.5644,0.0128
0.098,0.196,0.146,727506,13.9,1.8451,0.04141
0.013,0.187,0.135,267415,7.5,0.9701,0.01566
0.082,0.49,0.13,753726,-1.6,0.7952,0.00833
0.001,0.2,0.122,185350,11.9,1.0568,0.04305
0.014,0.626,0.137,950474,2.3,0.413,0.00649
0.008,0.564,0.147,218622,-1.2,-0.0584,0.01128
0.033,0.144,0.2,617451,8.0,1.0417,0.01781
0.059,0.401,0.116,568061,5.8,1.232,0.01035
0.032,0.504,0.114,834786,12.6,1.3814,0.02602
0.054,0.127,0.177,309829,4.4,0.7001,0.01707
0.05,0.759,0.088,634059,6.6,1.2792,0.01927
0.04,0.488,0.189,672580,-4.2,0.0466,0.00921
0.038,0.352,0.105,742288,6.0,1.0571,0.00909
0.055,0.165,0.114,150390,-5.0,0.0233,0.03744
0.028,0.411,0.075,604675,3.1,0.6714,0.00659
0.055,0.277,0.121,462333,8.1,1.3514,0.0151
0.02,0.629,0.168,271085,7.3,0.9244,0.01507
0.062,0.59,0.077,133449,-3.5,-0.3058,0.06643
0.031,0.167,0.159,959072,1.9,0.4319,0.00756
0.011,0.308,0.185,518362,10.6,1.1241,0.0178
0.05,0.409,0.188,635332,3.9,0.9373,0.01037
0.047,0.53,0.144,669728,-2.1,0.3743,0.00786
0.037,0.613,0.158,471657,1.1,0.5849,0.00829
0.045,0.617,0.148,859164,8.2,1.1928,0.01477
0.081,0.133,0.085,526724,12.9,1.8083,0.042
0.029,0.756,0.074,457316,1.0,0.4494,0.01079
0.073,0.176,0.134,803862,1.3,0.7731,0.01351
0.03,0.644,0.159,258806,12.5,1.2256,0.0325
0.009,0.494,0.144,579931,7.7,0.9876,0.01352
0.003,0.122,0.083,281339,9.0,0.9192,0.03014
0.01,0.186,0.197,691302,12.6,1.2181,0.02133
0.099,0.2,0.198,990821,4.8,0.9674,0.0215
0.033,0.515,0.197,115833,14.7,1.2982,0.04793
0.034,0.157,0.179,815359,10.9,1.2636,0.01956
0.041,0.342,0.087,901670,-2.2,0.2267,0.00725
0.067,0.795,0.148,923732,13.7,1.7861,0.04497
0.025,0.158,0.151,499315,7.4,1.0483,0.01465
0.007,0.251,0.189,760367,-4.6,-0.3223,0.00851
0.051,0.703,0.195,725889,6.2,0.9278,0.01468
0.063,0.567,0.179,924541,-2.9,0.4639,0.00789
0.069,0.234,0.094,371117,13.8,1.7616,0.03179
0.063,0.196,0.168,985985,-3.3,0.272,0.01042
0.034,0.382,0.174,882058,8.6,1.1865,0.01234
0.001,0.584,0.173,336234,1.7,0.1669,0.0094
0.072,0.443,0.163,636174,-3.5,0.4267,0.00959
0.004,0.654,0.136,271997,-0.1,0.0375,0.00872
0.046,0.145,0.15,883551,-1.9,0.2644,0.0102
0.036,0.723,0.13,206893,14.7,1.4353,0.05778
0.074,0.553,0.085,201599,6.3,1.4521,0.01536
0.098,0.1,0.105,939126,-0.5,0.7956,0.03112
0.011,0.279,0.138,568556,-0.7,0.0401,0.00664
0.07,0.178,0.139,335235,2.6,0.8183,0.01765
0.071,0.345,0.085,740482,14.6,1.6129,0.05986
0.021,0.274,0.114,331835,10.7,1.1651,0.02323
0.069,0.308,0.162,379452,-0.1,0.608,0.01264
0.062,0.473,0.181,674804,-2.7,0.3957,0.00913
0.038,0.237,0.162,869465,11.2,1.4099,0.01586
0.078,0.472,0.078,362386,-2.1,0.6898,0.01122
0.081,0.5,0.147,418058,0.3,0.9655,0.01094
0.071,0.234,0.08,353232,-2.7,0.417,0.03439
0.008,0.221,0.164,275333,4.3,0.6005,0.01332
0.077,0.632,0.096,865957,14.0,1.7851,0.05311
0.032,0.649,0.15,221487,5.3,0.9091,0.01274
0.037,0.358,0.175,226335,-3.3,0.0673,0.01373
0.089,0.456,0.177,216888,-3.5,0.4457,0.01993
0.035,0.271,0.173,490196,3.1,0.6895,0.01103
0.07,0.248,0.094,745589,10.4,1.6672,0.01607
0.008,0.343,0.098,495016,7.5,0.8844,0.01521
0.04,0.514,0.152,989609,-4.2,0.0656,0.00766
0.076,0.203,0.197,498657,-0.7,0.5035,0.01431
0.02,0.273,0.085,729630,-1.4,0.0801,0.00645
0.047,0.515,0.159,673357,10.2,1.3253,0.01962
0.062,0.136,0.16,310303,9.7,1.3424,0.02851
0.032,0.757,0.152,423626,9.2,1.1546,0.01814
0.081,0.298,0.081,831000,5.3,1.3544,0.01113
0.044,0.401,0.187,206888,-1.0,0.3517,0.01375
0.048,0.477,0.178,928004,8.3,1.2407,0.01353
0.075,0.245,0.147,628390,-2.3,0.4801,0.01208
0.005,0.48,0.095,671109,5.8,0.7303,0.01127
0.031,0.409,0.169,336270,7.4,1.0745,0.01391
0.086,0.649,0.142,274789,5.0,1.1648,0.03035
0.041,0.717,0.079,164006,3.2,0.6915,0.02125
0.049,0.326,0.153,770595,2.8,0.88,0.0091
0.004,0.683,0.194,440499,-3.4,-0.2371,0.00968
0.038,0.675,0.174,424202,13.1,1.3374,0.03266
0.04,0.52,0.1,634162,12.7,1.4177,0.03257
0.061,0.247,0.077,185183,9.4,1.5437,0.02421
0.069,0.304,0.118,487199,-4.8,0.2335,0.01454
0.068,0.429,0.113,733933,8.5,1.5036,0.01314
0.049,0.55,0.103,511944,13.3,1.46,0.04267
0.001,0.207,0.123,957412,11.4,1.1692,0.01821
0.072,0.668,0.156,365590,8.1,1.3646,0.02199
0.021,0.739,0.172,376644,-0.1,0.2022,0.00885
0.004,0.568,0.2,785752,1.3,0.1457,0.00808
0.042,0.423,0.07,795455,7.9,1.2374,0.01606
0.067,0.107,0.138,987668,11.9,1.5266,0.02958
0.024,0.243,0.08,294263,9.0,1.1065,0.02278
0.048,0.764,0.081,269372,6.6,1.233,0.02473
0.076,0.739,0.181,107559,5.0,0.8069,0.04716
0.029,0.319,0.173,493695,9.5,1.1918,0.01522
0.074,0.444,0.119,124308,8.2,1.5363,0.02869
0.037,0.508,0.152,154184,7.6,1.1405,0.01796
0.003,0.763,0.142,196577,-0.7,-0.08,0.01137
0.041,0.477,0.18,903678,10.7,1.3195,0.01897
0.014,0.71,0.186,406170,5.7,0.6199,0.0113
0.025,0.212,0.184,887732,-3.8,-0.1013,0.00887
0.06,0.415,0.126,220149,9.3,1.484,0.01889
0.029,0.347,0.121,811155,-0.5,0.2622,0.00626
0.083,0.294,0.131,720895,0.0,0.7699,0.01147
0.036,0.118,0.178,645136,-2.6,0.1255,0.01089
0.085,0.655,0.133,632570,-0.4,0.7515,0.02181
0.027,0.293,0.096,381508,10.2,1.2,0.02299
0.089,0.165,0.086,249356,7.6,1.5489,0.03238
0.033,0.713,0.106,100984,-4.2,-0.3518,0.02263
0.011,0.633,0.118,301268,5.2,0.7439,0.01167
0.092,0.47,0.086,376172,7.9,1.7055,0.01619
0.035,0.713,0.185,980706,9.1,1.0528,0.01507
0.005,0.222,0.127,465211,-0.2,0.0271,0.00654
0.098,0.119,0.156,952297,-0.4,0.7067,0.03026
0.091,0.694,0.182,185418,6.0,1.1812,0.03463
0.097,0.129,0.177,735902,2.0,0.7928,0.02631
0.044,0.365,0.157,451945,1.0,0.5525,0.00867
0.058,0.787,0.148,176106,-4.7,-0.3437,0.02909
0.03,0.761,0.165,741405,12.7,1.3572,0.02428
0.034,0.144,0.188,326254,-2.3,0.0978,0.01032
0.023,0.448,0.184,111345,1.2,0.3693,0.02024
0.039,0.351,0.133,120531,11.4,1.3303,0.02903
0.008,0.77,0.102,292144,0.0,0.0441,0.00866
0.003,0.378,0.089,413428,12.8,0.6818,0.13185
0.095,0.483,0.11,283998,-1.3,0.9343,0.01406
0.021,0.302,0.178,412900,-1.2,0.0842,0.00888
0.071,0.245,0.141,163505,-1.9,0.4922,0.02605
0.066,0.502,0.194,588086,4.0,0.9376,0.01154
0.036,0.437,0.118,344690,9.8,1.2135,0.02119
0.08,0.679,0.146,618052,9.9,1.5354,0.03153
0.063,0.233,0.145,338834,9.3,1.4494,0.02161
0.098,0.466,0.155,364374,8.7,1.7203,0.02062
0.045,0.14,0.074,706281,7.3,1.1824,0.01369
0.07,0.329,0.132,445512,3.4,1.0305,0.01154
0.083,0.155,0.076,949272,9.1,1.646,0.01957
0.057,0.501,0.077,709924,8.8,1.3906,0.02074
0.047,0.329,0.129,509329,12.2,1.4675,0.02443
0.075,0.316,0.168,152126,6.1,1.3165,0.02533
0.027,0.11,0.157,312703,10.8,1.2222,0.02548
0.024,0.215,0.113,950873,-0.7,0.1715,0.00622
0.071,0.406,0.084,408633,4.7,1.2689,0.01069
0.089,0.223,0.133,389933,14.3,1.9203,0.04013
0.083,0.594,0.19,308964,6.4,1.2379,0.02049
0.078,0.471,0.074,333451,2.2,1.1512,0.00947
0.069,0.57,0.105,528013,10.7,1.4908,0.0339
0.074,0.558,0.195,301695,12.2,1.5143,0.03742
0.024,0.273,0.164,121030,14.8,1.2556,0.04858
0.095,0.46,0.164,446081,-4.2,0.5813,0.01232
0.049,0.553,0.108,450199,1.0,0.7413,0.00794
0.001,0.29,0.156,824517,-1.9,-0.1655,0.00681
0.033,0.381,0.097,352557,-3.1,0.0402,0.01052
0.035,0.78,0.117,670550,10.5,1.3851,0.02305
0.091,0.725,0.138,366313,13.0,1.7376,0.06402
0.088,0.427,0.156,637038,-0.3,0.826,0.0104
0.006,0.335,0.198,257841,-0.3,0.0261,0.01134
0.016,0.405,0.092,394597,8.5,1.0061,0.02067
0.022,0.415,0.189,108295,1.5,0.4473,0.0215
0.076,0.477,0.103,500687,-0.8,0.8208,0.0089
0.019,0.544,0.121,618108,-1.4,0.1108,0.00664
0.002,0.39,0.078,631268,6.3,0.7162,0.01308
0.074,0.746,0.182,645572,13.3,1.6125,0.04403
0.076,0.324,0.07,419931,8.6,1.579,0.01699
0.04,0.679,0.09,899242,-0.5,0.5545,0.00622
0.009,0.641,0.09,922824,4.5,0.6413,0.00907
0.028,0.505,0.16,969854,10.0,1.2059,0.01566
0.048,0.785,0.165,984711,10.9,1.4274,0.02275
0.064,0.775,0.075,275246,6.0,1.3052,0.02815
0.058,0.396,0.082,613407,0.2,0.678,0.00756
0.07,0.388,0.166,901774,-4.3,0.2909,0.00915
0.051,0.674,0.079,926929,14.1,1.5786,0.0612
0.031,0.416,0.199,988131,5.5,0.85,0.00948
0.078,0.384,0.112,938909,6.4,1.4272,0.01065
0.023,0.304,0.181,571367,0.5,0.237,0.00827
0.036,0.194,0.162,431269,4.8,0.9417,0.01353
0.099,0.592,0.191,215557,-2.3,0.1841,0.04559
0.005,0.225,0.133,609186,-2.4,-0.1842,0.00686
0.03,0.556,0.168,364303,14.4,1.2952,0.0419
0.089,0.777,0.144,763913,14.4,1.8878,0.06826
0.05,0.102,0.182,356540,-0.7,0.4045,0.01378
0.094,0.718,0.168,375967,12.9,1.7157,0.05569
0.068,0.361,0.195,674360,8.3,1.3494,0.01726
0.035,0.52,0.163,610326,4.2,0.8915,0.00896
0.003,0.174,0.18,723558,10.7,1.1529,0.01665
0.064,0.231,0.181,175753,5.0,1.0839,0.02155
0.065,0.325,0.167,544854,14.9,1.7237,0.03693
0.04,0.75,0.085,357133,-2.1,-0.0025,0.01572
0.049,0.378,0.162,632730,5.5,1.0644,0.01066
0.018,0.549,0.195,844731,3.9,0.4686,0.00848
0.018,0.147,0.162,387624,10.9,1.1701,0.02044
0.019,0.514,0.159,801005,-3.4,-0.0952,0.00762
0.002,0.448,0.197,357934,7.0,0.7338,0.01486
0.01,0.3,0.195,712637,-2.8,-0.146,0.00829
0.076,0.272,0.094,147011,1.6,0.9016,0.01856
0.065,0.707,0.161,276089,7.8,1.2896,0.02141
0.033,0.399,0.175,771361,-4.3,-0.0528,0.00885
0.035,0.26,0.158,879179,13.3,1.4913,0.02205
0.003,0.34,0.139,310461,-1.7,-0.1515,0.00874
0.067,0.616,0.174,158014,-4.0,-0.1899,0.03752
0.015,0.639,0.15,556729,10.3,1.1131,0.01772
0.075,0.361,0.125,613685,14.2,1.6927,0.0434
0.048,0.376,0.109,289139,-3.8,0.1271,0.01341
0.063,0.546,0.095,325458,-4.4,0.2145,0.01724
0.008,0.686,0.113,334686,11.3,1.1302,0.03051
0.023,0.295,0.089,692304,9.5,1.1683,0.01851
0.008,0.356,0.167,877409,-2.9,-0.182,0.0074
0.067,0.77,0.098,744207,11.4,1.7416,0.03989
0.0,0.233,0.196,983683,6.6,0.5389,0.00922
0.026,0.379,0.135,433047,14.8,1.2856,0.04729
0.015,0.547,0.119,976216,-1.2,0.0836,0.00565
0.09,0.425,0.125,572679,7.1,1.5753,0.01406
0.073,0.305,0.145,714663,3.1,0.9886,0.01076
0.05,0.526,0.101,101117,2.7,0.6416,0.02979
0.063,0.609,0.163,520083,9.5,1.3635,0.0224
0.058,0.16,0.197,963698,-1.1,0.3621,0.01086
0.064,0.475,0.139,543797,8.2,1.4084,0.0139
0.04,0.63,0.118,104664,10.1,1.2596,0.03644
0.023,0.19,0.107,303751,10.5,1.2187,0.02136
0.045,0.389,0.12,593173,0.7,0.6099,0.00677
0.025,0.724,0.112,564882,0.6,0.4366,0.00698
0.091,0.237,0.153,364384,-3.2,0.5406,0.03328
0.092,0.374,0.198,536750,5.1,1.2437,0.01718
0.063,0.149,0.091,633868,8.5,1.425,0.0194
0.041,0.101,0.184,379622,7.7,0.981,0.02181
0.06,0.18,0.14,195612,-2.2,0.3705,0.02456
0.087,0.39,0.091,260960,6.6,1.5992,0.01689
0.05,0.466,0.119,327454,5.3,1.1341,0.01092
0.069,0.167,0.195,686379,-2.2,0.3743,0.01284
0.036,0.268,0.082,423976,10.4,1.2976,0.02414
0.073,0.714,0.142,784504,-2.6,0.3487,0.02218
0.013,0.452,0.152,768728,-0.9,0.0674,0.00684
0.096,0.637,0.195,110377,5.2,0.729,0.0719
0.012,0.119,0.116,205862,-2.1,-0.1956,0.01086
0.1,0.432,0.151,269849,-2.4,0.787,0.01557
0.075,0.322,0.179,409645,-2.1,0.4687,0.0125
0.056,0.727,0.145,830255,1.1,0.8018,0.00955
0.08,0.329,0.09,167548,13.2,1.6053,0.05483
0.089,0.217,0.176,601318,11.7,1.6417,0.03315
0.066,0.232,0.082,630527,10.8,1.6838,0.0164
0.058,0.539,0.162,923966,2.6,0.8863,0.00782
0.065,0.632,0.093,479159,2.5,1.0951,0.01164
0.011,0.54,0.178,952916,14.8,1.3217,0.02876
0.042,0.392,0.139,884543,2.0,0.7077,0.007
0.063,0.194,0.126,743577,10.5,1.5279,0.01906
0.004,0.26,0.089,912745,6.6,0.7905,0.01133
0.048,0.636,0.117,198220,6.1,1.159,0.01401
0.011,0.632,0.12,279103,7.7,0.9071,0.01742
0.025,0.751,0.19,473234,-1.4,0.0605,0.00941
0.012,0.781,0.143,298047,-1.9,-0.1386,0.01129
0.016,0.386,0.113,958650,-0.9,0.093,0.00554
0.06,0.573,0.19,132055,13.9,1.4643,0.04585
0.099,0.566,0.172,921073,-3.0,0.799,0.00923
0.051,0.162,0.124,548425,7.1,1.1685,0.01548
0.06,0.322,0.14,515086,-2.3,0.3917,0.01012
0.024,0.473,0.154,484416,11.1,1.1968,0.02096
0.004,0.537,0.086,845169,-4.5,-0.4965,0.00922
0.045,0.6,0.092,692290,10.4,1.4036,0.02426
0.011,0.539,0.091,731740,14.6,1.232,0.04761
0.095,0.74,0.191,655343,8.8,1.5078,0.03472
0.097,0.137,0.081,559515,7.5,1.58,0.02929
0.011,0.52,0.12,484679,-0.3,0.1104,0.0064
0.004,0.757,0.158,112779,2.1,0.4189,0.01803
0.001,0.71,0.104,428634,9.7,0.9908,0.02255
0.0,0.491,0.139,345125,12.8,1.0955,0.03009
0.04,0.793,0.175,221723,14.6,1.3598,0.04877
0.035,0.168,0.192,990263,2.7,0.4453,0.0085
0.043,0.42,0.175,410461,5.4,1.0281,0.01195
0.045,0.324,0.178,181624,5.6,1.1075,0.01894
0.033,0.427,0.074,671272,9.7,1.2654,0.02308
0.06,0.373,0.086,648074,11.5,1.4985,0.03002
0.087,0.301,0.129,259460,5.1,1.3411,0.01842
0.059,0.764,0.169,700075,5.3,1.063,0.01529
0.035,0.582,0.176,800385,0.2,0.444,0.0072
0.022,0.611,0.187,979089,11.4,1.2178,0.01876
0.053,0.306,0.145,310880,-3.8,0.1799,0.01311
0.065,0.271,0.172,173810,6.3,1.2678,0.02338
0.0,0.136,0.09,372197,2.6,0.3999,0.00819
0.006,0.307,0.192,836984,1.1,0.1414,0.00774
0.06,0.264,0.103,592448,-0.7,0.5328,0.01027
0.098,0.768,0.096,982508,-2.1,0.5874,0.04492
0.076,0.248,0.145,740215,7.5,1.3604,0.01618
0.078,0.656,0.141,830676,-3.7,0.5179,0.01208
0.021,0.13,0.101,998931,10.8,1.3019,0.01602
0.063,0.382,0.171,515058,10.9,1.5293,0.02062
0.034,0.246,0.137,859004,-0.8,0.2678,0.00808
0.065,0.48,0.135,100385,14.2,1.4399,0.06364
0.059,0.346,0.183,915417,13.4,1.6405,0.02715
0.029,0.417,0.126,224647,6.0,0.9826,0.01301
0.094,0.25,0.109,994540,-4.3,0.4353,0.04752
0.011,0.638,0.179,167697,-2.4,-0.2547,0.01716
0.041,0.337,0.092,677955,11.9,1.4076,0.02647
0.021,0.799,0.082,837592,4.6,0.8163,0.01106
0.091,0.166,0.167,696283,6.1,1.0965,0.02299
0.097,0.645,0.115,196081,4.0,1.0629,0.05136
0.067,0.703,0.149,791812,14.5,1.6811,0.04767
0.03,0.33,0.173,411497,-3.6,-0.0175,0.01047
0.003,0.241,0.18,953326,2.2,0.2179,0.00732
0.04,0.401,0.149,863785,-0.9,0.3498,0.00767
0.016,0.435,0.098,476660,2.2,0.5276,0.00671
0.029,0.106,0.075,247412,11.6,1.4023,0.02413
0.073,0.43,0.177,835124,13.6,1.6928,0.03638
0.035,0.316,0.096,371438,-4.7,-0.1429,0.01456
0.019,0.409,0.15,434396,12.6,1.2146,0.02739
0.042,0.415,0.16,944195,13.9,1.4774,0.03252
0.074,0.568,0.103,878725,-2.3,0.7266,0.0074
0.078,0.568,0.091,780711,7.8,1.4492,0.02307
0.077,0.655,0.158,997307,7.5,1.3511,0.02018
0.046,0.767,0.155,258525,11.6,1.3638,0.03233
0.052,0.306,0.188,814210,1.8,0.5289,0.0093
0.051,0.216,0.139,819130,10.4,1.4464,0.01654
0.086,0.33,0.139,198243,1.1,0.9378,0.01731
0.07,0.605,0.138,585452,6.8,1.3439,0.01431
0.007,0.586,0.083,879770,6.1,0.7586,0.01117
0.062,0.321,0.144,447143,-4.9,0.1616,0.01258
0.021,0.655,0.095,532440,10.0,1.201,0.02342
0.016,0.21,0.125,444007,0.2,0.1747,0.00682
0.08,0.677,0.09,395206,-0.9,0.5563,0.03265
0.004,0.179,0.11,993118,-1.6,-0.117,0.00534
0.004,0.546,0.166,930597,6.5,0.7058,0.00979
0.087,0.677,0.128,940346,12.9,1.7702,0.05085
0.078,0.138,0.147,800121,8.9,1.2864,0.02432
0.036,0.667,0.132,483371,10.6,1.2795,0.02282
0.005,0.725,0.163,124678,7.1,0.9099,0.02094
0.048,0.724,0.077,572859,9.2,1.4666,0.03011
0.043,0.441,0.098,182109,6.6,1.1599,0.01433
0.025,0.613,0.171,684947,0.4,0.3582,0.00726
0.023,0.132,0.159,301492,5.1,0.8964,0.01527
0.03,0.27,0.121,487058,-0.5,0.247,0.00676
0.049,0.334,0.184,970680,-0.5,0.3772,0.00898
0.024,0.74,0.113,933497,1.0,0.5064,0.00499
0.039,0.69,0.133,167016,-0.6,0.1289,0.02332
0.082,0.606,0.146,377120,7.8,1.4941,0.01967
0.082,0.402,0.153,629500,5.0,1.2568,0.01232
0.055,0.624,0.162,411034,-1.8,0.3088,0.01517
0.076,0.24,0.159,484913,8.8,1.4308,0.02125
0.084,0.103,0.118,284890,8.8,1.4734,0.03908
0.007,0.73,0.175,443729,1.6,0.2306,0.00868
0.033,0.351,0.091,774603,-3.9,-0.0335,0.00861
0.096,0.444,0.083,487672,14.4,1.6505,0.08751
0.039,0.115,0.143,919237,8.2,1.1559,0.01513
0.051,0.154,0.11,316863,11.7,1.5902,0.02973
0.08,0.279,0.076,429165,10.4,1.7446,0.01882
0.025,0.767,0.093,430552,13.3,1.2805,0.05767
0.051,0.231,0.083,672537,-4.0,0.1304,0.03153
0.087,0.709,0.189,499703,11.4,1.5587,0.03986
0.047,0.665,0.188,533624,14.0,1.438,0.03892
0.032,0.711,0.157,149223,12.7,1.2569,0.03857
0.018,0.338,0.186,244136,6.3,1.0238,0.01658
0.069,0.264,0.074,904357,8.7,1.5767,0.01235
0.047,0.795,0.149,789137,-0.4,0.4417,0.01306
0.097,0.142,0.149,270785,-1.4,0.5909,0.03793
0.074,0.166,0.096,590738,3.7,1.0451,0.01606
0.076,0.347,0.133,958660,13.5,1.806,0.02863
0.012,0.247,0.09,296183,0.8,0.3507,0.00729
0.099,0.393,0.124,230332,11.8,1.9738,0.03025
0.039,0.12,0.118,816412,10.3,1.3493,0.01748
0.017,0.298,0.085,329469,-1.4,0.0054,0.00696
0.013,0.327,0.119,157306,-1.2,-0.0506,0.01277
0.006,0.284,0.123,381995,10.1,1.0458,0.02107
0.064,0.316,0.106,263707,3.6,1.0285,0.01297
0.084,0.266,0.17,573637,-2.5,0.4849,0.01275
0.035,0.354,0.155,875129,2.5,0.6314,0.00749
0.016,0.625,0.156,758413,10.1,1.1257,0.01592
0.068,0.775,0.089,657084,10.4,1.7013,0.03899
0.088,0.331,0.191,596309,13.0,1.7767,0.03345
0.01,0.396,0.143,725024,-2.1,-0.0869,0.0069
0.08,0.145,0.176,654698,10.2,1.3903,0.03258
0.017,0.362,0.083,602497,5.0,0.7369,0.01003
0.072,0.246,0.181,488202,9.7,1.4341,0.02346
0.069,0.648,0.102,201511,13.1,1.6402,0.06325
0.012,0.474,0.143,833184,4.0,0.5662,0.00758
0.085,0.442,0.188,308515,-1.1,0.7008,0.01406
0.076,0.444,0.08,927558,0.2,0.9055,0.00705
0.062,0.744,0.137,506562,6.7,1.263,0.0188
0.038,0.586,0.191,508719,11.8,1.2776,0.02649
0.078,0.32,0.123,383315,4.9,1.2415,0.0141
0.017,0.782,0.094,703403,-3.5,-0.2268,0.00979
0.045,0.355,0.141,559391,12.1,1.4451,0.02356
0.081,0.67,0.137,555466,3.4,1.1578,0.0185
0.006,0.344,0.106,891254,6.8,0.8552,0.01148
0.089,0.221,0.179,559343,11.0,1.5845,0.03186
0.041,0.617,0.133,408069,13.4,1.3749,0.03931
0.055,0.641,0.12,296657,-4.2,-0.0281,0.02248
0.084,0.454,0.179,596043,12.0,1.7003,0.03116
0.047,0.145,0.136,679132,9.5,1.3031,0.01812
0.015,0.519,0.086,552315,12.6,1.1595,0.04394
0.068,0.559,0.097,166148,14.0,1.5848,0.07638
0.009,0.135,0.189,759531,-5.0,-0.3439,0.00849
0.083,0.409,0.128,152355,9.3,1.7245,0.02926
0.06,0.726,0.144,859253,12.9,1.619,0.03491
0.072,0.701,0.143,225853,4.4,0.992,0.02793
0.017,0.685,0.199,179693,-1.1,-0.0361,0.01568
0.014,0.645,0.163,992388,13.2,1.3071,0.02183
0.055,0.248,0.136,625901,1.0,0.6222,0.01089
0.067,0.195,0.125,518952,14.6,1.8094,0.03196
0.067,0.533,0.143,834399,5.8,1.2727,0.00993
0.089,0.735,0.187,871430,3.3,1.0901,0.01954
0.04,0.618,0.182,264330,3.5,0.7168,0.01207
0.023,0.226,0.159,798844,7.7,1.1326,0.01199
0.016,0.671,0.187,583885,3.4,0.4337,0.00904
0.07,0.736,0.098,356117,-1.2,0.3802,0.03289
0.093,0.747,0.119,275019,7.8,1.5904,0.0351
0.085,0.367,0.152,458792,12.0,1.7921,0.02534
0.048,0.314,0.082,168484,8.3,1.315,0.01815
0.036,0.1,0.136,203798,3.4,0.7525,0.01553
0.032,0.134,0.164,337180,-3.2,0.0473,0.01258
0.072,0.575,0.092,487928,13.3,1.6099,0.05566
0.067,0.63,0.152,243802,4.1,0.9669,0.02049
0.049,0.269,0.123,797068,-0.9,0.4087,0.00883
0.049,0.201,0.127,909017,3.6,0.9041,0.00977
0.049,0.143,0.126,917820,10.1,1.3948,0.01716
0.078,0.681,0.096,157765,1.5,0.645,0.0455
0.062,0.299,0.098,535925,5.8,1.2236,0.0119
0.002,0.628,0.145,402763,7.9,0.9567,0.0155
0.008,0.131,0.193,593963,1.3,0.166,0.00846
0.071,0.578,0.157,504035,5.8,1.2767,0.01226
0.04,0.284,0.181,112760,-4.6,-0.2492,0.02829
0.088,0.616,0.142,228554,12.1,1.6594,0.04603
0.002,0.338,0.084,197748,4.9,0.5803,0.01474
0.016,0.283,0.126,678204,13.1,1.2783,0.0263
0.095,0.718,0.185,917619,13.6,1.747,0.05426
0.086,0.419,0.088,529366,6.7,1.5786,0.01244
0.091,0.641,0.15,419026,3.8,1.1437,0.02535
0.039,0.607,0.08,491579,-4.8,-0.0605,0.01292
0.077,0.536,0.104,687188,8.4,1.498,0.02021
0.001,0.172,0.177,939109,3.3,0.2986,0.00749
0.084,0.639,0.188,310256,12.5,1.5784,0.04329
0.03,0.448,0.165,548130,8.2,1.1012,0.01328
0.041,0.761,0.184,669481,3.4,0.6907,0.01056
0.022,0.103,0.192,429901,2.4,0.3569,0.00971
0.031,0.149,0.101,275145,4.8,0.8181,0.01387
0.038,0.353,0.196,281266,8.8,1.1981,0.01853
0.026,0.471,0.086,277682,12.4,1.0991,0.06746
0.012,0.623,0.182,365439,12.3,1.1201,0.02597
0.095,0.225,0.196,136899,8.4,1.3533,0.04482
0.069,0.532,0.169,946679,13.2,1.5985,0.03889
0.055,0.579,0.117,770522,-3.1,0.4032,0.00779
0.052,0.289,0.132,804258,-4.8,0.0611,0.00984
0.048,0.366,0.192,188403,-0.6,0.4006,0.01416
0.062,0.314,0.071,352577,9.2,1.4349,0.02284
0.087,0.184,0.129,250580,11.1,1.7082,0.03909
0.014,0.484,0.104,362303,10.4,1.1199,0.02595
0.035,0.656,0.111,918537,7.4,1.1266,0.01376
0.081,0.272,0.168,647304,6.4,1.266,0.01709
0.079,0.468,0.088,687833,12.1,1.6093,0.04338
0.069,0.516,0.1,954016,1.6,1.0328,0.00658
0.021,0.3,0.151,505110,1.3,0.3236,0.00775
0.072,0.19,0.074,311408,-3.3,0.3207,0.04197
0.043,0.252,0.079,430120,9.7,1.3477,0.02071
0.011,0.671,0.181,127998,-2.3,-0.3342,0.02132
0.082,0.217,0.149,764771,1.6,0.8222,0.0137
0.068,0.721,0.121,985541,9.3,1.5265,0.02668
0.032,0.566,0.184,858908,-0.5,0.3294,0.00731
0.03,0.772,0.158,761305,9.7,1.1932,0.01653
0.053,0.242,0.104,370389,14.3,1.5043,0.04735
0.045,0.532,0.083,820230,9.5,1.363,0.02016
0.065,0.688,0.076,693200,-1.7,0.5786,0.01585
0.075,0.59,0.182,347075,12.2,1.5246,0.03813
0.052,0.51,0.088,250187,-4.7,-0.0039,0.02068
0.086,0.455,0.144,771084,1.6,1.0341,0.00971
0.081,0.706,0.183,937870,7.5,1.3133,0.02402
0.003,0.472,0.191,672522,2.0,0.1955,0.00813
0.054,0.322,0.144,759877,10.7,1.5137,0.01572
0.05,0.158,0.1,109329,9.3,1.3282,0.04416
0.012,0.79,0.152,764716,6.4,0.7613,0.01008
0.058,0.782,0.102,483961,-0.4,0.4593,0.02498
0.085,0.786,0.187,813915,7.0,1.3813,0.02758
0.035,0.75,0.183,760041,-3.6,-0.0732,0.01137
0.003,0.239,0.094,552535,11.3,1.1049,0.02725
0.087,0.439,0.114,353079,3.7,1.3287,0.01196
0.065,0.212,0.095,763555,7.7,1.3934,0.01432
0.009,0.52,0.166,319077,6.1,0.8576,0.01399
0.053,0.358,0.092,685559,9.6,1.3988,0.0192
0.062,0.428,0.168,914736,12.3,1.5844,0.02637
0.067,0.455,0.074,990213,12.5,1.5993,0.0395
0.013,0.609,0.092,882071,4.8,0.7034,0.0095
0.025,0.556,0.15,397661,-2.4,0.0655,0.00949
0.007,0.553,0.105,582660,12.9,1.2025,0.02986
0.015,0.125,0.17,325978,-1.9,-0.0451,0.00935
0.065,0.407,0.104,856029,5.5,1.2737,0.00903
0.049,0.333,0.182,164830,-1.9,0.303,0.01589
0.058,0.116,0.127,530975,6.1,1.0413,0.01818
0.006,0.359,0.14,305222,4.7,0.7013,0.01208
0.05,0.117,0.162,579222,9.3,1.206,0.02223
0.065,0.361,0.103,670451,-0.5,0.6491,0.00857
0.026,0.364,0.118,919321,11.8,1.3258,0.02035
0.03,0.343,0.1,985403,-4.4,-0.1181,0.0083
0.083,0.699,0.155,439902,-3.4,0.1939,0.03261
0.085,0.663,0.075,984485,11.8,1.7982,0.04982
0.039,0.346,0.097,562621,11.8,1.3502,0.02832
0.04,0.403,0.162,873941,-2.9,0.1509,0.00815
0.077,0.134,0.131,979693,6.9,1.2296,0.0183
0.033,0.633,0.12,926929,-2.1,0.2593,0.00633
0.035,0.119,0.161,493697,0.5,0.3596,0.00906
0.095,0.546,0.083,990113,11.4,1.7373,0.04542
0.012,0.383,0.174,452286,-2.6,-0.1057,0.00891
0.013,0.22,0.182,619249,1.7,0.2454,0.00812
0.097,0.595,0.105,761669,9.5,1.6386,0.03785
0.095,0.51,0.11,250705,-1.8,0.7731,0.01946
0.095,0.489,0.131,299971,7.9,1.7265,0.01862
0.089,0.56,0.108,830668,12.5,1.6913,0.0501
0.084,0.208,0.124,809504,12.4,1.7861,0.02632
0.049,0.543,0.161,795152,13.7,1.4876,0.0358
0.013,0.562,0.1,647487,-4.2,-0.3114,0.0091
0.078,0.8,0.167,433852,6.9,1.3898,0.02605
0.025,0.134,0.126,415001,10.6,1.257,0.01972
0.003,0.427,0.145,145408,9.6,0.9752,0.02629
0.094,0.106,0.125,306223,-0.7,0.6734,0.03533
0.027,0.295,0.143,686928,8.4,1.1674,0.01214
0.067,0.54,0.173,594279,6.5,1.248,0.01337
0.069,0.33,0.144,152332,7.2,1.4155,0.02501
0.067,0.487,0.115,830099,-2.1,0.5903,0.0075
0.054,0.295,0.186,254697,10.3,1.4363,0.02432
0.034,0.256,0.092,539635,-0.9,0.2729,0.00805
0.029,0.758,0.183,499418,12.0,1.2453,0.02421
0.087,0.459,0.151,616633,-4.5,0.5027,0.01032
0.026,0.742,0.132,109704,12.1,1.3039,0.04974
0.028,0.482,0.129,560510,14.5,1.3341,0.04145
0.005,0.316,0.182,442284,10.4,1.0797,0.01847
0.068,0.446,0.115,973036,-1.9,0.5904,0.00736
0.033,0.337,0.181,541460,4.8,0.9018,0.01151
0.05,0.123,0.13,472190,13.1,1.5683,0.03206
0.042,0.35,0.145,353839,-0.1,0.4122,0.00864
0.092,0.316,0.111,489453,4.2,1.2681,0.01463
0.072,0.118,0.097,977644,6.8,1.3001,0.0187
0.055,0.655,0.1,379981,-3.9,0.067,0.01985
0.098,0.328,0.181,113532,-0.3,0.7949,0.02887
0.017,0.462,0.155,641069,12.6,1.2471,0.02356
0.078,0.4,0.184,178935,2.4,1.0246,0.01804
0.069,0.732,0.079,899448,6.3,1.4067,0.02261
0.07,0.596,0.117,215794,6.1,1.311,0.01825
0.099,0.578,0.13,890229,9.8,1.7084,0.03089
0.04,0.434,0.072,650562,8.6,1.2547,0.01942
0.062,0.781,0.174,832276,10.2,1.46,0.02607
0.064,0.235,0.144,491005,10.6,1.5469,0.02137
0.058,0.31,0.125,346449,-1.4,0.4655,0.01107
0.044,0.65,0.075,374523,-0.9,0.3626,0.01389
0.028,0.617,0.173,776750,14.5,1.4013,0.03284
0.025,0.193,0.089,150814,12.8,1.2506,0.05042
0.075,0.525,0.108,958596,4.1,1.3245,0.00714
0.046,0.433,0.178,868080,3.6,0.8824,0.00852
0.1,0.645,0.084,303422,11.3,1.6959,0.06849
0.092,0.44,0.128,818158,1.1,1.064,0.00943
0.083,0.223,0.151,176872,7.8,1.4742,0.0301
0.021,0.125,0.105,313755,12.2,1.3104,0.02499
0.088,0.484,0.117,841034,14.1,1.6747,0.06072
0.075,0.548,0.165,411623,-0.8,0.7491,0.0119
0.046,0.797,0.126,333983,4.7,1.0247,0.01372
0.055,0.35,0.134,647123,-1.2,0.4607,0.00892
0.056,0.462,0.111,747675,10.7,1.4284,0.02413
0.042,0.735,0.097,586926,12.7,1.5477,0.03814
0.042,0.315,0.18,437421,3.8,0.9151,0.01242
0.026,0.641,0.141,423777,1.2,0.477,0.00782
0.083,0.262,0.187,734411,4.2,0.9204,0.01662
0.009,0.662,0.122,532890,6.0,0.8118,0.01158
0.049,0.245,0.072,309872,13.4,1.3541,0.06022
0.074,0.355,0.163,737821,-4.9,0.2661,0.01026
0.037,0.685,0.088,713013,14.9,1.4796,0.05871
0.043,0.496,0.139,229895,-3.9,0.0177,0.01607
0.035,0.348,0.08,708598,-3.6,0.0152,0.00887
0.065,0.59,0.156,842158,13.4,1.5687,0.03947
0.042,0.482,0.155,593522,7.9,1.174,0.01284
0.099,0.171,0.098,267617,5.0,1.3651,0.02873
0.083,0.465,0.174,525759,7.0,1.4229,0.01569
0.022,0.771,0.167,834264,5.2,0.7108,0.00962
0.08,0.639,0.182,793956,14.4,1.6597,0.05228
0.052,0.626,0.163,707185,7.7,1.1836,0.0152
0.049,0.747,0.125,512532,-3.4,0.0105,0.01962
0.006,0.139,0.155,925179,11.8,1.2206,0.01697
0.038,0.599,0.174,173701,-0.5,0.1469,0.02146
0.053,0.217,0.146,641230,13.4,1.6307,0.02444
0.052,0.317,0.081,927010,11.2,1.5146,0.02194
0.066,0.388,0.128,285002,7.4,1.4403,0.01621
0.068,0.693,0.145,221801,-1.9,0.1713,0.03309
0.088,0.275,0.072,763015,1.9,1.0621,0.01175
0.098,0.359,0.096,295551,5.8,1.5787,0.01724
0.052,0.68,0.101,322663,13.8,1.5449,0.06014
0.002,0.295,0.102,160699,7.2,0.7881,0.02233
0.028,0.374,0.149,553397,6.7,1.0512,0.01106
0.086,0.593,0.151,802032,-3.3,0.7276,0.00924
0.016,0.555,0.091,304340,11.8,1.1173,0.04922
0.059,0.615,0.136,124213,13.0,1.4133,0.05266
0.003,0.355,0.181,173547,-0.8,-0.0588,0.01322
0.085,0.695,0.136,587006,8.7,1.5381,0.03052
0.074,0.693,0.177,824376,12.2,1.5409,0.03604
0.002,0.215,0.167,309892,13.3,1.0946,0.03142
0.062,0.511,0.17,824922,0.2,0.6909,0.00802
0.057,0.555,0.169,632056,7.0,1.1957,0.01344
0.093,0.202,0.183,996451,12.5,1.6684,0.03941
0.025,0.419,0.093,251988,1.5,0.5217,0.00801
0.038,0.458,0.088,684525,1.5,0.6451,0.00545
0.075,0.785,0.199,784393,-4.4,-0.0066,0.0236
0.033,0.475,0.149,765188,7.3,1.0837,0.01115
0.034,0.147,0.181,104568,-0.9,0.2056,0.01985
0.059,0.399,0.185,995439,10.8,1.4987,0.01912
0.076,0.732,0.191,539820,10.1,1.426,0.03087
0.083,0.493,0.136,524671,7.1,1.5306,0.01347
0.04,0.17,0.078,146641,8.0,1.2077,0.02595
0.064,0.799,0.149,483350,9.3,1.4742,0.02836
0.06,0.797,0.105,871643,-3.3,0.1663,0.02426
0.037,0.296,0.14,173339,2.5,0.7564,0.01349
0.057,0.104,0.081,610070,10.8,1.5601,0.02812
0.02,0.286,0.075,232853,2.1,0.4915,0.00791
0.003,0.619,0.085,560740,2.0,0.3166,0.00632
0.057,0.381,0.177,116525,4.6,1.0295,0.02506
0.012,0.588,0.076,111224,-2.6,-0.2755,0.01202
0.002,0.343,0.105,709282,14.9,1.2321,0.03946
0.069,0.181,0.135,403816,-1.4,0.5062,0.02181
0.084,0.619,0.098,149838,14.3,1.7329,0.09105
0.087,0.581,0.163,696498,8.4,1.514,0.02196
0.053,0.56,0.128,434820,-3.7,0.2451,0.01126
0.06,0.487,0.151,536783,13.0,1.5016,0.03673
0.043,0.2,0.14,622296,-0.5,0.3757,0.00991
0.028,0.428,0.089,654620,9.5,1.2064,0.01952
0.097,0.381,0.098,849743,1.4,1.1361,0.01004
0.026,0.466,0.152,599011,13.1,1.3112,0.02814
0.059,0.155,0.114,594361,11.7,1.5971,0.02394
0.008,0.295,0.166,559126,14.4,1.23,0.03214
0.039,0.589,0.099,385448,-1.5,0.3184,0.01024
0.037,0.11,0.149,426540,-3.1,0.0987,0.01413
0.047,0.273,0.118,639129,9.5,1.4003,0.01356
0.024,0.147,0.1,263794,6.8,0.9542,0.01612
0.013,0.207,0.09,486786,12.9,1.1936,0.03683
0.024,0.204,0.13,409889,14.8,1.3242,0.04301
0.015,0.409,0.157,124860,11.9,1.1121,0.03371
0.014,0.676,0.09,355011,-3.2,-0.2956,0.01076
0.051,0.569,0.144,758996,9.8,1.3314,0.0197
0.064,0.748,0.165,691221,1.8,0.7346,0.01617
0.001,0.214,0.179,143905,6.9,0.9655,0.02128
0.064,0.769,0.128,306020,-1.3,0.3072,0.03029
0.082,0.635,0.151,876493,12.2,1.631,0.04042
0.002,0.226,0.12,973162,8.4,0.9898,0.01315
0.074,0.567,0.083,358192,2.9,1.2325,0.01171
0.039,0.37,0.157,482835,14.9,1.408,0.04523
0.044,0.545,0.084,720611,-3.1,0.2461,0.00764
0.012,0.688,0.127,931342,1.0,0.2815,0.00581
0.036,0.634,0.116,116908,-3.5,-0.3266,0.02197
0.048,0.573,0.093,435698,8.3,1.2554,0.02083
0.007,0.59,0.12,531556,1.2,0.2175,0.00611
0.016,0.291,0.108,215562,-3.6,-0.3379,0.01429
0.014,0.625,0.154,517808,-1.6,0.0348,0.00773
0.008,0.541,0.13,203744,-4.8,-0.6104,0.01506
0.016,0.474,0.153,565821,-4.1,-0.2103,0.00883
0.05,0.77,0.131,490574,2.2,0.7363,0.01464
0.081,0.773,0.096,523902,12.7,1.8227,0.06323
0.061,0.363,0.196,203848,0.0,0.5788,0.01528
0.098,0.478,0.125,264881,-3.8,0.6611,0.01842
0.066,0.318,0.193,652998,-4.6,0.1838,0.01092
0.059,0.765,0.19,503474,-3.4,-0.0054,0.02099
0.059,0.425,0.191,723625,-2.0,0.3595,0.0093
0.09,0.503,0.128,501233,1.6,1.206,0.01034
0.073,0.2,0.136,828050,6.3,1.234,0.01488
0.025,0.117,0.173,556402,10.8,1.1667,0.02127
0.012,0.753,0.191,576441,10.6,1.0738,0.01771
0.021,0.512,0.107,386679,9.2,1.0863,0.02059
0.051,0.411,0.194,621997,1.3,0.5487,0.00991
0.087,0.35,0.116,552432,4.1,1.2496,0.01213
0.042,0.223,0.131,848420,8.5,1.2702,0.01252
0.063,0.365,0.194,896238,10.8,1.5075,0.02032
0.043,0.291,0.153,911470,9.7,1.3643,0.01307
0.056,0.496,0.088,205690,4.1,1.1101,0.01243
0.062,0.246,0.143,210190,-4.0,0.2367,0.03063
0.064,0.698,0.155,976592,14.5,1.6642,0.04318
0.024,0.163,0.137,691510,0.5,0.2605,0.00671
0.085,0.301,0.197,180162,0.4,0.7188,0.02021
0.07,0.26,0.124,852988,8.9,1.4948,0.01491
0.027,0.559,0.093,242598,5.1,0.8643,0.01158
0.039,0.425,0.177,798176,14.2,1.4359,0.03502
0.099,0.677,0.171,359517,-0.1,0.6108,0.03827
0.063,0.67,0.115,189291,13.9,1.6423,0.06378
0.044,0.546,0.073,456397,-2.8,0.2577,0.00972
0.071,0.647,0.176,234586,9.5,1.407,0.02642
0.076,0.656,0.113,160905,1.0,0.5681,0.04179
0.04,0.143,0.162,657824,-4.6,-0.0184,0.01171
0.03,0.188,0.123,940134,7.9,1.1565,0.0112
0.079,0.769,0.119,307837,-2.1,0.2846,0.03946
0.084,0.673,0.112,796489,8.1,1.52,0.02886
0.03,0.71,0.11,837915,14.5,1.5091,0.03543
0.096,0.72,0.129,660935,-1.3,0.603,0.03782
0.077,0.317,0.132,255418,-2.9,0.4947,0.01734
0.014,0.762,0.096,369838,5.1,0.7374,0.01214
0.011,0.654,0.119,283484,-4.4,-0.4915,0.0132
0.048,0.406,0.185,854741,-0.6,0.3859,0.00862
0.007,0.18,0.165,847016,8.3,0.9851,0.01244
0.037,0.499,0.165,958097,0.3,0.4557,0.00713
0.077,0.45,0.167,255791,14.6,1.6648,0.0484
0.06,0.271,0.114,908874,12.4,1.6742,0.01999
0.043,0.588,0.167,900085,-3.1,0.2451,0.00749
0.015,0.671,0.18,875496,0.7,0.2353,0.00729
0.095,0.247,0.188,622474,5.7,1.0725,0.02207
0.006,0.362,0.098,800926,0.9,0.1578,0.00492
0.09,0.711,0.168,510873,-3.0,0.2605,0.03338
0.06,0.738,0.147,577151,8.7,1.3567,0.02249
0.073,0.722,0.118,866884,10.5,1.6386,0.03384
0.039,0.193,0.163,705787,4.7,0.9432,0.01193
0.048,0.491,0.156,100276,3.8,0.6843,0.03157
0.004,0.514,0.174,500236,0.9,0.1263,0.00812
0.023,0.504,0.088,585087,-2.1,0.0749,0.00699
0.061,0.418,0.14,777871,12.1,1.5543,0.0265
0.073,0.196,0.114,330281,6.3,1.2841,0.01928
0.061,0.346,0.159,853210,-0.3,0.5486,0.00924
0.043,0.726,0.129,645338,9.5,1.3208,0.02019
0.034,0.541,0.159,782573,-4.6,-0.0361,0.00839
0.013,0.294,0.072,844899,13.4,0.8261,0.1296
0.088,0.483,0.156,149091,3.5,0.8867,0.03894
0.063,0.624,0.148,247659,8.2,1.3458,0.01974
0.098,0.711,0.07,303515,6.4,1.4908,0.04322
0.082,0.383,0.151,578866,12.2,1.7672,0.02576
0.095,0.122,0.147,912713,-3.5,0.5033,0.04241
0.081,0.237,0.17,363879,10.1,1.5533,0.02725
0.015,0.701,0.112,611579,3.6,0.6273,0.00789
0.039,0.464,0.153,212832,13.7,1.2898,0.04419
0.008,0.75,0.095,606557,-1.9,-0.1252,0.00693
0.082,0.487,0.161,829969,15.0,1.699,0.05732
0.034,0.647,0.11,384426,10.6,1.2749,0.02682
0.064,0.565,0.076,749210,4.7,1.2251,0.01044
0.074,0.423,0.107,298378,7.0,1.5146,0.0149
0.01,0.15,0.169,179935,6.3,0.9421,0.01897
0.006,0.794,0.197,225365,10.0,0.9874,0.02183
0.038,0.582,0.089,556312,6.9,1.1128,0.01566
0.009,0.344,0.191,137195,8.7,1.0794,0.02398
0.002,0.119,0.078,808758,9.2,0.9762,0.01788
0.049,0.466,0.09,756816,2.2,0.8353,0.00589
0.024,0.216,0.081,214559,-3.9,-0.3296,0.02711
0.038,0.582,0.197,111619,10.9,1.2326,0.03111
0.057,0.491,0.094,926965,4.9,1.1812,0.00788
0.025,0.66,0.189,489459,5.6,0.6681,0.01121
0.032,0.512,0.11,134554,1.2,0.4695,0.01648
0.093,0.727,0.122,695297,9.8,1.6884,0.04404
0.074,0.263,0.177,897966,5.2,1.1204,0.01403
0.035,0.504,0.093,727624,3.4,0.8102,0.00647
0.084,0.439,0.114,865180,-1.9,0.7497,0.00815
0.02,0.382,0.116,400985,2.5,0.6224,0.00822
0.074,0.197,0.162,740817,-3.0,0.3924,0.01268
0.041,0.662,0.091,767376,6.0,1.0957,0.01369
0.056,0.764,0.125,626411,6.7,1.2587,0.01819
0.099,0.727,0.097,737982,5.9,1.5529,0.03174
0.069,0.165,0.144,316826,5.0,0.9915,0.01994
0.075,0.309,0.133,861836,3.5,1.0643,0.0102
0.04,0.349,0.108,960531,0.8,0.522,0.00576
0.083,0.22,0.085,185057,-2.4,0.5094,0.03761
0.047,0.283,0.109,256788,11.4,1.4648,0.02278
0.071,0.69,0.187,208651,2.2,0.6236,0.02864
0.067,0.615,0.189,328545,13.6,1.4927,0.04536
0.071,0.677,0.172,966227,1.2,0.9099,0.00939
0.047,0.219,0.17,860858,-2.1,0.248,0.00959
0.063,0.677,0.175,814561,5.8,1.07,0.01497
0.066,0.454,0.113,774429,-3.3,0.4285,0.00817
0.056,0.428,0.146,459764,2.8,0.9321,0.0094
0.085,0.569,0.169,435140,-4.3,0.3901,0.01552
0.084,0.444,0.152,733373,-4.2,0.4853,0.00953
0.086,0.748,0.095,660329,7.0,1.5232,0.03422
0.084,0.202,0.149,372320,9.2,1.5114,0.02633
0.024,0.261,0.16,987560,4.5,0.7196,0.00865
0.062,0.664,0.132,187776,9.7,1.3945,0.02916
0.07,0.162,0.185,671109,9.1,1.2765,0.0258
0.094,0.152,0.096,574684,14.1,1.9074,0.04662
0.078,0.155,0.133,889030,5.3,1.1155,0.01662
0.077,0.686,0.155,259132,0.8,0.5963,0.0327
0.04,0.581,0.171,629423,1.3,0.5996,0.00777
0.081,0.755,0.105,842409,-2.6,0.3771,0.03351
0.018,0.604,0.143,195148,11.3,1.1024,0.02918
0.015,0.342,0.144,437614,5.0,0.8152,0.01086
0.057,0.651,0.196,208044,7.3,1.1327,0.01953
0.063,0.373,0.103,531571,3.9,1.0812,0.00956
0.095,0.449,0.161,412867,-4.5,0.5576,0.01299
0.013,0.289,0.113,777651,9.8,1.1329,0.01633
0.085,0.427,0.124,231351,-2.2,0.6899,0.01529
0.022,0.708,0.191,207928,-4.3,-0.4327,0.02017
0.087,0.458,0.145,313586,11.0,1.7427,0.02547
0.054,0.403,0.148,423205,2.1,0.8523,0.00951
0.046,0.664,0.073,583337,5.1,1.0878,0.01436
0.034,0.113,0.123,704918,10.4,1.3066,0.01844
0.075,0.415,0.181,264601,11.5,1.6263,0.02793
0.084,0.175,0.122,912176,1.1,0.8586,0.01827
0.078,0.411,0.1,125707,13.6,1.4657,0.07508
0.011,0.74,0.196,921168,-3.6,-0.1715,0.00766
0.034,0.573,0.112,503129,11.0,1.2783,0.02571
0.092,0.656,0.13,298604,0.7,0.7145,0.03999
0.034,0.495,0.127,531076,12.8,1.3313,0.03139
0.009,0.439,0.178,250324,4.4,0.6263,0.01375
0.025,0.678,0.093,205680,-4.0,-0.3577,0.01603
0.081,0.285,0.145,584868,13.8,1.8597,0.02939
0.013,0.698,0.12,570623,0.7,0.2765,0.00601
0.008,0.552,0.092,706598,13.2,1.2153,0.03382
0.028,0.448,0.088,294261,10.7,1.2373,0.03716
0.078,0.632,0.129,159766,-3.1,0.0026,0.04222
0.015,0.66,0.177,981637,9.4,1.0736,0.0138
0.025,0.708,0.107,212979,7.2,0.9867,0.01959
0.016,0.304,0.188,525742,13.3,1.2346,0.027
0.057,0.179,0.16,598918,-2.0,0.3542,0.01176
0.01,0.244,0.153,516352,10.1,1.1181,0.01663
0.004,0.487,0.086,273302,-2.6,-0.3679,0.00906
0.039,0.28,0.137,726852,13.8,1.4908,0.02917
0.005,0.628,0.17,414679,3.6,0.3905,0.00939
0.012,0.255,0.184,135903,8.0,1.0882,0.02348
0.092,0.639,0.153,652121,-1.6,0.6788,0.02034
0.001,0.484,0.148,606816,1.9,0.1887,0.00705
0.013,0.294,0.117,874323,0.3,0.1581,0.00541
0.072,0.743,0.132,760116,10.5,1.6135,0.03374
0.004,0.202,0.111,365103,14.5,1.1159,0.05131
0.069,0.326,0.099,848143,11.6,1.5998,0.02634
0.025,0.457,0.117,136691,-1.2,0.0314,0.01548
0.006,0.173,0.13,106641,6.5,0.8302,0.02043
0.025,0.211,0.185,807379,5.4,0.7624,0.01073
0.057,0.573,0.119,836261,10.7,1.4424,0.02504
0.022,0.129,0.18,819733,-0.2,0.1603,0.00753
0.057,0.391,0.133,985485,-2.8,0.3413,0.00791
0.099,0.615,0.139,727544,11.2,1.7162,0.04293
0.01,0.123,0.121,309357,2.9,0.5211,0.01031
0.03,0.492,0.15,553277,-2.1,0.1575,0.00814
0.066,0.45,0.196,627486,14.1,1.5812,0.04272
0.073,0.155,0.167,361175,-2.5,0.4453,0.02462
0.044,0.157,0.198,563196,-3.7,0.1028,0.01185
0.034,0.519,0.167,712600,9.6,1.1969,0.01634
0.042,0.744,0.102,327822,13.0,1.5036,0.05369
0.018,0.735,0.077,737895,-1.7,0.0448,0.0072
0.043,0.486,0.137,893672,-3.3,0.1841,0.0075
0.057,0.414,0.186,626959,7.7,1.2545,0.01418
0.077,0.758,0.08,698269,5.9,1.4257,0.0277
0.017,0.613,0.172,899741,14.2,1.3425,0.02729
0.028,0.396,0.136,964817,9.2,1.1912,0.0138
0.061,0.767,0.15,662548,12.5,1.616,0.03632
0.034,0.332,0.146,221346,1.3,0.6338,0.01175
0.024,0.516,0.123,169699,-2.0,-0.069,0.01582
0.02,0.58,0.129,120122,15.0,0.8309,0.13879
0.093,0.624,0.165,961820,7.9,1.4756,0.02441
0.086,0.32,0.089,387802,4.0,1.2621,0.01319
0.012,0.474,0.098,199860,8.6,0.9764,0.02706
0.064,0.288,0.074,171283,1.7,0.8206,0.01379
0.06,0.402,0.197,411549,14.2,1.542,0.04063
0.035,0.382,0.195,959623,6.5,1.0737,0.01077
0.028,0.479,0.142,161211,2.1,0.6944,0.01289
0.06,0.144,0.121,593320,12.2,1.6034,0.02659
0.04,0.215,0.156,863743,-3.9,0.0255,0.00938
0.099,0.667,0.153,691281,3.7,1.2729,0.02304
0.052,0.18,0.145,596106,12.8,1.5694,0.02497
0.006,0.36,0.189,974356,-3.1,-0.2101,0.00776
0.044,0.336,0.18,215137,0.3,0.4554,0.01229
0.071,0.244,0.098,844952,5.2,1.2199,0.01146
0.08,0.28,0.094,641249,14.3,1.6847,0.0533
0.071,0.342,0.163,277437,1.4,0.792,0.01399
0.06,0.666,0.124,636679,14.4,1.6226,0.04908
0.05,0.337,0.177,682717,-1.3,0.3486,0.00955
0.084,0.768,0.121,342241,12.8,1.7321,0.06623
0.065,0.516,0.117,328551,8.2,1.4309,0.01622
0.068,0.735,0.105,991287,11.5,1.7287,0.03534
0.03,0.457,0.198,316720,9.4,1.107,0.01897
0.06,0.423,0.078,250806,0.6,0.7528,0.00899
0.081,0.155,0.094,555397,1.6,0.8849,0.02137
0.007,0.532,0.18,864103,-4.4,-0.3095,0.00808
0.004,0.191,0.072,619912,-2.1,-0.2424,0.0068
0.004,0.501,0.127,506903,-4.8,-0.5092,0.01029
0.08,0.336,0.141,872692,2.1,0.9379,0.01092
0.06,0.438,0.132,373767,-0.9,0.5926,0.01003
0.033,0.516,0.073,846408,1.0,0.5508,0.00434
0.004,0.305,0.172,251858,14.7,1.1166,0.04207
0.028,0.707,0.151,301046,7.3,0.9775,0.01477
0.044,0.148,0.145,667713,13.7,1.5526,0.02736
0.04,0.35,0.131,259715,0.6,0.6167,0.00969
0.009,0.65,0.167,233914,9.3,0.9703,0.01974
0.066,0.28,0.156,704372,3.2,0.9406,0.01091
0.033,0.273,0.133,694082,11.8,1.3843,0.01952
0.091,0.409,0.141,599499,10.6,1.7712,0.02126
0.008,0.218,0.143,325692,3.6,0.5368,0.01115
0.002,0.537,0.113,842038,10.6,1.1093,0.01802
0.005,0.379,0.17,274933,9.5,1.0078,0.0194
0.074,0.704,0.078,521072,5.8,1.3457,0.02428
0.052,0.561,0.087,161705,12.5,1.2728,0.0795
0.048,0.34,0.11,758694,2.3,0.7872,0.00746
0.098,0.397,0.104,523512,14.8,1.6669,0.08323
0.024,0.23,0.155,121846,-3.3,-0.2332,0.0197
0.033,0.783,0.194,992606,-1.1,0.2171,0.00753
0.085,0.672,0.084,131144,0.3,0.4975,0.04909
0.04,0.79,0.165,141193,-4.3,-0.4917,0.0251
0.024,0.481,0.195,299247,12.0,1.1574,0.0276
0.064,0.123,0.169,247631,10.4,1.359,0.03452
0.014,0.284,0.198,450517,5.3,0.618,0.01194
0.001,0.393,0.184,267114,7.0,0.8325,0.01703
0.057,0.206,0.188,212396,9.0,1.3183,0.02695
0.096,0.424,0.088,330033,13.0,1.6152,0.07124
0.064,0.554,0.074,496858,11.1,1.5308,0.04433
0.041,0.2,0.147,304840,0.7,0.4859,0.00998
0.024,0.778,0.085,623572,6.9,1.0599,0.01579
0.084,0.109,0.091,134476,14.2,0.9955,0.20648
0.061,0.345,0.181,702617,-2.3,0.3398,0.00986
0.044,0.4,0.115,190224,2.2,0.7678,0.0114
0.01,0.228,0.092,839791,9.4,1.0748,0.01604
0.004,0.287,0.123,144759,-4.4,-0.6052,0.01502
0.026,0.343,0.178,490553,13.5,1.3049,0.02997
0.014,0.21,0.171,110733,-4.9,-0.6051,0.02231
0.028,0.424,0.152,170290,4.1,0.8742,0.0142
0.052,0.75,0.095,150029,-0.3,0.2292,0.02564
0.085,0.334,0.131,714562,14.5,1.9124,0.03394
0.002,0.531,0.168,475667,-2.8,-0.2295,0.00855
0.011,0.389,0.15,867242,1.4,0.2458,0.00646
0.085,0.666,0.156,446178,6.3,1.3793,0.02005
0.033,0.23,0.178,955532,8.6,1.1824,0.01304
0.019,0.604,0.149,105038,5.5,0.8657,0.01779
0.016,0.282,0.159,876472,2.3,0.3553,0.00704
0.024,0.485,0.124,147557,2.8,0.6793,0.01259
0.044,0.343,0.131,217475,12.1,1.4008,0.02805
0.041,0.421,0.178,656588,10.9,1.3325,0.01942
0.014,0.777,0.121,244762,14.2,1.2073,0.05636
0.034,0.209,0.156,418161,-4.8,-0.1012,0.01213
0.002,0.763,0.089,372358,-2.2,-0.3233,0.00795
0.098,0.762,0.099,474597,11.3,1.8029,0.06541
0.041,0.479,0.073,175806,-3.2,-0.0262,0.01993
0.071,0.114,0.081,129846,4.2,1.0529,0.02956
0.041,0.451,0.13,375678,0.4,0.5106,0.00784
0.049,0.6,0.155,542042,-0.5,0.5737,0.00874
0.058,0.725,0.169,601576,14.5,1.5668,0.04421
0.038,0.177,0.169,366703,13.2,1.4451,0.02873
0.094,0.509,0.119,341959,4.1,1.505,0.01306
0.017,0.347,0.099,332583,7.8,0.9641,0.01744
0.073,0.628,0.149,263504,12.0,1.5281,0.04062
0.022,0.37,0.151,830384,4.2,0.7193,0.00821
0.01,0.398,0.077,668915,5.1,0.6762,0.01062
0.023,0.423,0.141,448425,13.7,1.2672,0.03537
0.098,0.679,0.13,357589,-2.3,0.4068,0.0436
0.077,0.378,0.111,543138,-4.5,0.3729,0.01212
0.028,0.17,0.072,390856,4.6,0.7682,0.01081
0.024,0.263,0.112,695282,1.6,0.4587,0.00687
0.076,0.79,0.197,750162,7.0,1.2787,0.02386
0.037,0.278,0.141,843783,9.1,1.2889,0.01212
0.065,0.695,0.19,482360,-2.5,0.1546,0.02119
0.068,0.695,0.099,342901,13.7,1.6772,0.0658
0.018,0.682,0.132,258560,8.2,0.9776,0.01775
0.012,0.229,0.086,816334,11.2,1.2213,0.02113
0.066,0.4,0.168,741258,14.7,1.6572,0.04304
0.019,0.727,0.146,902095,11.5,1.2578,0.01851
0.083,0.198,0.168,374937,4.8,0.9852,0.02108
0.034,0.61,0.197,786094,9.7,1.1589,0.01772
0.025,0.792,0.071,155727,6.5,1.0141,0.03508
0.006,0.611,0.089,590770,6.4,0.7692,0.01342
0.049,0.13,0.102,928900,12.0,1.575,0.02071
0.028,0.123,0.186,418325,13.1,1.2722,0.03124
0.053,0.311,0.188,910938,5.9,1.0766,0.0119
0.069,0.593,0.165,879961,1.7,0.9784,0.00788
0.091,0.748,0.16,856323,7.9,1.5306,0.03151
0.022,0.341,0.185,637151,9.4,1.144,0.01467
0.044,0.487,0.132,980082,4.0,0.9607,0.00709
0.04,0.124,0.129,596888,5.9,0.9989,0.01378
0.078,0.588,0.129,292697,-1.6,0.4608,0.02603
0.012,0.199,0.132,951365,12.2,1.2757,0.01901
0.016,0.14,0.076,287007,10.4,1.1283,0.0318
0.035,0.176,0.098,664594,6.8,1.0627,0.01183
0.012,0.695,0.145,427520,11.0,1.109,0.02121
0.083,0.75,0.136,983230,-4.9,0.0893,0.03043
0.064,0.291,0.158,677037,10.9,1.5602,0.01932
0.011,0.339,0.088,167268,5.3,0.7044,0.01381
0.017,0.297,0.127,520360,8.0,1.0418,0.01342
0.008,0.654,0.136,549322,10.1,1.0721,0.0179
0.015,0.714,0.14,930204,1.6,0.3735,0.00645
0.098,0.754,0.192,956199,11.7,1.7196,0.04676
0.021,0.74,0.117,654526,-0.8,0.2106,0.00714
0.071,0.177,0.097,714719,-4.5,0.2324,0.04686
0.067,0.127,0.167,313146,11.0,1.4079,0.03445
0.026,0.103,0.145,324347,5.7,0.8976,0.01579
0.089,0.364,0.08,380616,11.4,1.6353,0.04175
0.03,0.63,0.117,504720,7.9,1.0864,0.01565
0.025,0.428,0.104,880493,11.8,1.3053,0.02271
0.016,0.221,0.116,455251,7.0,0.9541,0.01189
0.036,0.296,0.127,742629,11.0,1.3659,0.01769
0.012,0.487,0.133,913660,4.4,0.6389,0.00791
0.046,0.336,0.195,663321,11.4,1.3985,0.02063
0.086,0.495,0.161,910361,11.5,1.7133,0.02976
0.005,0.541,0.118,763516,-3.6,-0.3112,0.00746
0.002,0.115,0.149,485292,-0.5,-0.0287,0.00727
0.041,0.605,0.164,429087,5.2,0.938,0.01086
0.009,0.2,0.111,271695,1.6,0.3742,0.00919
0.018,0.665,0.169,874876,2.1,0.3968,0.00732
0.075,0.614,0.073,991791,5.2,1.3137,0.01651
0.053,0.77,0.141,255885,11.5,1.4404,0.03659
0.092,0.294,0.117,394924,3.6,1.1845,0.01592
0.013,0.575,0.157,566522,6.7,0.9536,0.01231
0.068,0.458,0.077,989842,3.4,1.1574,0.00658
0.047,0.506,0.198,263142,0.9,0.5645,0.01306
0.03,0.707,0.114,901941,10.1,1.3026,0.0183
0.064,0.296,0.154,661876,-1.7,0.451,0.0102
0.03,0.323,0.141,596973,8.0,1.1514,0.01197
0.038,0.392,0.091,414702,13.8,1.3541,0.04942
0.003,0.353,0.168,828526,7.0,0.7549,0.01074
0.036,0.656,0.108,236339,7.6,1.0953,0.01992
0.027,0.225,0.137,812219,11.4,1.3519,0.01645
0.03,0.314,0.152,771645,3.0,0.6443,0.00825
0.045,0.228,0.118,456886,13.0,1.5675,0.02285
0.042,0.251,0.071,297895,5.7,1.0202,0.01287
0.074,0.385,0.166,354208,5.7,1.2659,0.01512
0.013,0.306,0.176,806291,9.2,1.1499,0.0139
0.072,0.459,0.169,757526,2.5,0.9235,0.00995
0.017,0.585,0.182,812465,5.7,0.7306,0.00953
0.022,0.181,0.086,106879,1.6,0.4588,0.01198
0.067,0.352,0.129,245832,-2.7,0.4357,0.01427
0.035,0.46,0.079,255450,10.9,1.233,0.05436
0.09,0.445,0.109,767572,-1.6,0.8494,0.00851
0.073,0.266,0.16,740923,4.3,1.0605,0.01259
0.041,0.231,0.135,996261,6.9,1.1489,0.01083
0.006,0.476,0.169,431864,-3.6,-0.268,0.00945
0.095,0.417,0.134,921144,12.9,1.889,0.03212
0.02,0.43,0.076,235598,1.3,0.4289,0.00784
0.044,0.644,0.189,401980,0.0,0.4416,0.01081
0.027,0.481,0.089,278789,0.5,0.4379,0.00772
0.099,0.674,0.179,859058,13.3,1.7331,0.0535
0.013,0.172,0.181,610857,3.1,0.3647,0.00856
0.036,0.155,0.119,883640,12.3,1.5219,0.01658
0.006,0.294,0.163,646592,-0.1,0.0463,0.00723
0.027,0.297,0.191,713346,13.0,1.3413,0.02371
0.071,0.739,0.131,280470,2.7,0.8572,0.02954
0.029,0.129,0.153,335096,-3.0,0.0301,0.01221
0.083,0.423,0.126,276897,-1.5,0.7527,0.01299
0.017,0.246,0.178,835727,14.5,1.3533,0.02804
0.057,0.735,0.152,586210,8.1,1.277,0.01975
0.045,0.298,0.162,944615,10.7,1.4385,0.01494
0.029,0.633,0.162,834101,-4.3,-0.0433,0.00809
0.059,0.312,0.161,490877,8.9,1.3795,0.01665
0.029,0.181,0.116,796894,1.5,0.4536,0.00718
0.093,0.586,0.127,687711,12.2,1.6841,0.04944
0.009,0.66,0.101,291062,11.0,1.1031,0.03733
0.042,0.24,0.071,856523,11.8,1.4414,0.02702
0.015,0.525,0.193,888851,3.1,0.3904,0.00793
0.099,0.644,0.148,592660,14.6,1.7794,0.0715
0.098,0.609,0.135,715434,6.7,1.6375,0.01665
0.046,0.285,0.112,758282,11.7,1.4638,0.02174
0.044,0.393,0.199,355818,1.7,0.5222,0.01081
0.003,0.412,0.145,651740,-2.9,-0.2423,0.00734
0.073,0.285,0.088,713028,9.0,1.6036,0.01415
0.069,0.292,0.133,622474,-2.0,0.4879,0.01047
0.047,0.432,0.12,278269,-3.1,0.21,0.0121
0.081,0.462,0.183,760667,13.0,1.7014,0.0372
0.083,0.514,0.114,873913,-4.1,0.579,0.00844
0.009,0.631,0.167,523893,12.0,1.1461,0.02177
0.043,0.11,0.147,655725,-4.0,0.0538,0.01837
0.018,0.751,0.129,844859,7.2,0.967,0.01197
0.041,0.153,0.095,853509,4.5,0.8899,0.00997
0.004,0.229,0.111,749334,10.1,1.0813,0.01771
0.04,0.577,0.182,573237,12.3,1.3335,0.02824
0.1,0.611,0.121,649269,2.2,1.4223,0.01282
0.005,0.241,0.101,921512,6.4,0.8076,0.01093
0.026,0.799,0.168,488734,-5.0,-0.3921,0.01494
0.026,0.753,0.128,140303,10.7,1.2368,0.03553
0.005,0.616,0.176,665858,14.9,1.2412,0.03227
0.012,0.292,0.095,806684,6.1,0.815,0.01084
0.079,0.347,0.114,404133,6.6,1.4532,0.01502
0.072,0.473,0.164,614986,5.7,1.2596,0.01176
0.006,0.671,0.15,536104,6.6,0.8394,0.01228
0.022,0.776,0.127,286590,1.4,0.3525,0.01031
0.057,0.649,0.097,498228,-0.4,0.6101,0.01376
0.035,0.744,0.104,908919,9.9,1.3798,0.01971
0.01,0.228,0.081,513297,6.3,0.785,0.01282
0.09,0.384,0.114,856914,7.2,1.5723,0.01306
0.054,0.749,0.168,100331,-0.9,0.0151,0.0391
0.09,0.647,0.155,392942,11.8,1.6555,0.04381
0.076,0.297,0.105,840591,1.0,0.8588,0.01034
0.051,0.492,0.147,252682,14.3,1.3804,0.05236
0.001,0.405,0.097,873773,-4.9,-0.5753,0.00946
0.07,0.273,0.084,235362,8.8,1.5828,0.02198
0.035,0.343,0.199,638281,-1.9,0.1508,0.0095
0.094,0.647,0.092,917110,9.9,1.6982,0.04172
0.024,0.446,0.185,697150,14.6,1.3275,0.03522
0.018,0.684,0.105,651921,-0.0,0.2795,0.00582
0.097,0.738,0.106,336719,7.6,1.6021,0.03847
0.009,0.534,0.162,865508,-0.8,0.0394,0.00681
0.058,0.396,0.112,459520,13.1,1.4546,0.04337
0.088,0.5,0.189,252094,-0.2,0.7133,0.0194
0.093,0.29,0.131,285822,4.5,1.2637,0.01898
0.073,0.729,0.147,364184,7.3,1.3687,0.0229
0.094,0.687,0.159,697092,10.0,1.6228,0.037
0.01,0.646,0.087,467414,1.1,0.3096,0.00556
0.012,0.3,0.104,587032,6.4,0.8494,0.01171
0.091,0.206,0.144,547854,-3.8,0.4952,0.03837
0.02,0.259,0.103,492891,13.9,1.2728,0.03929
0.077,0.744,0.166,610885,6.4,1.2965,0.02192
0.078,0.571,0.091,918287,8.8,1.5169,0.02575
0.003,0.585,0.177,440439,14.9,1.1601,0.03803
0.008,0.384,0.186,118370,5.2,0.9254,0.02149
0.022,0.422,0.095,844654,12.3,1.3358,0.02387
0.074,0.189,0.085,803932,2.4,0.9471,0.01299
0.016,0.136,0.11,915329,7.1,0.9744,0.01041
0.079,0.772,0.145,877576,-0.7,0.6038,0.02699
0.097,0.145,0.144,227153,-1.0,0.6207,0.03686
0.029,0.742,0.112,400042,10.2,1.2592,0.02517
0.083,0.31,0.191,966653,1.5,0.7355,0.01277
0.034,0.505,0.172,482530,4.8,0.9224,0.01029
0.023,0.528,0.091,746478,5.9,0.8876,0.01163
0.059,0.43,0.132,319510,6.8,1.3191,0.01362
0.031,0.183,0.093,385549,-4.1,-0.1233,0.02415
0.011,0.481,0.185,730662,5.1,0.5606,0.00893
0.064,0.701,0.072,117775,2.2,0.546,0.03548
0.009,0.561,0.084,857409,14.6,1.1248,0.06573
0.099,0.307,0.184,479430,4.2,1.0717,0.01935
0.05,0.198,0.085,699545,1.9,0.6838,0.01072
0.036,0.585,0.071,232649,5.5,0.9606,0.01786
0.091,0.634,0.184,377534,11.4,1.5964,0.03943
0.047,0.75,0.135,533389,3.5,0.9227,0.00992
0.094,0.542,0.105,711387,11.0,1.6449,0.04431
0.012,0.144,0.112,419500,1.5,0.3247,0.00769
0.07,0.766,0.171,201853,6.4,1.2511,0.02284
0.065,0.768,0.146,258754,10.1,1.4596,0.03264
0.094,0.782,0.178,166447,5.7,1.2539,0.03574
0.028,0.592,0.078,469760,7.9,1.1061,0.02058
0.039,0.305,0.087,576567,3.7,0.8177,0.0083
0.036,0.497,0.189,103338,-4.2,-0.4254,0.03305
0.081,0.21,0.098,972179,4.6,1.2191,0.01334
0.02,0.355,0.177,372505,-0.4,0.1541,0.00913
0.012,0.297,0.153,817707,11.1,1.1929,0.0168
0.07,0.77,0.13,399552,14.6,1.7102,0.06895
0.03,0.436,0.157,461248,4.0,0.8722,0.00991
0.004,0.586,0.073,957093,9.5,0.999,0.02383
0.094,0.619,0.193,550814,-0.8,0.6218,0.02145
0.022,0.441,0.161,485713,-2.1,0.0545,0.00857
0.072,0.511,0.148,204190,-4.9,0.0699,0.02606
0.058,0.694,0.184,312949,13.4,1.4341,0.04169
0.012,0.603,0.157,867593,11.8,1.2118,0.01857
0.024,0.288,0.128,415397,8.9,1.1498,0.01482
0.056,0.424,0.111,271542,13.4,1.3856,0.05339
0.026,0.776,0.152,833600,11.9,1.3246,0.02065
0.099,0.144,0.105,282899,-3.7,0.4526,0.05474
0.041,0.521,0.154,409902,12.1,1.3235,0.02909
0.02,0.623,0.137,440070,11.5,1.186,0.02395
0.045,0.788,0.098,968571,-2.4,0.2588,0.01502
0.03,0.336,0.13,691880,4.6,0.8953,0.00878
0.092,0.544,0.193,633082,2.0,1.0491,0.01214
0.001,0.273,0.095,382818,3.7,0.5227,0.00949
0.022,0.392,0.132,990296,2.3,0.4828,0.00615
0.004,0.769,0.138,530823,-0.6,0.0089,0.00665
0.077,0.671,0.185,439790,-0.2,0.4899,0.02373
0.093,0.477,0.108,682607,-0.5,1.0275,0.0087
0.071,0.479,0.075,943798,-3.4,0.4926,0.00782
0.084,0.475,0.107,343215,14.7,1.5671,0.08098
0.042,0.174,0.176,645781,-1.1,0.2944,0.01036
0.08,0.532,0.167,617216,5.5,1.3164,0.0122
0.072,0.452,0.192,949627,-2.6,0.416,0.00893
0.07,0.644,0.083,325102,-0.1,0.6403,0.02535
0.034,0.599,0.168,347492,13.4,1.2952,0.03586
0.056,0.322,0.155,142157,2.4,0.8837,0.01675
0.09,0.166,0.17,940975,3.2,0.9124,0.01731
0.003,0.393,0.141,233938,7.3,0.8884,0.01684
0.097,0.525,0.175,868166,-0.6,0.9343,0.0096
0.036,0.399,0.117,819338,3.1,0.7959,0.00697
0.081,0.169,0.117,271606,-1.5,0.5542,0.03259
0.006,0.29,0.19,981956,9.3,0.9943,0.01317
0.061,0.532,0.152,843227,-2.1,0.5343,0.00766
0.032,0.25,0.168,179119,6.8,1.0998,0.01997
0.097,0.243,0.176,813426,-0.5,0.6755,0.01444
0.006,0.539,0.152,856370,-0.8,0.0028,0.00652
0.026,0.467,0.167,953246,14.8,1.4096,0.03322
0.03,0.209,0.099,814591,-3.5,-0.0406,0.00881
0.075,0.683,0.074,831337,11.8,1.7472,0.05242
0.089,0.603,0.126,391292,5.3,1.4663,0.01711
0.073,0.748,0.181,665688,-3.0,0.1755,0.02387
0.028,0.623,0.127,818748,5.5,0.9035,0.00965
0.072,0.522,0.19,949907,-4.7,0.3081,0.00867
0.007,0.414,0.133,878504,9.1,1.0722,0.01424
0.007,0.156,0.196,680078,-0.9,-0.0201,0.0082
0.03,0.591,0.182,219900,2.0,0.4997,0.01237
0.038,0.532,0.082,118579,0.6,0.3287,0.01966
0.04,0.387,0.076,611625,13.2,1.359,0.04903
0.086,0.323,0.15,817486,8.5,1.5473,0.01732
0.07,0.161,0.178,704674,9.9,1.3506,0.02698
0.002,0.422,0.178,539917,4.8,0.4588,0.00953
0.046,0.634,0.11,408857,9.5,1.2951,0.02431
0.05,0.369,0.151,765615,5.9,1.1162,0.01013
0.078,0.399,0.16,357087,14.5,1.7408,0.04218
0.058,0.311,0.109,819535,7.4,1.3405,0.01118
0.029,0.218,0.107,767405,-3.9,-0.088,0.00918
0.093,0.62,0.192,614002,8.0,1.3795,0.02615
0.07,0.493,0.134,980437,-3.8,0.4396,0.00784
0.036,0.228,0.188,256524,8.4,1.1874,0.02089
0.072,0.78,0.108,856909,-1.3,0.5125,0.02914
0.036,0.696,0.189,601517,9.2,1.1277,0.01749
0.032,0.79,0.154,546299,-0.4,0.2575,0.01034
0.023,0.788,0.184,130822,5.5,0.7944,0.01857
0.015,0.347,0.092,408680,4.3,0.6775,0.00885
0.028,0.752,0.082,411308,5.4,0.9426,0.01484
0.002,0.776,0.087,479026,11.4,0.9929,0.04212
0.07,0.52,0.102,393243,-0.9,0.7651,0.0101
0.016,0.165,0.078,874227,3.5,0.5846,0.00733
0.046,0.538,0.199,694239,1.8,0.5881,0.009
0.037,0.327,0.137,348934,1.5,0.6553,0.00964
0.097,0.465,0.082,371329,6.2,1.6905,0.01349
0.037,0.571,0.105,250618,-3.1,-0.0135,0.01563
0.095,0.398,0.134,147331,0.6,1.0215,0.0205
0.096,0.796,0.095,166847,14.2,1.7282,0.12262
0.044,0.483,0.139,122370,0.7,0.4686,0.02103
0.035,0.179,0.152,969798,-0.9,0.2592,0.00887
0.045,0.311,0.165,391216,10.3,1.3647,0.01842
0.057,0.779,0.188,246125,7.4,1.1544,0.02149
0.052,0.557,0.168,284899,4.5,1.0146,0.01194
0.005,0.51,0.124,746748,4.3,0.5501,0.00838
0.031,0.426,0.148,948440,2.7,0.6379,0.00674
0.019,0.399,0.076,843741,9.4,1.1449,0.01858
0.061,0.613,0.168,172452,3.5,0.7234,0.02618
0.093,0.206,0.097,544701,10.3,1.796,0.02528
0.063,0.579,0.071,858167,2.6,1.1223,0.00554
0.02,0.738,0.104,274828,4.0,0.7158,0.00984
0.008,0.261,0.176,783691,3.4,0.3632,0.00784
0.079,0.432,0.071,485863,-3.6,0.5099,0.01437
0.068,0.234,0.144,468696,-2.7,0.3998,0.01333
0.043,0.641,0.097,981221,2.6,0.8848,0.00597
0.024,0.482,0.197,833406,14.6,1.3335,0.03376
0.006,0.226,0.186,305313,3.3,0.3612,0.01137
0.03,0.139,0.19,393290,5.3,0.835,0.01533
0.038,0.744,0.08,513066,9.2,1.3881,0.02921
0.024,0.266,0.1,850910,-4.8,-0.2415,0.00936
0.072,0.611,0.141,496855,-2.4,0.5095,0.01427
0.091,0.55,0.108,826779,-1.0,1.0427,0.00796
0.063,0.743,0.09,742088,-1.4,0.5048,0.02176
0.005,0.178,0.127,575500,7.2,0.9219,0.01265
0.057,0.717,0.153,581815,14.8,1.5942,0.04777
0.046,0.663,0.196,812667,3.2,0.6615,0.01021
0.068,0.152,0.098,848981,-1.1,0.5184,0.02486
0.052,0.211,0.196,655714,-2.2,0.2582,0.01086
0.028,0.749,0.161,797495,2.3,0.5387,0.00779
0.086,0.232,0.108,530975,-1.3,0.6583,0.02641
0.013,0.621,0.086,989706,-2.5,-0.0721,0.00603
0.068,0.334,0.162,461385,9.2,1.4743,0.01811
0.082,0.585,0.164,716276,-4.1,0.545,0.01001
0.042,0.232,0.148,863597,0.9,0.4668,0.00799
0.028,0.624,0.107,693986,11.4,1.3089,0.02445
0.035,0.758,0.179,311139,13.1,1.2886,0.03363
0.074,0.7,0.199,333360,9.6,1.3294,0.02856
0.038,0.178,0.163,100443,5.3,0.9876,0.02456
0.08,0.275,0.077,169194,1.1,0.8873,0.0187
0.003,0.496,0.151,956152,-0.5,-0.0098,0.00634
0.055,0.304,0.141,553550,7.7,1.2836,0.01367
0.02,0.288,0.149,788717,-2.6,-0.0392,0.00763
0.052,0.454,0.087,261730,2.6,0.8988,0.00949
0.062,0.372,0.088,641033,14.5,1.5433,0.05732
0.018,0.589,0.158,584926,-1.4,0.1053,0.0075
0.088,0.528,0.189,741458,-3.3,0.5967,0.0097
0.054,0.694,0.14,720528,6.1,1.1276,0.01366
0.052,0.764,0.117,780060,-3.7,0.0869,0.01879
0.012,0.231,0.161,379726,-3.2,-0.1917,0.00909
0.044,0.734,0.172,933660,5.1,0.8822,0.01142
0.007,0.126,0.101,994930,-0.4,0.0233,0.00478
0.09,0.74,0.126,775121,13.7,1.8687,0.06406
0.0,0.435,0.138,928305,1.8,0.1703,0.00615
0.017,0.684,0.12,503138,-2.7,-0.101,0.00915
0.021,0.364,0.074,631198,-2.5,-0.0254,0.00777
0.036,0.51,0.099,559091,15.0,1.408,0.0526
0.084,0.143,0.143,757135,13.7,1.7102,0.04084
0.051,0.212,0.163,881641,9.3,1.3176,0.01627
0.048,0.338,0.105,658103,8.5,1.3454,0.01268
0.034,0.333,0.103,442405,1.5,0.5942,0.00734
0.087,0.172,0.188,150189,11.3,1.3957,0.05915
0.029,0.728,0.098,409037,14.6,1.2887,0.07167
0.051,0.322,0.18,258536,12.5,1.5072,0.02754
0.066,0.451,0.117,302968,13.8,1.4567,0.05905
0.061,0.533,0.163,584467,13.7,1.5213,0.04202
0.025,0.606,0.16,588918,5.9,0.8885,0.01062
0.026,0.632,0.133,764582,13.3,1.3705,0.02739
0.038,0.511,0.162,781497,11.2,1.3186,0.02124
0.022,0.19,0.188,811113,5.8,0.7596,0.01102
0.035,0.145,0.111,859502,5.9,0.9863,0.01117
0.077,0.316,0.174,863225,-4.9,0.2581,0.0103
0.018,0.368,0.14,339248,5.9,0.9171,0.01188
0.095,0.251,0.084,362110,10.3,1.8997,0.0262
0.065,0.332,0.159,683149,6.5,1.2331,0.01303
0.038,0.274,0.174,577622,7.7,1.1287,0.01385
0.041,0.658,0.078,214065,4.9,0.9852,0.01541
0.095,0.283,0.103,841387,12.4,1.9418,0.02344
0.011,0.635,0.127,328626,-3.1,-0.2573,0.01094
0.009,0.518,0.182,122606,9.0,1.0294,0.02499
0.007,0.376,0.198,190785,12.1,1.0735,0.02927
0.058,0.431,0.096,888524,13.0,1.5536,0.03515
0.06,0.498,0.13,889742,12.6,1.518,0.03315
0.094,0.404,0.181,958039,4.5,1.1462,0.0146
0.091,0.377,0.144,761546,7.9,1.5654,0.01612
0.062,0.396,0.116,753965,12.3,1.5264,0.03158
0.064,0.717,0.11,324241,-2.5,0.1319,0.02879
0.069,0.117,0.181,511380,7.8,0.9723,0.02686
0.08,0.105,0.188,720137,-4.2,0.3477,0.03158
0.001,0.685,0.129,251406,-1.5,-0.1895,0.00978
0.098,0.136,0.162,642717,14.5,1.6998,0.05842
0.092,0.419,0.151,759228,5.0,1.3397,0.0126
0.047,0.382,0.182,189839,8.7,1.3075,0.02151
0.03,0.616,0.16,735348,8.2,1.0747,0.01359
0.04,0.377,0.113,678550,0.6,0.532,0.00618
0.008,0.374,0.17,115732,10.9,1.0714,0.03042
0.1,0.33,0.197,584231,6.6,1.3825,0.02183
0.017,0.527,0.161,326444,-2.0,0.0056,0.00995
0.025,0.271,0.124,556804,13.2,1.3234,0.02925
0.076,0.665,0.09,567617,4.4,1.3783,0.01123
0.047,0.693,0.114,556319,-2.2,0.2336,0.01462
0.019,0.748,0.17,911669,12.5,1.2972,0.0207
0.095,0.533,0.16,602008,8.3,1.616,0.02007
0.089,0.581,0.084,487340,6.0,1.5797,0.01346
0.014,0.709,0.159,419885,1.7,0.3496,0.0084
0.034,0.66,0.155,568908,-4.2,-0.0614,0.01099
0.048,0.665,0.131,395208,-3.0,0.0854,0.0176
0.012,0.479,0.078,609052,7.3,0.8917,0.01565
0.089,0.525,0.182,243916,13.3,1.6812,0.04541
0.046,0.556,0.087,255840,-1.6,0.3049,0.01444
0.051,0.24,0.193,618672,11.9,1.4356,0.02436
0.033,0.255,0.09,462921,4.6,0.8413,0.00985
0.089,0.788,0.144,658573,7.0,1.5279,0.03183
0.091,0.213,0.128,170022,-4.8,0.3935,0.04005
0.006,0.7,0.15,889931,-2.3,-0.1273,0.00649
0.007,0.436,0.173,884950,5.2,0.5543,0.00837
0.099,0.496,0.192,401839,0.3,0.9422,0.01434
0.01,0.767,0.192,321861,14.4,1.1475,0.03738
0.095,0.553,0.07,811284,-0.4,1.1729,0.00765
0.097,0.57,0.152,810941,7.1,1.5685,0.01725
0.001,0.627,0.186,854275,-2.0,-0.1603,0.00757
0.039,0.712,0.149,270311,-4.8,-0.3581,0.0213
0.04,0.175,0.143,244976,2.2,0.7295,0.01299
0.03,0.683,0.111,678488,8.3,1.1528,0.01608
0.013,0.79,0.169,725572,-4.8,-0.3738,0.00972
0.058,0.367,0.143,491866,13.2,1.578,0.03042
0.074,0.274,0.084,940688,6.4,1.393,0.01127
0.036,0.686,0.118,913833,8.1,1.1842,0.01496
0.095,0.388,0.1,282340,3.2,1.3159,0.01362
0.019,0.268,0.145,727723,-1.3,0.0616,0.00676
0.045,0.721,0.129,830656,-3.1,0.1505,0.01238
0.085,0.251,0.186,523885,5.9,1.1865,0.01974
0.064,0.787,0.097,999853,5.4,1.3154,0.01987
0.071,0.572,0.117,664396,0.1,0.9421,0.00806
0.096,0.151,0.144,463159,-4.5,0.4415,0.03709
0.06,0.471,0.131,187775,11.1,1.4718,0.02784
0.085,0.426,0.108,876535,7.7,1.6078,0.01233
0.011,0.172,0.09,672746,8.9,1.0281,0.0166
0.019,0.298,0.138,823639,-1.6,0.0406,0.00659
0.019,0.388,0.15,726565,8.4,1.0909,0.01306
0.071,0.686,0.152,906253,13.6,1.6629,0.04253
0.028,0.439,0.195,690156,2.1,0.4175,0.00839
0.008,0.377,0.096,603102,5.3,0.7109,0.01064
0.03,0.186,0.142,743293,14.6,1.5192,0.027
0.063,0.747,0.106,209973,9.5,1.4522,0.03793
0.039,0.453,0.134,673691,-4.1,0.0436,0.00858
0.078,0.13,0.121,498593,10.2,1.5496,0.02937
0.066,0.531,0.167,337109,8.2,1.3597,0.01759
0.014,0.747,0.173,243417,4.3,0.5506,0.01214
0.086,0.663,0.169,288124,-0.4,0.4727,0.03509
0.064,0.454,0.107,535371,9.5,1.4465,0.02073
0.016,0.357,0.132,490120,0.5,0.2159,0.00676
0.081,0.67,0.163,111656,-4.3,-0.2676,0.04963
0.023,0.758,0.091,266949,11.5,0.8001,0.11213
0.041,0.44,0.082,850107,2.7,0.7835,0.00581
0.055,0.324,0.095,142910,4.1,1.0163,0.01589
0.08,0.18,0.124,295919,13.4,1.7713,0.04518
0.0,0.623,0.183,632431,11.8,1.133,0.01955
0.089,0.606,0.101,835910,-1.6,1.0121,0.00858
0.068,0.577,0.09,898767,-1.3,0.7772,0.00676
0.021,0.292,0.106,227424,11.3,1.1769,0.03169
0.037,0.75,0.082,632115,0.6,0.5219,0.01098
0.026,0.488,0.169,774611,1.8,0.4546,0.00736
0.045,0.366,0.107,839354,5.4,1.0678,0.00856
0.07,0.262,0.141,970786,-4.2,0.2725,0.01018
0.086,0.6,0.165,887949,2.8,1.2219,0.00966
0.06,0.478,0.146,858754,6.7,1.2705,0.01047
0.009,0.59,0.185,976988,5.2,0.5093,0.00828
0.06,0.714,0.101,914132,3.2,1.1231,0.00826
0.008,0.769,0.087,247049,-4.2,-0.4654,0.01275
0.071,0.616,0.135,452901,2.3,1.0693,0.01226
0.023,0.148,0.113,505247,4.2,0.7519,0.01049
0.069,0.742,0.164,118351,10.5,1.4897,0.03495
0.097,0.284,0.082,406090,-0.8,0.8079,0.02629
0.006,0.391,0.119,621615,5.4,0.7463,0.01043
0.024,0.147,0.136,638819,3.6,0.6619,0.01002
0.007,0.576,0.183,161125,2.3,0.3331,0.01459
0.03,0.467,0.187,878057,-2.8,0.065,0.00809
0.082,0.793,0.082,967313,9.6,1.7996,0.04204
0.023,0.739,0.106,803336,6.2,0.9511,0.01202
0.013,0.117,0.184,615793,2.7,0.3248,0.00845
0.014,0.751,0.195,613585,9.7,1.0301,0.01595
0.001,0.563,0.084,490044,1.5,0.2355,0.00607
0.056,0.626,0.182,764099,1.2,0.7412,0.00807
0.057,0.112,0.157,363012,-1.6,0.3907,0.01991
0.065,0.393,0.146,137978,5.9,1.2826,0.02246
0.058,0.384,0.132,420035,13.8,1.5042,0.04273
0.006,0.511,0.181,441545,6.8,0.7982,0.01338
0.051,0.682,0.175,686467,3.7,0.8296,0.01062
0.035,0.25,0.077,560720,-2.7,0.0926,0.00962
0.079,0.695,0.096,604315,9.3,1.5901,0.03574
0.072,0.736,0.12,499015,-3.7,0.0918,0.03037
0.037,0.329,0.151,219613,2.4,0.786,0.01266
0.044,0.587,0.179,484340,11.5,1.3143,0.02638
0.078,0.378,0.176,926515,8.6,1.4971,0.0167
0.084,0.613,0.18,977609,7.6,1.3328,0.02117
0.054,0.641,0.133,832358,9.7,1.3686,0.02106
0.077,0.548,0.093,147333,6.9,1.4471,0.02243
0.031,0.401,0.146,220605,-0.8,0.2443,0.01042
0.041,0.703,0.127,934812,5.9,1.0347,0.01164
0.007,0.398,0.154,976145,7.3,0.8806,0.0111
0.059,0.353,0.137,917571,-2.9,0.3321,0.00841
0.005,0.316,0.18,255094,-1.6,-0.1034,0.01082
0.085,0.512,0.171,166081,2.8,0.7456,0.03799
0.09,0.399,0.136,348772,-0.1,0.909,0.01254
0.047,0.401,0.184,585714,13.7,1.4622,0.0341
0.041,0.549,0.075,715023,0.8,0.6399,0.00487
0.008,0.17,0.1,723305,-3.7,-0.3256,0.00881
0.083,0.317,0.106,148744,7.0,1.5454,0.02552
0.036,0.586,0.102,480600,7.9,1.1371,0.01757
0.019,0.744,0.114,395672,2.8,0.5689,0.00771
0.032,0.153,0.104,767662,9.0,1.2442,0.01329
0.099,0.225,0.116,817802,11.7,1.8385,0.02685
0.015,0.182,0.139,560876,7.9,1.0555,0.01289
0.072,0.787,0.111,448778,11.3,1.6816,0.0478
0.011,0.423,0.113,757067,12.0,1.207,0.02298
0.09,0.577,0.071,582836,-3.0,0.8278,0.01029
0.04,0.244,0.138,690417,13.2,1.5352,0.02221
0.033,0.544,0.127,832921,-1.9,0.2393,0.00664
0.026,0.336,0.13,739221,-2.8,0.0109,0.0078
0.026,0.301,0.115,915852,4.9,0.8747,0.00809
0.099,0.746,0.096,607505,11.4,1.8384,0.0634
0.073,0.114,0.107,422653,7.7,1.3589,0.02672
0.053,0.538,0.188,204069,-4.1,-0.0983,0.0239
0.099,0.464,0.095,378968,-4.7,0.508,0.04522
0.014,0.799,0.074,667407,5.6,0.8094,0.01315
0.024,0.371,0.145,863314,1.1,0.3495,0.00643
0.007,0.12,0.164,652835,4.4,0.4831,0.00892
0.066,0.788,0.104,119183,12.4,1.6124,0.08736
0.057,0.26,0.119,271276,11.1,1.589,0.02293
0.065,0.69,0.153,105750,7.3,1.2818,0.02605
0.073,0.435,0.16,236906,1.6,0.9211,0.01408
0.014,0.77,0.154,380201,11.0,1.1085,0.02137
0.076,0.591,0.186,253733,4.2,0.9675,0.02097
0.088,0.392,0.103,840631,14.2,1.6727,0.06232
0.082,0.725,0.149,288381,8.3,1.4945,0.02873
0.02,0.171,0.101,357589,5.6,0.8259,0.01213
0.069,0.662,0.193,862486,4.6,0.9696,0.01448
0.04,0.425,0.191,194228,8.3,1.1892,0.01974
0.006,0.612,0.097,373585,9.8,1.0249,0.02726
0.025,0.603,0.108,618817,-0.3,0.3244,0.00622
0.077,0.645,0.15,222633,4.9,1.0591,0.02792
0.042,0.2,0.076,319789,3.4,0.7697,0.01129
0.087,0.387,0.14,897170,13.2,1.8706,0.0298
0.018,0.559,0.1,191565,2.6,0.576,0.00959
0.019,0.453,0.135,545188,-1.1,0.1197,0.00709
0.09,0.549,0.172,515785,-0.1,0.9487,0.0117
0.027,0.51,0.111,614686,10.1,1.2027,0.01982
0.016,0.72,0.091,543034,-1.7,-0.0081,0.00802
0.09,0.535,0.125,495399,-2.0,0.87,0.01072
0.083,0.447,0.114,892080,3.9,1.2846,0.00865
0.031,0.376,0.116,964448,-3.9,-0.0453,0.00769
0.035,0.316,0.099,923003,-3.1,0.0656,0.00771
0.099,0.628,0.17,550023,14.6,1.7474,0.06521
0.069,0.156,0.172,917413,10.6,1.4252,0.02645
0.044,0.204,0.181,374981,1.7,0.5484,0.0112
0.05,0.654,0.102,896787,13.7,1.6246,0.03691
0.051,0.353,0.172,258670,9.4,1.3814,0.01996
0.073,0.511,0.091,494815,5.1,1.3885,0.00945
0.02,0.474,0.178,331083,10.1,1.0851,0.01959
0.041,0.796,0.113,596433,-2.3,0.0958,0.01643
0.011,0.139,0.171,666818,14.7,1.3197,0.02892
0.051,0.196,0.141,871935,0.3,0.5103,0.01044
0.027,0.376,0.143,166578,-3.8,-0.201,0.01759
0.013,0.272,0.079,275648,5.5,0.7263,0.01345
0.07,0.689,0.149,610143,9.3,1.4284,0.02578
0.015,0.735,0.084,578022,11.8,1.1846,0.04158
0.011,0.229,0.108,673907,12.5,1.2343,0.0248
0.0,0.591,0.183,333652,0.5,0.0431,0.00964
0.066,0.734,0.087,374872,8.5,1.4769,0.03248
0.069,0.559,0.09,349985,-1.8,0.6072,0.01368
0.044,0.327,0.104,649173,6.8,1.1752,0.01039
0.065,0.14,0.199,671443,-4.2,0.2107,0.01565
0.067,0.348,0.136,294970,9.3,1.5652,0.01949
0.064,0.627,0.194,885176,1.4,0.7842,0.00864
0.075,0.514,0.11,430538,6.2,1.4562,0.01147
0.026,0.749,0.115,754239,12.8,1.4142,0.02743
0.033,0.364,0.195,573433,3.0,0.5314,0.00937
0.093,0.457,0.091,108074,12.0,1.5997,0.0605
0.066,0.166,0.156,202075,8.6,1.3676,0.02911
0.063,0.387,0.133,544174,2.9,0.9708,0.00936
0.018,0.272,0.166,569838,3.0,0.4553,0.00877
0.065,0.679,0.087,182011,1.0,0.5376,0.03386
0.044,0.353,0.185,174113,11.0,1.3788,0.02675
0.02,0.563,0.084,347856,7.6,0.9832,0.02058
0.061,0.776,0.108,954321,10.9,1.6833,0.03184
0.022,0.116,0.142,116221,5.0,0.8161,0.01972
0.034,0.244,0.157,703981,-1.8,0.1707,0.00888
0.094,0.312,0.07,596091,6.7,1.5986,0.01427
0.016,0.432,0.164,405608,4.4,0.6914,0.01076
0.098,0.604,0.157,537907,13.5,1.736,0.05643
0.074,0.646,0.129,805450,12.1,1.6214,0.03872
0.045,0.334,0.175,660253,11.9,1.4561,0.02046
0.075,0.298,0.182,366000,7.9,1.3813,0.02049
0.027,0.677,0.108,738333,-3.2,0.0288,0.0083
0.078,0.113,0.118,297215,-0.0,0.6558,0.02935
0.048,0.696,0.096,210553,-4.5,-0.2804,0.02406
0.067,0.129,0.079,638897,-1.6,0.4361,0.03101
0.022,0.771,0.084,212127,-3.9,-0.3211,0.01485
0.098,0.485,0.175,967831,2.3,1.1097,0.01146
0.075,0.283,0.1,884313,2.3,0.9787,0.01071
0.029,0.368,0.098,490602,-2.0,0.1277,0.0079
0.08,0.422,0.089,745656,0.9,0.9922,0.00821
0.022,0.59,0.108,230990,3.7,0.7247,0.00937
0.064,0.609,0.081,549700,2.7,1.1563,0.0075
0.027,0.629,0.085,943921,14.4,1.4093,0.04556
0.025,0.18,0.108,571510,12.6,1.3583,0.02442
0.019,0.508,0.092,261673,6.0,0.832,0.01514
0.087,0.573,0.187,335467,9.3,1.5056,0.02706
0.049,0.355,0.15,897527,3.4,0.9297,0.00854
0.075,0.634,0.106,196900,7.1,1.4405,0.02048
0.042,0.543,0.088,160007,5.9,1.0883,0.01441
0.042,0.484,0.097,565041,2.6,0.8113,0.00651
0.096,0.194,0.146,994503,3.4,1.0612,0.01586
0.098,0.192,0.195,683024,12.4,1.6124,0.04557
0.084,0.665,0.129,322979,8.9,1.5537,0.02929
0.051,0.222,0.17,769234,12.0,1.496,0.02179
0.072,0.325,0.183,923845,2.1,0.7477,0.01168
0.055,0.48,0.148,638256,6.6,1.2137,0.01084
0.094,0.511,0.129,921726,-4.3,0.6611,0.00869
0.01,0.339,0.117,308183,15.0,1.1527,0.05712
0.073,0.152,0.108,313723,4.1,1.042,0.02066
0.055,0.552,0.177,482345,-4.1,0.2183,0.01095
0.05,0.761,0.193,840111,1.6,0.5949,0.01024
0.076,0.51,0.126,766637,12.2,1.5821,0.03811
0.062,0.469,0.105,700341,4.2,1.1649,0.00787
0.012,0.778,0.111,116050,5.1,0.7212,0.01516
0.053,0.402,0.097,646652,10.4,1.4125,0.02278
0.023,0.329,0.159,224145,-0.4,0.189,0.01044
0.015,0.212,0.121,492561,8.8,1.0813,0.01478
0.098,0.5,0.174,263774,11.2,1.7335,0.03398
0.067,0.256,0.142,284713,-0.2,0.6088,0.01422
0.059,0.783,0.144,901612,9.3,1.4735,0.02389
0.093,0.624,0.103,916108,-0.1,1.2469,0.00873
0.0,0.647,0.2,995401,14.1,1.2368,0.02414
0.09,0.511,0.114,979353,7.4,1.6234,0.01355
0.084,0.731,0.162,344137,6.7,1.3929,0.02463
0.042,0.266,0.182,186594,11.4,1.4154,0.02924
0.081,0.112,0.165,182285,9.9,1.3765,0.04367
0.029,0.222,0.117,410454,10.9,1.3107,0.01882
0.095,0.436,0.109,624619,-4.5,0.5916,0.01163
0.041,0.274,0.088,119384,-2.0,0.1101,0.02256
0.097,0.32,0.086,910156,10.7,1.908,0.01779
0.039,0.165,0.075,584717,12.7,1.4732,0.02976
0.049,0.327,0.139,618971,0.8,0.554,0.00798
0.051,0.784,0.169,373293,4.2,0.9326,0.01373
0.058,0.231,0.195,842581,3.0,0.782,0.01129
0.014,0.369,0.148,498962,-3.6,-0.1937,0.00884
0.009,0.617,0.138,968436,9.3,1.0873,0.01406
0.059,0.189,0.071,151585,-0.9,0.4736,0.0257
0.079,0.15,0.177,733563,9.4,1.1862,0.02893
0.018,0.517,0.178,208407,2.9,0.5275,0.01269
0.074,0.127,0.172,846317,7.0,1.0281,0.02194
0.026,0.194,0.109,342909,13.3,1.3,0.03532
0.048,0.471,0.073,438760,1.8,0.7832,0.00659
0.04,0.502,0.195,333059,9.3,1.1613,0.01942
0.021,0.618,0.156,769744,13.0,1.3143,0.02441
0.029,0.445,0.104,673018,-2.7,0.0727,0.00741
0.013,0.8,0.109,617329,4.7,0.7008,0.0096
0.09,0.249,0.173,646908,-3.0,0.4731,0.01341
0.079,0.465,0.089,641884,4.5,1.3726,0.00886
0.041,0.631,0.139,795125,-2.1,0.3538,0.00724
0.01,0.512,0.093,572485,-2.4,-0.138,0.00713
0.008,0.586,0.195,440107,0.3,0.1174,0.00921
0.082,0.307,0.154,655864,-4.2,0.3896,0.01165
0.011,0.451,0.172,729833,8.6,1.086,0.01393
0.044,0.217,0.176,595481,12.8,1.4692,0.02468
0.034,0.41,0.122,854366,5.2,0.9711,0.00821
0.039,0.753,0.151,704825,1.5,0.6382,0.00728
0.019,0.526,0.096,444058,11.0,1.2012,0.02845
0.093,0.745,0.073,163274,-1.5,0.4229,0.05221
0.071,0.638,0.171,250465,8.7,1.3808,0.02338
0.066,0.718,0.163,895658,-4.5,0.0795,0.01844
0.037,0.145,0.187,972975,4.4,0.7317,0.01095
0.04,0.335,0.09,446045,-1.3,0.3105,0.0083
0.002,0.154,0.196,484909,14.5,1.1575,0.03342
0.033,0.269,0.154,626256,0.9,0.3778,0.0076
0.099,0.512,0.195,161440,-2.3,0.1477,0.05006
0.01,0.534,0.171,791060,7.2,0.8853,0.01156
0.021,0.48,0.159,241356,0.8,0.3196,0.01024
0.0,0.702,0.129,634056,9.9,1.0549,0.01723
0.022,0.153,0.085,310942,-4.3,-0.3495,0.03
0.092,0.446,0.072,310467,11.3,1.4048,0.06643
0.004,0.739,0.154,972458,1.3,0.1799,0.00653
0.072,0.377,0.169,957157,6.0,1.2539,0.01204
0.029,0.372,0.133,942544,9.9,1.2424,0.01516
0.014,0.418,0.153,440332,7.1,0.9879,0.01318
0.035,0.178,0.194,237634,8.3,1.1011,0.0222
0.055,0.654,0.137,552678,13.6,1.5244,0.04081
0.082,0.789,0.157,259239,0.7,0.6527,0.03715
0.097,0.609,0.189,955379,-2.5,0.7862,0.01024
0.077,0.146,0.172,229969,8.1,1.2921,0.03014
0.008,0.278,0.109,444008,12.5,1.1662,0.03024
0.076,0.239,0.154,954247,0.5,0.6945,0.01157
0.001,0.48,0.097,884434,-3.9,-0.4364,0.00797
0.056,0.659,0.114,753512,-4.5,0.2582,0.01044
0.025,0.691,0.105,458315,-2.6,-0.0412,0.01106
0.043,0.377,0.109,843112,11.5,1.4116,0.02247
0.091,0.779,0.075,657700,13.1,1.6862,0.11996
0.021,0.757,0.193,741532,-2.6,-0.0457,0.00784
0.038,0.121,0.179,616725,9.9,1.1607,0.02174
0.082,0.447,0.073,814026,2.3,1.1859,0.00695
0.049,0.214,0.109,736414,13.4,1.5974,0.0259
0.068,0.38,0.181,183243,1.8,0.9284,0.01612
0.034,0.265,0.186,709087,10.6,1.2901,0.0167
0.058,0.117,0.175,238426,-3.6,0.2264,0.02506
0.028,0.68,0.083,928598,-2.2,0.1966,0.00648
0.071,0.368,0.101,329149,6.8,1.4411,0.01472
0.091,0.169,0.197,988228,-4.4,0.3563,0.02328
0.084,0.398,0.118,455909,-4.9,0.4102,0.01442
0.092,0.164,0.162,505302,-0.6,0.6311,0.02759
0.003,0.225,0.179,889878,14.4,1.2621,0.02575
0.087,0.766,0.119,794954,2.4,1.0793,0.03199
0.05,0.721,0.142,870410,-1.0,0.4732,0.01054
0.093,0.752,0.097,541536,1.3,0.92,0.04496
0.085,0.632,0.164,513390,6.3,1.3548,0.01834
0.055,0.578,0.182,727933,-1.9,0.4657,0.00829
0.057,0.714,0.143,110257,12.4,1.4425,0.04888
0.065,0.5,0.156,228420,-1.0,0.5502,0.01608
0.038,0.59,0.107,338615,5.2,0.9983,0.01057
0.084,0.562,0.104,536991,14.3,1.666,0.06955
0.002,0.534,0.147,331994,7.5,0.9305,0.01578
0.074,0.785,0.187,653536,0.7,0.6407,0.02006
0.099,0.357,0.194,727787,9.1,1.6002,0.02509
0.036,0.412,0.179,685434,-3.7,0.0364,0.00904
0.048,0.781,0.125,322569,9.9,1.3793,0.02846
0.001,0.286,0.104,281102,10.7,1.0193,0.03489
0.06,0.341,0.086,807734,3.3,0.9871,0.008
0.094,0.743,0.166,782192,11.8,1.7442,0.0481
0.022,0.51,0.116,119681,-1.9,-0.1745,0.01807
0.013,0.396,0.15,213724,9.7,1.0275,0.02104
0.085,0.557,0.1,887857,5.7,1.5217,0.01021
0.007,0.707,0.133,782103,0.7,0.176,0.00607
0.024,0.285,0.179,191616,9.5,1.1877,0.02173
0.088,0.164,0.126,568873,2.8,0.9784,0.02072
0.003,0.479,0.145,437544,2.6,0.2986,0.00819
0.001,0.758,0.141,559041,12.3,1.1304,0.02299
0.062,0.253,0.124,858393,8.4,1.4004,0.01373
0.071,0.772,0.149,970678,0.7,0.7603,0.01943
0.0,0.745,0.113,180744,0.3,0.0692,0.01161
0.034,0.475,0.074,507711,11.8,1.1768,0.06226
0.014,0.669,0.106,829940,6.0,0.8315,0.01097
0.023,0.263,0.169,430689,6.1,0.9975,0.01338
0.044,0.262,0.071,589294,8.2,1.2629,0.01597
0.061,0.359,0.098,343973,-0.7,0.5927,0.01
0.098,0.485,0.181,701065,2.7,1.129,0.01277
0.099,0.302,0.105,491594,0.4,0.9663,0.01461
0.067,0.449,0.126,907393,9.9,1.5269,0.01788
0.059,0.608,0.093,347613,6.3,1.2479,0.01524
0.0,0.103,0.108,440428,10.2,1.0167,0.0242
0.091,0.152,0.144,294694,9.1,1.4563,0.03379
0.09,0.543,0.094,655825,6.8,1.6181,0.01371
0.066,0.221,0.17,923127,5.1,1.0717,0.0129
0.056,0.252,0.082,136579,5.4,1.121,0.01952
0.003,0.719,0.098,293828,9.4,0.9648,0.0294
0.029,0.233,0.104,778226,10.6,1.3129,0.01787
0.014,0.437,0.199,327147,9.7,1.0447,0.01918
0.067,0.33,0.12,782349,14.4,1.6198,0.04589
0.093,0.793,0.171,997632,8.5,1.6188,0.03602
0.059,0.1,0.142,190641,-1.6,0.415,0.02404
0.1,0.607,0.149,707903,6.9,1.5968,0.01916
0.075,0.571,0.097,672537,8.1,1.4378,0.02314
0.098,0.747,0.141,567512,8.6,1.6525,0.03941
0.096,0.231,0.083,562824,2.5,1.1368,0.01812
0.001,0.12,0.166,594337,14.9,1.2081,0.03354
0.006,0.28,0.093,904248,14.0,1.2776,0.03142
0.013,0.302,0.181,367225,10.0,1.0903,0.01809
0.042,0.268,0.14,653768,14.2,1.5346,0.03075
0.071,0.26,0.146,303832,13.4,1.802,0.03195
0.044,0.703,0.119,103789,14.4,1.2942,0.09781
0.074,0.345,0.167,156046,7.3,1.4441,0.02667
0.018,0.296,0.089,234722,9.2,1.0633,0.02664
0.006,0.753,0.155,273435,2.4,0.3182,0.01002
0.022,0.563,0.078,787309,5.8,0.8729,0.01192
0.001,0.467,0.147,115296,5.5,0.7803,0.01853
0.085,0.241,0.136,617538,0.1,0.75,0.01381
0.026,0.419,0.145,183306,12.6,1.1797,0.03629
0.063,0.403,0.145,945860,9.3,1.4942,0.01376
0.002,0.572,0.112,840864,14.3,1.2637,0.03
0.074,0.183,0.096,489008,14.0,1.9009,0.0316
0.046,0.702,0.102,282531,5.8,1.0999,0.01453
0.029,0.491,0.073,124075,2.7,0.6149,0.01495
0.014,0.535,0.195,561662,-4.6,-0.2391,0.0096
0.055,0.592,0.095,273723,0.8,0.6473,0.01688
0.077,0.757,0.13,781128,-2.3,0.384,0.02877
0.068,0.676,0.141,912815,13.3,1.6496,0.0401
0.073,0.622,0.084,682819,-3.5,0.6022,0.00986
0.041,0.485,0.141,126958,-2.2,0.0049,0.02416
0.065,0.366,0.071,179153,1.6,0.8732,0.01104
0.085,0.513,0.182,508912,4.8,1.2153,0.01381
0.034,0.449,0.162,510862,7.9,1.1134,0.01296
0.055,0.393,0.076,530649,8.0,1.3258,0.01794
0.029,0.698,0.08,666639,5.0,0.91,0.01221
0.029,0.587,0.084,109466,0.6,0.1687,0.01801
0.089,0.407,0.154,331636,-4.9,0.4372,0.01529
0.02,0.116,0.19,537851,-1.5,0.0344,0.00854
0.062,0.284,0.125,770134,12.3,1.6974,0.01875
0.086,0.453,0.083,933604,-3.4,0.637,0.00853
0.016,0.18,0.19,497086,-1.5,0.0025,0.00878
0.099,0.577,0.148,454856,-1.1,0.8259,0.01856
0.07,0.71,0.102,728675,8.0,1.463,0.02606
0.067,0.221,0.087,623191,3.9,1.042,0.01292
0.06,0.167,0.188,154300,-0.0,0.5489,0.01819
0.024,0.708,0.17,866480,3.7,0.5812,0.00844
0.008,0.115,0.097,202897,3.1,0.5199,0.01023
0.017,0.736,0.145,625845,8.4,1.0141,0.01397
0.058,0.27,0.132,109189,3.6,0.971,0.02037
0.01,0.125,0.154,758196,-2.9,-0.1794,0.00709
0.053,0.114,0.09,570101,4.6,0.9502,0.01556
0.084,0.737,0.128,746160,6.5,1.4447,0.02536
0.025,0.153,0.155,866514,4.1,0.6673,0.00957
0.026,0.764,0.12,862971,11.5,1.3652,0.02152
0.082,0.47,0.194,973117,13.4,1.7062,0.04105
0.066,0.539,0.138,557598,9.1,1.4288,0.01886
0.085,0.322,0.147,755225,-3.6,0.4746,0.01083
0.062,0.286,0.09,214658,5.8,1.2281,0.01679
0.069,0.61,0.191,380125,2.2,0.805,0.01448
0.08,0.248,0.109,480383,5.8,1.3104,0.01548
0.015,0.787,0.092,411498,3.3,0.5965,0.0083
0.039,0.788,0.164,829775,8.1,1.1451,0.01538
0.008,0.79,0.181,605126,-3.3,-0.2049,0.00833
0.004,0.232,0.168,565745,11.4,1.1303,0.01893
0.006,0.14,0.11,187732,-0.8,-0.0688,0.01129
0.063,0.641,0.099,485073,2.1,0.9867,0.01262
0.014,0.56,0.149,478958,4.0,0.6222,0.00917
0.083,0.556,0.181,180719,3.8,0.7702,0.03889
0.078,0.799,0.127,664536,1.3,0.881,0.03039
0.092,0.669,0.146,209783,-2.8,0.1578,0.04692
0.014,0.517,0.073,407612,0.9,0.3424,0.00566
0.024,0.402,0.104,294124,6.1,0.9196,0.01195
0.007,0.558,0.134,262510,9.2,0.9706,0.02064
0.079,0.472,0.119,518572,6.4,1.4837,0.01171
0.056,0.158,0.199,349586,1.6,0.5481,0.01425
0.029,0.201,0.184,683949,-4.0,-0.0722,0.00981
0.043,0.773,0.174,183320,-2.2,-0.074,0.02519
0.073,0.651,0.092,102242,11.9,1.6665,0.07903
0.098,0.628,0.085,743213,11.1,1.7561,0.05263
0.027,0.287,0.18,121445,11.1,1.2826,0.03127
0.069,0.232,0.075,719649,5.9,1.2781,0.01244
0.07,0.502,0.089,102841,3.2,0.8301,0.03846
0.08,0.154,0.196,796895,13.2,1.5153,0.04699
0.033,0.194,0.104,344113,5.6,0.9261,0.01309
0.069,0.157,0.185,442532,-4.9,0.228,0.02768
0.097,0.515,0.165,291831,6.9,1.5424,0.02065
0.097,0.545,0.182,890968,-3.4,0.697,0.00935
0.047,0.568,0.092,636631,-0.8,0.5467,0.00688
0.099,0.311,0.074,802099,8.2,1.7521,0.01503
0.03,0.636,0.192,559716,7.5,0.9712,0.01395
0.076,0.392,0.105,739232,3.8,1.1948,0.00916
0.061,0.515,0.176,542550,6.8,1.2207,0.01342
0.053,0.172,0.166,873077,6.1,1.0706,0.01346
0.071,0.651,0.124,159729,-2.2,0.0741,0.03812
0.087,0.455,0.181,714125,10.2,1.6515,0.02398
0.05,0.33,0.188,105098,-0.7,0.3552,0.01967
0.047,0.568,0.142,415948,1.6,0.7575,0.00896
0.016,0.763,0.104,238679,3.9,0.6676,0.01007
0.045,0.712,0.142,393393,14.1,1.449,0.04509
0.036,0.287,0.126,750541,-3.9,-0.0065,0.00879
0.02,0.462,0.119,435246,13.1,1.2417,0.03356
0.089,0.429,0.136,588172,8.1,1.6185,0.01563
0.09,0.201,0.118,201217,6.3,1.4115,0.02766
0.069,0.436,0.151,834814,0.2,0.7331,0.00853
0.039,0.746,0.097,834549,2.2,0.8238,0.00644
0.054,0.378,0.107,434552,0.7,0.6929,0.00756
0.004,0.475,0.081,466304,-1.6,-0.1795,0.00649
0.004,0.759,0.124,302844,8.8,0.9366,0.01998
0.095,0.458,0.082,761092,6.0,1.6289,0.01071
0.042,0.575,0.197,986143,-3.7,0.1431,0.00789
0.015,0.177,0.198,607330,-4.8,-0.2674,0.00905
0.03,0.551,0.105,797802,10.5,1.2761,0.02035
0.064,0.504,0.124,688019,9.8,1.4491,0.02109
0.078,0.504,0.112,676421,3.3,1.2688,0.00798
0.081,0.452,0.078,502760,1.2,1.067,0.00861
0.079,0.534,0.191,646326,11.7,1.5814,0.03465
0.044,0.135,0.167,127690,5.9,1.0052,0.02434
0.042,0.18,0.19,499462,12.2,1.3521,0.02697
0.044,0.667,0.195,792619,1.8,0.5559,0.00897
0.039,0.405,0.091,750555,-0.6,0.3936,0.00653
0.038,0.191,0.125,465226,6.7,1.0686,0.01408
0.005,0.148,0.152,857692,6.7,0.7809,0.0106
0.032,0.331,0.196,899165,4.9,0.7827,0.00974
0.067,0.132,0.146,912653,14.5,1.6763,0.03817
0.037,0.682,0.14,775062,6.4,1.0131,0.01147
0.038,0.114,0.076,525499,2.8,0.6474,0.01266
0.018,0.221,0.108,284771,-2.2,-0.0665,0.00909
0.043,0.206,0.095,572343,13.4,1.5007,0.03165
0.061,0.569,0.075,698675,12.0,1.5693,0.04214
0.038,0.351,0.191,809934,-2.0,0.1733,0.00895
0.042,0.179,0.083,741595,3.5,0.7912,0.00925
0.014,0.335,0.125,235043,-4.0,-0.3622,0.01368
0.052,0.516,0.175,743299,13.1,1.4708,0.03365
0.067,0.627,0.178,878896,5.8,1.0957,0.01429
0.042,0.154,0.109,433341,10.9,1.4554,0.02191
0.013,0.301,0.1,328864,10.7,1.1239,0.02884
0.026,0.59,0.171,125487,-2.7,-0.294,0.02511
0.091,0.225,0.181,675127,-0.4,0.6265,0.0151
0.069,0.32,0.093,796895,2.4,0.9585,0.00971
0.08,0.665,0.085,903582,9.8,1.657,0.03403
